:02000004800278
:2000000073646820737468A0036568CA0BC30030009000000000000000000000000000006A
:20002000912000F8D9FFC872DC0F0090000000003256FF0626003B00FEFF3FF617000F65DF
:2000400010308B0602601745802600903256FF0618003B00FEFF3FF60F000F6500308B0685
:200060000260174580260090A2F63705C13F0F6510200090A2F682030F6500200090DA2049
:200080007FF60700174580360F6400200090A2F682020F6400300090820C822D3C13075776
:2000A000FFCF8755BFDFCE57460546048B1480408B05A050CE77460746068B1680608B076E
:2000C000A07082028203820082013A260B2700F26E023C4F0B6430F10B7500F20B75A0F26F
:2000E0006E04024002513C453A640B7500F26E0382123C3F3B0004E00B6030F10B7100F2CF
:200100000B71A0F2DE1087559FFF06116701801F8B1FE0060248025906156745805F061456
:20012000C2FE3CEB0284029506F067101F0006F1C21E82087AE86E1D87559FFF06116701E8
:20014000801F8B1FE0060B60C0A00B71D0B007BB9FFF06156745805F061406136723803F27
:200160008B1FE0266E0302A002B1C2183FE8E67F76C7460346028B1280208B03A030DF2D2E
:200180000B00071DE0FF76F7460146008B1080008B01A010009091000027D9220830092656
:2001A000400900706D00573E6D000405912000FF39FF04C8370FE1F35E1E912000FF39FFDC
:2001C00004C816075E58910000F7D9FF0000DA0134FF3C26912000FF39FF04C8370F61F362
:2001E0005E1E912000FF39FF04C816075E38910000F7D9FF0000DA0234FF3C12912000FFAF
:2002000039FF04C8AE7D912000FF39FF04C81607EE07910000F7D9FF0000DA0034FF9120CB
:2002200000FF39FF04C8370FE1F35E17912000FF39FF04C816071E5E912000FF39FF04C82B
:20024000370F61F3DE12912000FF39FF04C816075E3C912000FF19FF00C83BE0FB0F260FBF
:20026000912000FF59FF00C83C010090D9AAA80F913000F8D9FF141A09F438296D00991272
:20028000913000F8D9FF141A09F400396D00911282246D00C22E8209820A3C29538A20F0ED
:2002A000913000F8D9FFECD910FF54F8820B3C14DA2003FB0AF860F4DA20913000F8D9FFD7
:2002C000141A09F0382903F90A403B0002506D002C14C219C21B538A20F0913000F8D9FFE0
:2002E000ECD910FF481F3FFBE5FFC21A913000F8D9FF08BA54FF3FFAD3FF913000F8D9FF87
:200300005CE949FF000A49A2000AC504337044FF642FFC4E8200913000F8D9FF141A09FF7C
:20032000382960FF91300028D922141A092F001960F291300048D944141A094F1C29C2CFC6
:2003400060F454FF54217E14B04FB0423C0EC2103B301FF03FF004803B301F00534020F088
:2003600010A5F452B04FB042012430F4EEEB19AF4CF0EE163B5062F09B4F02F059AF50F066
:20038000DA0059AF54F07B00F04A6D0066117B00F04AD9A450F03B8000506D00C61300904B
:2003A000DA008230EE0C3C01910080FF19FF100282110F011010261FEEF83C023C040D00C7
:2003C00080043C01DA008210EE0C3C01910080FF19FF100282110F011010261FEEF83C0253
:2003E0003C040D0080043C016D00ED2802246D005327913000FF39FF20169602913000FFDA
:20040000E9FF20163C013C006D00DD2802246D000D29009082F03C118F801F10144FC6F064
:200420008FF00FF1534F20F0913000F8D9FF0CBA10FF54F0C610B014024FC2F4EEEE82F2F0
:20044000C6023C0100903B4002406DFFE5FF3C010090544F745F4C416C514C426C524C4392
:200460006C534C446C544C456C55094FD808AC5C094FDA08AC5D4C476C574C486C584C4955
:200480006C590090604402546DFFC6FF3C010090205049A4000A6D005E01DF120B80DA0086
:2004A000ACAC5807C21F780749A4000A6D00EA010090910000F7D9FF040054F23C010090CF
:2004C000205049A4000A6D004601DF12058009A224093C0382023C010090F6447B20000846
:2004E0003C037B000108B70008FC7B00001AA61F8B0F02F060FC8B0002F060FF54FF1EF6F9
:200500008B0002F060FF54FFEE031D00F9004DC0E2FF3C010D00400300003C016D003F2819
:20052000022802846D009026910080FF39FF29229680910080FFE9FF2922910080FF39FFB4
:200540002D229680910080FFE9FF2D2202846D00462882014DC0E1FF8F7F00213C019130F1
:2005600000FFD9FF004653C220F010FF54F037006E018FF083313C01913000FFD9FF0046F2
:2005800053C220F010FF54FF2E1B8F2320F0960154F0370070088F002100A6F074F08F23E3
:2005A00020F0960254F0370070088F002100A60F74FF3C0154FF1601DF1FFE7FDA00761343
:2005C00082003C028210370F81F0CD0F04090D00C004913000FFD9FF004653C220F010FF46
:2005E00054FF2E1B8F2320F0960154F0370070088F002100A60F74FF86238F3340F154F05B
:20060000370070088F002100A60F74FF3C0154FF6F0FFF7F0D00C00482017617DA00960175
:20062000CD4F20090D00C0044DC0E1FF8F7F00213C01913000FFD9FF004653C220F010FF39
:2006400054F037006E018FF083313C01913000FFD9FF004653C220F010FF54FF2E1B8F23E0
:2006600020F0960154F0370070088F002100A6F074F08F2320F0960254F0370070088F005A
:200680002100A60F74FF3C0154FF1601DF1FFE7FDA00761382003C028210370F81F0CDCFE7
:2006A00020090D00C004913000FFD9FF004653C220F010FF54FF2E1B8F2320F0960154F0F5
:2006C000370070088F002100A60F74FF86238F3340F154F0370070088F002100A60F74FF2C
:2006E0003C0154FF6F0FFF7F0D00C0040D0080040D00C0042D0C00003C013C000090205089
:20070000024F0258EE047B2000483C037B000148EE047BE000503C037B0001506DFFB4FE90
:20072000022949A4000A6D001600DF121380EE0689A9080989A810093C0589A90C0989A856
:2007400014095807C21F780749A4000A6D009A0000902028404C9100F0FA9100F0DA49DD5F
:20076000004A8208820954F0BB505AFA9BAFA5F57E0740F46DFF69FE488F7E22821854D0D2
:20078000BB505AFA9BAFA5F57E0D49A5000A40D46DFF61FE49A4000A6DFF57FE58087E22FC
:2007A0008219DF082400DF092200487F09D01C093F0F10803B80024040C440F56D002F2DE7
:2007C00049C4280A3B80024040D56D00282D3C0C40D440C56DFF3FFE49C4280A3B800240C0
:2007E00040D56D001C2D82123C1F768E3B80024040C440F56D00132D49C5280A40C46DFFA8
:200800002AFE82123C11769E40D440C56DFF23FE49C4280A3B80024040D56D00002D821296
:200820003C0382023C0100902050024849A4000A6DFF91FFDF12128089A80409DA00ACAC88
:200840005807C21F780749A4000A6D001B00910000F7D9FF040074F800902050024F49A44C
:20086000000A6DFF78FFDF120C806E025E1978095807C21F780749A4000A6D0003000090F0
:200880006D0004003C01009020A0404549A4000A3B0005406D00C32C49A4000A6DFFD5FDCD
:2008A00089A2200949A4000A49A5280A6DFFD3FD3B0005807B00F04A6D00CF0EDA00821066
:2008C000EE0C3C01910080FF19FF100282110F011010261FEEF83C023C040D0080043C016D
:2008E0007B00F04A49A4000A02856D00B50F3B0010409B04F04A49A4004A02856D00AC0F4A
:20090000DA008210EE0C3C01910080FF19FF100282110F011010261FEEF83C023C040D0081
:2009200080043C0149A4101A6DFF15FFDF120D8049A4101A49A5000A3B8002406D00622CDA
:20094000F62382123C0382023C0100909140004FD944000A3B8000403B0008506D005720A1
:20096000914000FFD9FF000A7B1000F08F8F20F06CF13C01009091000047D944F4C23B40CC
:20098000064082556D00C729F62C914000FFD9FF000ADA0882109B1000000FF01000681063
:2009A0000090910000FFBCF16D004021913000FF39FF3506160F4B0F41F14BF251F03C01FD
:2009C0003C014B0F3121910000F7D9FF5CA0BB0010FE9B5F5FF04BF201020B00000889F0F4
:2009E0004009910000F7D9FF5CA0BB0068F99B8F09F04BF201020B00000889F04809910065
:200A000000F7D9FF5CA03B90D0F3066F4BF201020B00000889F05009910000F7D9FF5CA087
:200A20003B50C3F0065F4BF201020B00000889F05809910000F7D9FF5CA03B0071F24BF2AF
:200A400001020B00000889F06009910000F7D9FF5CA03B803EF04BF201020B00000889F08D
:200A60006809910000F7D9FF5CA0DA644BF201020B00000889F07009910000F7D9FF5CA0CA
:200A8000DA0A4BF201020B00000889F07809910000F7D9FF5CA0531220F00BF0000889F0D8
:200AA0004019910000F7D9FF5CA053A220F00BF0000889F04819910000F7D9FF5CA05342AE
:200AC00026F00BF0000889F050190090913000F8D9FFCCF909F040090B0410F10B1580F251
:200AE000EE08913000F8D9FFCCF909F240093C274DC0E2FF370FE1F78B0F20F23C010D0001
:200B0000400300003C013C0185F010008203020285F12C008200A620A6313C01913000F853
:200B2000D9FFCCF909F24009262026316E030D0000033C010B4040200B5150303C013C0178
:200B4000913000F8D9FFCCF909F040090B0210F10B1380F2EE03DA003C294DC0E2FF370FFB
:200B6000E1F78B0F20F23C010D00400300003C013C0185F010008205020485F12C008200B4
:200B8000A640A6513C01913000F8D9FFCCF909F44009264026516E030D0000033C010B20D9
:200BA00050F10B3100F20B1390F23C016ECA0090201891000047D94474B049A5000A6D006B
:200BC000FD2BDF022B0009AFC0083BF07D003E0609AFC0083BC07400FE01910000F7D9FF27
:200BE0003C0054FF6E0A910000F7D9FF3C00D4FF49A4000A2D0F00003C10910000F7D9FFA0
:200C0000380054FF6E0A910000F7D9FF3800D4FF49A4000A2D0F000091000047D9446CC012
:200C200049A50C0A6D00CA2B762549A40C0A6D007C000090910000F7D9FF3C00F4F4009023
:200C400082003C1B53C020F0910000F7D9FF080010FF09FFC2083BF07D103E1D53C020F019
:200C6000910000F7D9FF080010FF09FFC2083BC074107E123C01C210913000F8D9FF4CBA76
:200C800009FFC0083FF0E07F82003C3D53C020F0910000F7D9FF200010FF09FFC2083BC07C
:200CA00075107E123C2FF64B53C020F0910000F7D9FF200010FFDA002CF43C24DF140C80E8
:200CC00053C020F0910000F7D9FF200010FFDA012CF43C18DF240C8053C020F0910000F7D9
:200CE000D9FF200010FFDA022CF43C0CDF340B8053C020F0910000F7D9FF200010FFDA037C
:200D00002CF4C210913000F8D9FF4CBA09FFC0083FF0BE7F0090404591000047D9446CC0D8
:200D20006D00292B00902010404F09F4C0086D00CB00BF02560053C220F091000027D922B7
:200D4000200010220C241E3A53C220F091000027D922200010220C245E1382123C4391004A
:200D60000027D922E8A049243C0A6D00B91A762382023C380820083F8F8F20F0A6F0084FBB
:200D80008F0F21F0A6F0085F8F8F21F0A6F00861087F8F8F20F0A6F1088F8F0F21F0A6F150
:200DA000089F8F8F21F0A6F149A2000A09F2C008DA08742289A0060989A10A092CA4DA0077
:200DC0002CAE3C01910000F7D9FFE8A049F43C0A49A5000A6D00D81ADA205F2FF57F8212AA
:200DE0003C010090DA003E44DA043E4D3C16914000FFD9FF400B82407B1000F00F0F10F0C1
:200E00006CF13C0C914000FFD9FF400B8240DA010F0F10F06CF13C023C010090DA003E4AB5
:200E2000DA01BE4BDA025F4F2D00DA045F4F35003C48914000FFD9FF008A8230DA010F0FF5
:200E400010F06CF1914000FFD9FF008A8220DA010F0F10F06CF13C36914000FFD9FF008A67
:200E600082307B1000F00F0F10F06CF1914000FFD9FF008A8220DA010F0F10F06CF13C2242
:200E8000914000FFD9FF008A82207B1000F00F0F10F06CF13C17914000FFD9FF008A823051
:200EA0007B1000F00F0F10F06CF1914000FFD9FF008A82207B1000F00F0F10F06CF13C0234
:200EC0003C01009082F282003C0D53C020F0910000F7D9FF200010FF09FFC2087E420202BE
:200EE000C210913000F8D9FF4CBA09FFC0083FF0EE7F3C01009020100D00000282093C4CFE
:200F0000530921F0910000F7D9FFE8A010FFD9F4BC006D00B919DF123D80530921F09100F9
:200F200000F7D9FFE8A010FFD9F4BC0091000057D955D8A06D00001ADA405F2F2B00910049
:200F400000F7D9FFD8A054FF3BF07D803E89910000F7D9FFD8A054FF3BC07480FE8A9100D5
:200F600000F7D9FFD8A054FFB4AF49A4020A91000057D955D8A0B0653B8000406D00D52972
:200F800091000047D94474B049A5000A6D00F329C21937096890913000F8D9FF4CBA09FF05
:200FA000C0083FF9AFFF0D004002008020100D000002910000F7D9FFE8A0D9F43C016D0016
:200FC0006319DF124280910000F7D9FF68D0820082018202DA0874F089F1060989F20A0964
:200FE0002CF4DA002CFE910000F7D9FF64D091000027D922E8A0D9243C0191000057D955AE
:2010000068D06D009919B4F2910000F7D9FF68D054FF3BB02B80FE88910000F7D9FF68D034
:2010200049FF000A49A2000AA03444FF642FFC4E910000F7D9FF78D0D9F424806D004101AD
:20104000F6236D00BB070D004002008082003C06014000F6DA552CF8C2103B0020F03FF0DF
:20106000F9FF00902020404C405F8218DA007802DA00780314FF37F90894081F37F908906C
:2010800009FFC408FF8F5C80DA003C0610A23B5005003420C21FBF8FFBFF09FFC40834AF80
:2010A000DA003C0A10A210F40940480889200108C21F370F68F009F0C4083F0FF5FFDA00AF
:2010C0007802DA00780382003C0C01A000F614F15802538020200F210010A61F7802C2101D
:2010E000BF40F5FFDA003C0D10AF084009A10C09538F20200F200000A60189A10C09C21FFC
:20110000BF4FF4FF580209A00C0949AF100A3B80001074F989AF160989A01A0989A1140883
:20112000DA0089AF1E083C0149A5100A40C46D002B19DA205F2FFA7F1D00C00009FFC408CB
:20114000868F8B0F01F034AF09FFC4082CA1DA003C0810A210F40940480889200208C21F6A
:20116000BF6FF9FFDA007802DA00780382003C0C01A0002614215802538020200F2100102D
:20118000A61F7802C210BF40F5FFDA003C0E10A20920440809A10C09538F20200F200000F0
:2011A000A60189A10C09C21FBF4FF3FF580209A00C0949A2100A3B800010742989AF16098C
:2011C00089A01A0989A11408DA0089AF1E0849A5100A40C46D00D81882146D00FE00DA06FB
:2011E000ACF3DA212CF3DA003C0510A282003420C21FBF8FFCFF3C5B083F34AF82003C0DDD
:2012000001A0002609FFC60810F40C482C2109FFC608C21FACF3C210BF70F4FFDA007802EE
:20122000DA00780382003C0C01A0002614215802538020200F210010A61F7802C210BF40D6
:20124000F5FFDA003C0E10A20920440809A10C09538F20200F200000A60189A10C09C21F78
:20126000BF4FF3FF580209A00C0949A2100A3B800010742989AF160989A01A0989A1140800
:20128000DA0089AF1E08083F3BF002003F0F0580DA202CF33C04083FC21F2CF349A5100A27
:2012A00040C46D00711882146D00970009FFC60809F0C4083F0FA2FF02823C010090200897
:2012C00082125802370F68043440370F68F02C4109A00E09DA003C0810AF538F20105700E9
:2012E000681134F1C21FBF4FF9FF09A0120982013C0901A100F6538120F0570068FF2CF483
:20130000C211BF41F8FF14AF86CF2C420C42EE1514AF160FAC42DA003C0A104F10A20920FC
:2013200041082880AC43C21F370F68F00940C4083F0FF5FF82023C4E0C42DE1714AF160FBE
:201340008F8F20000CA1A6F089408408DA003C07104F10A2092042082880C21FBF6FFAFF66
:20136000DA06AC4382223C360C42DF2F3180094FC4080940C608A20F370F7000FF801680C4
:2013800082013C0F094FC608104F01A100260C212CF8094FC608C21FAC43C2113701681068
:2013A0003F01F2FF82023C1282003C0D094FC608104F01A000260C212CF8094FC608C21FBB
:2013C000AC43C210BF70F4FF82223C040C425E3282423C010090910000F7D9FF5CA009F082
:2013E0006809820702460B0110486DFF0BF6913000F8D9FFCCF909F040090B0210F10B1316
:2014000080F2EE08913000F8D9FFCCF909F440093C274DC0E2FF370FE1F78B0F20F23C0170
:201420000D00400300003C013C0185F010008205020485F12C008200A640A6513C019130D1
:2014400000F8D9FFCCF909F44009264026516E030D0000033C010B2040400B3150503C0152
:201460003C01913000F8D9FFCCF909F040090B0410F10B1580F2EE03DA003C294DC0E2FFD7
:20148000370FE1F78B0F20F23C010D00400300003C013C0185F010008203020285F12C00CB
:2014A0008200A620A6313C01913000F8D9FFCCF909F24009262026316E030D0000033C01DB
:2014C0000B4050F10B5100F20B1590F23C016ECA3C0100902020404C405F0CC982103E0C32
:2014E00082205F0F260082305F0FC70082405F0FE1001D00E00009CFC408BF3F0A8009C4C8
:2015000048083B30015040F46D003E063C0F91000027D9220010DA00342FDA502CF80CC96C
:201520002CF9822440F46D0045061D00CC000CCA3B000100FE0B91000027D9220010DA0152
:20154000342FDA502CF80CC92CF90CCA2CFA91300027D922FCFD0C212CFB142F2CFC825473
:2015600040F46D0027061D0087000CCA3B000A005F0F218091000027D9220010DA00342FCF
:20158000DA502CF80CC92CF90CCA2CFABB302BFB91300027F92FFCFD91300027D922FCFD11
:2015A0000C212CFB142F2CFC825440F46D0002063C620CCA3B000F005F0F5E809100F02A38
:2015C000542FEE036DFF54F69120002AD9220008092FC008EE349120002A192F000874AF93
:2015E00054AFBBA0550A7E03DA003C28BB0000489B14004A6D00DD0882003C07534020F0B9
:2016000010A2DA00742FC210BF80FAFFBBA055FA74AFBB0000489B14004A49A4000A3B0096
:2016200002506D00820A9120002A192F0008BBA0550A7E03DA003C02DA033C02DA02EE14E8
:2016400091300027D922FCFDDA502CF80CC92CF9DAF02CFA0C212CFB142F2CFC825440F4AD
:201660006D00A8053C0809C448083B30015040F46D008A053C2709CFC408BF3F0A8009C4A7
:2016800048083B30015040F46D007E053C1191000027D9220010DA01342F0CC88B0F04F06A
:2016A0002CF80CC92CF9822440F46D0083053C0A3C0909C448083B20015040F46D006405DF
:2016C0003C010090404F405C09FFC408BF3F098008843B30015040C46D0056053C25088FAB
:2016E0008B0F04F02CC8089F2CC9822440C46D006105089F82103E0482303E0C3C0E9140BD
:2017000000FFD9FF000A8270DA010F0F10F06CF13C0B6DFF47F63C0808843B20015040C430
:201720006D0032053C0100902008404F405C08CF8F0F210008DF8F8F20F042F008EF42F0DF
:2017400074A09100F02A542F54A0FE0691000027D92254A0DA002C24DA0078017B00F04A76
:201760006D007B077B00F04A49A4000A3B8000506D0072083C1591000027D92254A0DA0109
:201780002C24DA0178017B00F04A6D0066077B00F04A49A4000A3B8000506D005D0809FF85
:2017A000C408BF9F0A8008843B30015040C46D00EB041D00B7000890DA0C5F0F9300DAF1AF
:2017C0003E031D00A80008A0DA86BE01DA875F0F3000DA885F0F3A00DA895F0F4400DA8ABA
:2017E0005F0F4E00DA905F0F58003C7308BF82203E023C16088F8B0F04F02CC8089F2CC99E
:2018000008AF2CCA08BF2CCB08CF2CCC08DF2CCD08EF2CCE827440C46D00CC043C080884B6
:201820003B30015040C46D00AF043C013C5908BF82203E023C023C0808843B30015040C47F
:201840006D00A2043C013C4C08BF82203E023C023C0808843B30015040C46D0095043C01F6
:201860003C3F08BF82203E023C023C0808843B30015040C46D0088043C013C3208BF822069
:201880003E023C023C0808843B30015040C46D007B043C013C2508BF82203E023C12DA10CF
:2018A0002CC8DA0A2CC9088F8B0F04F02CCA089F2CCB08AF2CCC825440C46D007B043C08E9
:2018C00008843B30015040C46D005E043C013C0808843B20025040C46D0056043C013C21CE
:2018E00008AF82403E023C0E088F8B0F04F02CC8089F2CC908AF2CCA824440C46D005A04EE
:201900003C0808843B20025040C46D003D043C013C0808843B20025040C46D0035043C01F7
:2019200000902008404F405CDA0074AFDA00780191000027D9220010DA01342F40C46DFF03
:2019400087FB089F8FFF0081089F16F086CF49F40A0A49A5000A02846D00B404022901F835
:20196000002649240A0A49A5040A02F46D00AA04A6298E9808843B30015040C46D000404FD
:201980003C0754A409A504096D00350402298E9808843B10035040C46D00F6033C1BDA6332
:2019A0002CC809AFC408C21FACC254AF60F282003C079A1010CF142F2CF8B012C210580169
:2019C0003FF0F9FF09CFC408370F684040C46D00F1033C010090404F405C089F82204B0F4E
:2019E0000102DA003E15DA015F1F2E003C4A09FFC408BF5F098008843B30015040C46D0076
:201A0000C3033C20088F2CC8089F2CC908AF08A46D006F043E2D08BF08B46D006A043E280B
:201A200008843B50035040C46D00AE033C0B910000F7D9FF0810DA0134FF822440C46D0036
:201A4000B9033C2609FFC408BF3F098008843B30015040C46D0098033C13088F8B0F04F045
:201A60002CC8089F2CC96D00470489C20A086D00430489C20B08824440C46D009B033C0896
:201A800008843B20015040C46D007E033C010090094FC408BF4F0A80094448083B3001503A
:201AA00040546D0071033C620C4982303E023C560C4A82103E0A8220BE0B82305F0F2C0053
:201AC00082405F0F36003C41910000F7D9FF0010DA0134FF0C488B0F04F02C580C492C5965
:201AE0000C4A2C5A823440546D0064033C36910000F7D9FF0010DA0034FF0C488B0F04F01B
:201B00002C580C492C590C4A2C5A823440546D0051033C230C488B0F04F02C580C492C59E1
:201B20000C4A2C5A823440546D0044033C160C488B0F04F02C580C492C590C4A2C5A8234A7
:201B400040546D0037033C09094448083B20015040546D0019033C013C09094448083B2025
:201B6000025040546D0010033C010090404F405C08AF8F8F200008BF42F009FFC408FF2F17
:201B80000A8008843B30015040C46D00FD021D00B50009FFC408BF9F0A8008843B3001502D
:201BA00040C46D00F1021D00A900089F82113E131D009D00BB00F0FF5F0F398008CF8F8FF0
:201BC000200008DF42F0FF200A8008843B20025040F46D00D9021D009100538020F091301C
:201BE0000028D922141A102254246D00E20537026850DF05178040C46DFF2AFADA712CC857
:201C0000DA013C0810C210F40940480889200808C21FBF6FF9FF826440C46D00CB023C0511
:201C2000088440F46D00B0023C60BBA0DFFE5F0F2F8008CF8F8F200008DF42F0538020F0C3
:201C400091300028D922D4F9102254246D00050537026850DF05178040C46DFFF9F9DA7199
:201C60002CC8DA013C0810C210F40940480889200808C21FBF6FF9FF826440C46D009A022F
:201C80003C05088440F46D007F023C2F3B3020F05F0F2C8091000027D9220410DA01342F50
:201CA000DA712CC8DA013C0810C210F40940480889200808C21FBF4FF9FF913000F7B9FF47
:201CC000FCFD8F8F3F0089C00C082CCD912000F809FFC0088F8F3F0089C00E082CCF3B806D
:201CE000004040C46D0066023C0808843B20015040F46D0049023C010090094FC408FF3F34
:201D00000A80094448083B30015040546D003C023C5E0C493BF00F003FF053800C4A3BF0F5
:201D20000F003FF04E80094FC408FF9F42800C4B3BF00F003FF03580910000F7D9FF081026
:201D400014FFDF1F2680DA016E1BDA016E110C488B0F04F02C580C49160F2C590C4916F04E
:201D600086CF2C59826440546D0024023C08094448083B00075040546D0006023C0809446F
:201D800048083B20025040546D00FE013C08094448083B30035040546D00F6013C0809441E
:201DA00048083B10035040546D00EE013C08094448083B30015040546D00E6013C0809442F
:201DC00048083B10035040546D00DE010090404C405D820482050CC98FFF00810CC916F0B0
:201DE0008FCF3F9082003C088F8400409A2010CF088F42F4C2103F80F9FF82003C0D8F85CF
:201E00002010370170109A28420F10CF088F42F137017050C2103F90F4FF91000027D922DF
:201E2000B4E082003C0A012000469A28429F420F10CF088F344FC2103F50F7FF913000F8E2
:201E4000D9FF141A54FF3FF41980913000F8D9FF141A09FF14397FF41180910000F7D9FFE5
:201E600054A0DA0234FF91000047D944B4E06D005C06370268F03C02DA02EE1D40D46DFFD1
:201E8000E7F89A28429FACD282003C0801D0002601C000F6088F2C28C21009DFC4083FF02E
:201EA000F7FF0CD88B0F04F02CD8826440D46D0081013C1F40D46DFFCBF8DA7F2CD8DA01F7
:201EC0003C0910D210CF087089200808C21F370F68F009D0C408C2103F0FF57F0CC88B0FA5
:201EE00004F0370F68403B40025040D46D004C010090094FC408BF3F0A80094448083B3021
:201F0000015040546D0040013C1A0C49EE0C0C488B0F04F02C580C492C59822440546D00A2
:201F200049013C0D0C493B0008007E023C08094448083B20015040546D0026010090094F59
:201F4000C408BF3F0A80094448083B30015040546D001A013C310C4982103E048220BE03BF
:201F60003C23910000F7D9FF0C10DA0134FF0C488B0F04F02C580C492C59822440546D0091
:201F800019013C1A910000F7D9FF0C10DA0034FF0C488B0F04F02C580C492C5982244054CE
:201FA0006D0008013C09094448083B20015040546D00EA003C0100908208910000F7D9FF7B
:201FC00078D039F02C80DA105F0F2200DA115F0F2F00DA225F0F3C00DA235F0F4900DA2787
:201FE0005F0F5500DA285F0F6100DA315F0F6D00DA345F0F7900DA3D5F0F8500DA3E5F0FE2
:202000009100DA855F0F9D001D00AA00910000F7D9FF78D0D9F42480910000F7D9FF78D03D
:2020200049F51C0A6DFF58FA1D00AB00910000F7D9FF78D0D9F42480910000F7D9FF78D0F5
:2020400049F51C0A6DFF40FB1D009B00910000F7D9FF78D0D9F42480910000F7D9FF78D0FC
:2020600049F51C0A6DFF62FB1D008B00910000F7D9FF78D0D9F42480910000F7D9FF78D0CA
:2020800049F51C0A6DFF4FFC3C7B910000F7D9FF78D0D9F42480910000F7D9FF78D049F56F
:2020A0001C0A6DFF9AFC3C6C910000F7D9FF78D0D9F42480910000F7D9FF78D049F51C0A2B
:2020C0006DFFE8FC3C5D910000F7D9FF78D0D9F42480910000F7D9FF78D049F51C0A6DFF86
:2020E00047FD3C4E910000F7D9FF78D0D9F42480910000F7D9FF78D049F51C0A6DFFFFFD85
:202100003C3F910000F7D9FF78D0D9F42480910000F7D9FF78D049F51C0A6DFF5AFE3C30EF
:20212000910000F7D9FF78D0D9F42480910000F7D9FF78D049F51C0A6DFFDDFE3C21910045
:2021400000F7D9FF78D0D9F42480910000F7D9FF78D049F51C0A6DFFF4FE3C12910000F7B7
:20216000D9FF78D049F41C0A910000F7D9FF78D039F42C803B2002506D0006003C0102827A
:202180003C0100904045DA03345FDAAA2C51DA03AC52DA7F2C588954090889550A08910055
:2021A00000F7D9FFE8A0D9F40C116DFF5DF700904045DA03345FDAAA2C51FF640580DA06D0
:2021C000AC523C03895484083C08015400F6DA552CF8C21437046840095FC4083FF4F7FF61
:2021E000910000F7D9FFE8A0D9F40C116DFF3CF700900243025F82027B0000073F03198057
:20220000BBF0FF0D9B2000073F30138082404B03110276138F124021423FC2FFBBF0FF0D9C
:202220009B2000077FF004808F2240213C48913000F8D9FF141A54F03F031E80913000F8B7
:20224000D9FF141A09F014393F30168082404B03110276138F124021423FC2FF913000F884
:20226000D9FF141A09F01439C2F03F0F04808F2240213C25913000F8D9FFD4F954F03F0337
:202280001D80913000F8D9FFD4F909F03C193F30158082404B03110276138F12402142F30E
:2022A000C2F3913000F8D9FFD4F909FF3C197F3F04808F2240213C038F1240213C0100904C
:2022C000DA008200BF141180FF540F80DA003C07104F14F18F8000004210C21F3F4FFA7F92
:2022E000745082023C038F2F40213C01009002423C010090A0046D000520370268406D00D6
:20230000FC1F8208DAFF6D00E71FC20FC21F4BF201024218370868203C0100906D009A1DC8
:202320000090910000F7D9FFE4C2D4FF484F3C01910000F7D9FFF46074FF910000F7D9FFD9
:20234000F46091000027D922F4600920040952006820910000F7D9FFF4606CF1910000F779
:20236000D9FF101091000027D922DC905420A20F74FF910000F7D9FF101054FFBB00350CDF
:202380003F0F5280910000F7D9FFDC9091000027D922DC90542FBB00350C420F74FF91005E
:2023A00000F7D9FFE09091000027D922E090542FC21F74FF6DFFF8EE910000F7D9FFE090C2
:2023C00054FF3B803E004B0F1102DF012D80910000F7D9FFEC903B3012F0B4FF910000F733
:2023E000D9FFEC90DA012CF2910000F7D9FFEC90DA012CF3910000F7D9FFEC90DA012CF4E3
:20240000910000F7D9FFEC90DA012CF5910000F7D9FFEC90DA012CF691000047D944EC909A
:202420006DFF83F400906D00BA1802246D0063176D00C91802246D00A2174DC0E2FF3C0118
:202440000D00400300003C016D00CC1B6D00E21D6D001F1C6D00901B6DFF7AF23BF07D40AF
:202460003BC074503BC075606D00E62C910000F7D9FFE8909130002F192F101674FF910014
:2024800000F7D9FFE49091000027D922E890542F16018B0F20F234FF6DFFFCEF910000F776
:2024A000D9FFE4C2D4FF484F3C01910000F7D9FFDC9074FF0D0000033C056DFF34FF6DFF5C
:2024C0005CF23CFC0090910000F7D9FF381054FF6E2F910000F7D9FF381054FF910000F7CB
:2024E000D9FF181010F48204910000F7D9FF381054FF8B0F02516D00C41E910000F7D9FFBB
:20250000141054F491000047D94418106D008401F629910000F7D9FF3810DA0074FF8202A8
:202520003C09910000F7D9FF3810DA0074FF82123C0100909100014791200058D95512D30B
:202540003B0010406D006B1E910000F7D9FFF89091000127F4F2910001474944004A912012
:202560000058D9551AE33B0010406D00581E910000F7D9FFF890910001274922004AE8121A
:2025800091000147D944008091200058D9551CC33B0010406D00431E910000F7D9FFF8906E
:2025A00091000127D9220080E82291000147D94400C091200058D95504E33B0010406D0011
:2025C0002E1E910000F7D9FFF89091000127D92200C0E83291000147D944400091200058FA
:2025E000D95500F33B0010406D00191E910000F7D9FFF89091000127D9224000E8429100F4
:202600000147D944404091200058D9557EA23B0020406D00041E910000F7D9FFF8909100DB
:202620000127D9224040E85291000147D94440C091200058D955B0623B0020406D00EF1D6A
:20264000910000F7D9FFF89091000127D92240C0E8623C01009002486D00B51702294DC00C
:20266000E2FF370FE1F78B0F20A23C010D00400300003C0102946D000F16DA019110F0FAA7
:20268000D9FF909A9110F02AD922989A9110F04AD944A8AA9110F05AD955A8AA74F8742F8C
:2026A000DA80744FDA50745F0D00800402946D00BD1776A30D00000382023C01009091305D
:2026C00000FFD9FF303654FF370F6EF18FFF83813C01913000FF19FF30366F1F12008F2861
:2026E00020F09601913000FF19F03036370070088F002100A60F913000FF59FF30368F28BB
:2027000020F09602913000FF19F03036370070088F002100A60F913000FF59FF30363C0113
:20272000913000FF19FF30361601DF1FFB7F910000F7D9FFF890D4FF82152D0F000091307D
:2027400000FF19FF30366F1F12008F2820F09601913000FF19F03036370070088F00210070
:20276000A60F913000FF59FF303686288F3840F1913000FF19F03036370070088F002100F2
:20278000A60F913000FF59FF30363C01913000FF19FF30366F0FFC7F910000F7D9FFF890AA
:2027A000C81F820482352D0F00003C01009002484DC0E2FF370FE1F78B0F20F23C010D00A0
:2027C000400300003C016DFFB7FE910000F7D9FFF890C85F02842D0F00006E030D00000306
:2027E000910080FF39FF13026F2F1180910080FF39FF1102AE3B910080FF39FF1102AE46BA
:20280000910080FF39FF11022E5382F23C0382023C0100900248404C910000F7D9FFF8901A
:20282000C86F3B000250028440C42D0F000082003C0C600F01F800F614F101C000F614FF17
:202840003E1382023C07C210DA203FF0F4FF82123C0100900248404C913000FFD9FF30363D
:2028600054FF370F6EF18FFF83913C01914000FFD9FF000ADA018F8F20F06CF1DA008210FD
:20288000EE0C3C01910080FF19FF100282110F011010261FEEF83C023C040D0080043C018D
:2028A000DA084BF511A2820C3C76DA0803FC0AD89100F0FAD9FF5455B70D18007B0000FAF3
:2028C0007E04DA5074FF3C0CB70D18007B00F0FA7E04DA5D74FF3C040D0080043C01DA003C
:2028E0008210EE0C3C01910080FF19FF100282110F011010261FEEF83C023C040D008004D8
:202900003C01532C20F0534F20F010CF54F0532C20F0C21F534F20F010CF54FF76D19100EA
:20292000F0FAD9FF707574F0B04F74FF0D00800402946D00B1149110F0FAD9FF909A911093
:20294000F02AD922989A9110F04AD944A8AA9110F05AD955A8AA74FDDA00742FDAA0744F50
:20296000DAAA745F0D00800402946D005F16DA008210EE0C3C01910080FF19FF1002821187
:202980000F011010261FEEF83C023C040D0080043C01C21C3FAC8BFF914000FFD9FF000A8B
:2029A0007B1000F08F8F20F06CF182023C0100900248404C913000FFD9FF303654FF370F53
:2029C0006EF18FFF83C13C01DA204BF511A2820D1D00A700DA2003FD0A98910000F7D9FF4D
:2029E000F890C82F02942D0F0000910000F7D9FFF890C81F820482352D0F0000820E3C2052
:202A0000910000F7D9FFF890C83FDA0882404B0E110203FD0AF0534F20F010C25425DA08DE
:202A200082404B0E110203FD0AF0C21F534F20F010C2542602942D0F00008B8E00E0DA20CA
:202A40003FFEE0FF913000FF19FF30366F1F12008F2C20F09601913000FF19F030363700B4
:202A600070088F002100A60F913000FF59FF30368F2C20F09602913000FF19F03036370032
:202A800070088F002100A60F913000FF59FF30363C01913000FF19FF30361601DF1FFB7FD1
:202AA000910000F7D9FFF890C84F02942D0F0000913000FF19FF30366F1F12008F2C20F09C
:202AC0009601913000FF19F03036370070088F002100A60F913000FF59FF30368F2C20F0D3
:202AE0009603913000FF19F03036370070088F002100A60F913000FF59FF30363C0191307E
:202B000000FF19FF30366F0FFC7F910000F7D9FFF890C81F820482352D0F0000C21D3FAD2C
:202B20005BFF3C0100900248404C0259914000FFD9FF000ADA018F8F20F06CF14DC0E2FF37
:202B4000370FE1F78B0F20F23C010D00400300003C016DFFF1FC910000F7D9FFF890C86F69
:202B6000028440C402952D0F00006E030D000003914000FFD9FF000A7B1000F08F8F20F01C
:202B80006CF1910080FF39FF13026F1F1180910080FF39FF1102AE3B910080FF39FF1102BD
:202BA000AE46910080FF39FF11022E5382F23C0382023C0100900248404C0259820A9100F3
:202BC00000F7D9FF381054F0BF109780910000F7D9FF141054F0910000F7D9FF381054F1FF
:202BE00042105F083380910000F7D9FF381054F08B00024102956D00E200022B910000F714
:202C0000D9FF381054FF910000F7D9FF181010F440C502B46D00031B910000F7D9FF1410EB
:202C200054F491000047D94418106DFFF5FDF62482021D00C30042BA42B8910000F7D9FFFD
:202C40003810DA0074FF3C58910000F7D9FF141054FF8B0F02F07F8F09806DFF36FCF62499
:202C600082021D00AB003C48910000F7D9FF141054FF8B0F02B0A28B0BB910486D009F000C
:202C8000022C8B0B02F1910000F7D9FF381054F07FF03180910000F7D9FF18108B0B00F162
:202CA00010FF49F4200A40C502C46D00B81A3FB91980910000F7D9FF141054F4910000475F
:202CC000D94418106DFFA8FDF62382023C7642CA42C8910000F7D9FF3810DA0074FF3C09FF
:202CE000910000F7D9FF3810A29B8B0B02F174FF3C0382023C623C1301CA004602846DFF40
:202D00008BFDF629910000F7D9FF3810DA0074FF82023C538B0A02A08B0802808B0A02F031
:202D20007FF9ECFF7F9A2B80910000F7D9FF381054FFEE24910000F7D9FF141074F89100DE
:202D400000F7D9FF38105AA974FF82003C0A910000F7D9FF181001F000F6DA0034FFC210D0
:202D6000DA203FF0F6FF91000047D944181001CA00560BA980406D00521A910080FF39FF62
:202D800013026F1F1180910080FF39FF1102AE3B910080FF39FF1102AE46910080FF39FF24
:202DA00011022E59910000F7D9FF3810DA0074FF82023C0382123C0100907F5404800242C5
:202DC0003C0302523C010090913000FFD9FF004654FF370F6EF18FFF83813C01913000A786
:202DE000D9AA408B0D0080043B0098F0CD4FE00F0D00C0044D00E0FFB70F14F0CD0FE00F94
:202E00000D00C00482117617DA009601CD4F20090D00C0044DC0E1FF8F7F00213C01913020
:202E200000FFD9FF004653C220F010FF54F037006E018FF083313C01913000FFD9FF004609
:202E400053C220F010FF54FF2E1B8F2320F0960154F0370070088F002100A6F074F08F23FA
:202E600020F0960254F0370070088F002100A60F74FF3C0154FF1601DF1FFE7FDA0076135A
:202E800082003C028210370F81F0CDCF20090D00C004913000FFD9FF004653C220F010FF81
:202EA00054FF2E1B8F2320F0960154F0370070088F002100A60F74FF86238F3340F154F072
:202EC000370070088F002100A60F74FF3C0154FF6F0FFF7F0D00C00482114DC0E1FF8F7F80
:202EE00000213C01913000FFD9FF004653C220F010FF54F037006E018FF083313C01913047
:202F000000FFD9FF004653C220F010FF54FF2E1B8F2320F0960154F0370070088F002100C8
:202F2000A6F074F08F2320F0960254F0370070088F002100A60F74FF3C0154FF1601DF1FCD
:202F4000FE7FDA00761382003C028210370F81F0CD0F04090D00C004913000FFD9FF0046F0
:202F600053C220F010FF54FF2E1B8F2320F0960154F0370070088F002100A60F74FF8623B4
:202F80008F3340F154F0370070088F002100A60F74FF3C0154FF6F0FFF7F0D00C004913055
:202FA00000FFD9FF004654FF2E1B8F2820F0960154F0370070088F002100A60F74FF8F2878
:202FC00020F0960254F0370070088F002100A60F74FF3C0154FF1601DF1FFE7F91A000F833
:202FE000D9FF000880FFCD4FE20F0D00C004919000F8D9FF000080FFCD0FE20F0D00C00486
:20300000913000F7D9FF80CB80FFCD8FE20F0D00C004913000FFD9FF004654FF2E1B8F2807
:2030200020F0960154F0370070088F002100A60F74FF8F2820F0960354F0370070088F003C
:203040002100A60F74FF3C0154FF6F0FFF7F91000000D900000091000010D9110000910015
:203060000080D988000091000090D9990000913000F7D9FFC00B91300027D922C00DA0042D
:20308000802080FFA2F0DA404BF0114282003C1E80FFB70F1CF08F4F1F1080FFBBF0FF2F45
:2030A0000662262F06AFA6F1F606CD81E30F0D00C0043C0274419AD47E05CDC1E30F0D0089
:2030C000C00440F449FF001AC2103F40E3FFDA00744F6D007812022F02846D000C1102F498
:2030E0006D004D116DFF1CF902846D00AD1102F46D00EF11912000F8D9FF6602DC0F00900C
:20310000200840BF3C0180F2370368F4B75F08F037F30834370468F037F308304DC0E1FFED
:2031200016073C013703680837F003F037F308383C0189A2400909A0400900A00D00400275
:2031400000800090200840BF3C0180F2370368F4B74F08F037F30834370468F037F308309A
:203160004DC0E1FF16073C013703680837F003F037F308383C0189A2400909A0400900A097
:203180000D00400200800090200840BF3C0180F2370368F4B73F08F037F30834370468F07D
:2031A00037F308304DC0E1FF16073C013703680837F003F037F308383C0189A2400909A0DE
:2031C000400900A00D00400200800090200840BF3C0180F2370368F4B72F08F037F30834F7
:2031E000370468F037F308304DC0E1FF16073C013703680837F003F037F308383C0189A2FD
:20320000400909A0400900A00D00400200800090200840BF3C0180F2370368F4B71F08F03A
:2032200037F30834370468F037F308304DC0E1FF16073C013703680837F003F037F30838BE
:203240003C0189A2400909A0400900A00D00400200800090200840BF3C0180F2370368F460
:20326000B70F08F037F30834370468F037F308304DC0E1FF16073C013703680837F003F02A
:2032800037F308383C0189A2400909A0400900A00D00400200800090200840BF3C0180F24C
:2032A000370368F4B77F08F037F30834370468F037F308304DC0E1FF16073C0137036808FE
:2032C00037F003F037F308383C0189A2400909A040090D00400200800090200840BF3C0104
:2032E00080F2370368F4B76F08F037F30834370468F037F308304DC0E1FF16073C013703CC
:20330000680837F003F037F308383C0189A2400909A040090D004002008000909100F0FA3C
:20332000D9FF5455B70418F07B00000A7E05DA5074FF82023C0EB70418F07B00F00A7E051B
:20334000DA5D74FF82023C050D00800482123C0100909110F0FAD9FF909A9110F02AD922C9
:20336000989A9110F04AD944A8AA9110F05AD955A8AA74F47425DA80744FDA50745F0D003E
:203380008004009076419100F0FAD9FF707574F5B04F74F60D0080040090F64C3C01910027
:2033A00080FF19FF100282100F501000260FEEF83C0382123C050D00800482023C01009052
:2033C0009110F0FAD9FF909A9110F02AD922989A9110F04AD944A8AA9110F05AD955A8AAC3
:2033E00074F4DA00742FDAA0744FDAAA745F0D0080040090DA010F4F00F06C470090404F38
:20340000405C823440F46DFFF7FF484F89CF0609485F89CF0A09083F160F3C012CC4486073
:20342000370068FC2E53DA003C02DA1237007D00325F0FF010003C0174C0009009421C09A7
:203440003C010090404F405C09FF5C086F3F2E0040F440C56DFFD5FF4878370868F02E240A
:203460003B0008903C18370868F06F3F13003B00089040F440C56DFFC4FF4870370068F04B
:20348000AE37370068F0AE248F0950913C013C033B001090370868F02E47824440F46DFFA4
:2034A000ABFF8F0948913C033B00049002923C010090404F405C820809F05D086F001A00E6
:2034C0003B000280910000F7D9FF3C1091000027D9223C105420C21074F0910000F7D9FF7A
:2034E0003C1054F03B803E103F10038082083C3791000027D9223C1082007420825440F445
:203500006DFF7AFF09CF06096CF409CF0A096CF509FF5B08370FE1F28B0F20F23C0154C0B2
:203520006E0382013C033B200110486F0F100000370F1DF06CF609C04408083F370F04F0CB
:203540002CF3823440F46D000E00825440F46D000A003B80004040F46D00050002823C0104
:203560000090DA018B0401000F0F00F06C470090404F405C820809FF5D082E043B000280EE
:203580003C373B90004040F46DFF36FF09CF06096CF409CF0A096CF53B90004040F46DFF9A
:2035A000E2FF09F05B083700E1028B0020F23C0154C06E0382013C033B200110486F0F1051
:2035C0000000370F1DF06CF609C04408083F370F04F02CF3823440F46DFFC5FF825440F45D
:2035E0006DFFC1FF3B80004040F46DFFBCFF02823C010090404C405F0258C82408CF370475
:20360000685002F46D00030AC82408C402856D00360A0CCC09F05008370F03F02CCC8212A8
:203620003C010090405F0258C82408CF09F55008A64502F46D00EB09C82408C402856D00BD
:203640001E0A82123C01009002483B000490DA108B8F0000C2103B8000308204821A3B802A
:2036600000B04B056111BBD0CC2C9BC2D4234B214120821C3C404B0C41114B1851D04B059D
:2036800061114B1D51104B0131E1F6E23C364B0E41114B1D51D04B0561116B0131FD820134
:2036A0004B1F01F0AE064B0561F16B0F311D3C074B0561F16B0F31FD67FFBF1F7F3E030000
:2036C0003C1C3FE018004B1201F016068B0F20F26E1102C402EB0212DA143FEF0C00BBD04C
:2036E000CCFC9BCFDCF34BF101F0370F61F06E023C04C21C7FC9C17FF6459A197EC302942A
:2037000002EBF6457F3E0400821402EB4B0661F1BBA099099B90E1034B0F41503B000180E7
:2037200002893C1C9A193B007102E2F04BB001220B6280000B00C0014B0041114B1501F0AE
:20374000370F61F16E0402984B0041517F620600DA107E923C013C04C2F9FF39E57FDA0356
:20376000C2FF7E94DA107E8282385A8B92F3DA087F3F04003B800030FF23030082233B00D4
:2037800000249BC2612482153C143B007102E2504BB00102A2700B00C0014B0041114B1286
:2037A0000110370161F16E04025A4B004121C2157F53ED7FDA00C2F437046800370F06F06F
:2037C000C2FA370A6800370F02F3C2F837086800370F04F4C2F337036800370F03F6820092
:2037E000370F81F76C44009002483B000490DA108B8F0000C2103B8000308204821A3B8014
:2038000000B04B056111BBD0CC2C9BC2D4234B214120821C3C404B0C41114B1851D04B05FB
:2038200061114B1D51104B0131E1F6E23C364B0E41114B1D51D04B0561116B0131FD820192
:203840004B1F01F0AE064B0561F16B0F311D3C074B0561F16B0F31FD67FFBF1F7F3E03005E
:203860003C1C3FE018004B1201F016068B0F20F26E1102C402EB0212DA143FEF0C00BBD0AA
:20388000CCFC9BCFDCF34BF101F0370F61F06E023C04C21C7FC9C17FF6459A197EC3029488
:2038A00002EBF6457F3E0400821402EB4B0661F1BBA099099B90E1034B0F41503B00018046
:2038C00002893C1C9A193B007102E2F04BB001220B6280000B00C0014B0041114B1501F00D
:2038E000370F61F16E0402984B0041517F620600DA107E923C013C04C2F9FF39E57FDA03B5
:20390000C2FF7E94DA107E8282385A8B92F3DA087F3F04003B800030FF23030082233B0032
:2039200000249BC2612482153C143B007102E2504BB00102A2700B00C0014B0041114B12E4
:203940000110370161F16E04025A4B004121C2157F53ED7FDA00C2F437046800370F06F0CD
:20396000C2FA370A6800370F02F3C2F837086800370F04F4C2F337036800370F03F66C4EB8
:20398000009002483B000490DA408B0F0200C2103B8000308204821A3B8000B04B056111BC
:2039A000BBD0CC2C9BC2D4234B214120821C3C404B0C41114B1851D04B0561114B1D511091
:2039C0004B0131E1F6E23C364B0E41114B1D51D04B0561116B0131FD82014B1F01F0AE061D
:2039E0004B0561F16B0F311D3C074B0561F16B0F31FD67FFBF1F7F3E03003C1C3FE018003D
:203A00004B1201F016068B0F20F26E1102C402EB0212DA143FEF0C00BBD0CCFC9BCFDCF396
:203A20004BF101F0370F61F06E023C04C21C7FC9C17FF6459A197EC3029402EBF6457F3E02
:203A40000400821402EB4B0661F1BBA099099B90E1034B0F41503B00048002893C1C9A19F0
:203A60003B007102E2F04BB001220B6280000B00C0014B0041114B1501F0370F61F16E04F7
:203A800002984B0041517F620600DA407E923C013C04C2F9FF39E57FDA03C2FF7E94DA4000
:203AA0007E8282385A8B92F3DA207F3F04003B000230FF23030082233B0000249BC26124AE
:203AC00082153C143B007102E2504BB00102A2700B00C0014B0041114B120110370161F1AE
:203AE0006E04025A4B004121C2157F53ED7FDA00C2F437046800370F06F0C2FA370A680062
:203B0000370F04F4C2F837087000370F06FBC2F337036800370F05F88200370F81F76C442D
:203B20000090534420F060FF9140003F30F3D93280483C010090370668F037FF08F8370515
:203B40006800370F08FC37046800370F08F0894F04793C01094F45786F0FFEFF00902010F0
:203B6000F4A4405CD4C2F4424CC1D4A26C2109CFC808AC24DA00892F0A09D42FD4FDD4AFC1
:203B8000481F530F22F010DFD9FF00013C010CCDBF9F048082183C028208820909CF5C0861
:203BA0006E0709CF5C081E3409CF5C085E228219820A09CF5C081E1709CF5C081E3409CF48
:203BC0005C085E2609CF6C0816011E12821A09CF6C082E04DA0178033C03DA007803DA008C
:203BE0007801820B09CF6C0816019E11DA00780109CFC808BF2F05807693DA017801820B55
:203C000009C0C808BF20048076A2821B820C09C0C808BF20058058036E02821C820D4CCD57
:203C2000EE044CC1921E3C0309CE340909C0C8089AF042EF7802825440F46DFFDDFB8204E0
:203C400040F46DFFD9FB821440F46DFFD5FB822440F46DFFD1FB823440F46DFFCDFB8244F4
:203C600040F46DFFC9FB826440F46DFFC5FB3B80004040F46DFFC0FB8224D4A2D422092504
:203C80000808C215D4A20926040940D46DFF55FF768F8224820509C6100940D46DFF4DFFD1
:203CA0008224820509C6140940D46DFF46FF09CFC808BF2F1380DA003C0C12E68224D4A2C7
:203CC000D42209250808C21540D46DFF36FFC21F09C0C8083F0FF3FF09CF5C086E0409CFE4
:203CE0005C085E35827440F46DFF3DFCDF0A180009CF6C0816019E133B90004040F46DFF3E
:203D000032FC3BA0004040F46DFF2DFC826440F46DFF29FC825440F46DFF25FC09CF5C0813
:203D20001E1409CF5C085E3B09CF6C0816011E173BB0004040F46DFF16FC3C063BB000409A
:203D400040F46DFF59FB09CFC808DF1F228058036E0FDA0414F037F004F034FF4CCCEE0514
:203D6000D4A24C21921D3C0309CD30093C10D4C20C296E087687DA0514F037F004F034FFA8
:203D80003C06DA0014F037F004F034FF3C1758016E07DA0114F037F004F034FF3C0F76B7EF
:203DA000DA0214F037F004F034FF3C0876C7DA0414F037F004F034FF3C01820009CF68081D
:203DC0006E0376928210020F6E0382103C028200082F370F01F02CF2820009CF6A086E033B
:203DE00076A28210020F6E0382103C028200082F370F81F02CF209CF5C08BA3F6E03821001
:203E00003C028200082F370F81F22CF2D4C20C296E1EDF081D00DA016E03DA013C02DA003A
:203E200014F037F001F334FF09C04D08083F370F04F02CF309CF580816016E03DA013C0299
:203E4000DA0014F037F081F234FF3C0709C04D08083F370F04F02CF309CFC808DE195803BC
:203E6000EE170CCC370FE1F06E0382103C028200082F370F81F32CF20CCC16016E0382108A
:203E80003C028200082F370F01F32CF23C13DA006E0382103C028200082F370F81F32CF2D8
:203EA000DA006E0382103C028200082F370F01F32CF209CFC808DE1EDF0811004CC50840E1
:203EC000370F68F037F008F02CF44CC40850370F68F037F008F02CF53C0C58036E08086F2F
:203EE000370D6800370F08F02CF63C03DA006CF13C20084F370E6800370F08F02CF4D4A20C
:203F0000892E0A0908500CA837F008F02CF5086F370E6800370F08F02CF65801EE0276B98F
:203F2000580292F0087F37006800370F08F02CF709C01E090CCE16016E0382013C033B20AF
:203F40000110483F0F100000370F1DF06CF30CCE370FE10008FF370F81F22CFF09C0220918
:203F60000CCE16016E0382013C033B200110486F0F100000370F1DF06CF60CCE160109F03C
:203F80005B0837F081F289FF1B0809CF660809F05B0837F002F389FF1B08DA006CF4DA00FC
:203FA0006CF509C06908088F370F04F02CF809C06B08088F370F04F22CF8D4A24C210890C3
:203FC000370F68F037F008F02CF958016E1D82083C171A8E530F22F010D2D92E00013C01FB
:203FE000827440E46DFF08FA09C04D080CE3370F04F02CE3DA006CE4DA006CE5C21809CFDC
:20400000C8083FF8E8FFDF0B7F0082083C780B8E0090530922F010D2D92E00013C0182309B
:2040200014E1370104F034EFD4A24C2109E04608370F68F037F008F02CE609C04D080CE346
:20404000370F04F02CE3DA006CE4DA006CE509C01E090CCE16016E0382013C033B20011042
:204060004CE30F100000370F1DF06CE30CCE370FE1000CEF370F81F22CEF09C022090CCEB2
:2040800016016E0382013C033B2001104CE60F100000370F1DF06CE60CCE160109E05B0837
:2040A00037F081F289EF1B0809CF660809E05B0837F002F389EF1B083B90004040E46DFFE7
:2040C00052FA825440E46DFF4EFA5FE908803BA0004040E46DFF47FA3C063BA0004040E4A9
:2040E0006DFF8AF909CF5C081E1409CF5C085E363BB0004040E46DFF36FAC21809CFC80826
:204100003FF887FF09CF5C08EE09826440F46DFF2AFA825440F46DFF26FA09CFC808BF2FD9
:20412000248082093C1D0B9E0080530822F010D2D92E00013C01F6B5825440E46DFF13FA1C
:20414000F6CE09C0C8089AF07E9302E83C02C2180CE437086800370F08F02CE4C21909CFCD
:20416000C8083FF9E2FF58036E3009CF6E0816016E0382103C028200081F370F01F12CF1B9
:2041800009CF6E08370FE1F06E0382103C028200081F370F81F12CF109CF6E08370F61F115
:2041A0006E0382103C028200081F370F81F02CF109CF6E08370FE1F16E0382103C02820018
:2041C000081F370F01F02CF182023C010090F445DA006C41DA01AC44DA082C4DDAFC6C44A7
:2041E000DAFD6C45094F5808B70F01F0894F18080C4EB70F01F02C4E0C4EB70F81F02C4E3A
:204200000C4CB70F01F02C4C0C4CB70F81F02C4CBBF0FFFF9BFFFFF7894F1E09DA00894F26
:204220002209DA00894F1C08DA02894F2608DA00894F2808DA00894F2908DA00894F2A08F2
:20424000DA00894F2B08DA006C4D094F6C08B70F01F0894F2C08094F6E089601894F2E08E4
:20426000094F6E089602894F2E08094F6E089604894F2E08094F6E089608894F2E08DA0000
:204280006C4C0090094FC808BF2F1680D44FD4FF094F0A09530F22F010FFD9F400013C013B
:2042A0006DFFCEF8370268F02E0382123C0282023C013C14D44FD4FF4C41530F22F010FF21
:2042C000D9F400013C016DFFBBF8370268F02E0382123C0282023C013C010090094FC8086A
:2042E000BF2F1680D44FD4FF094F0A09530F22F010FFD9F400013C016DFFA2F8370268F4B0
:204300002E0382123C0282023C013C14D44FD4FF4C41530F22F010FFD9F400013C016DFF0C
:204320008FF8370268F42E0382123C0282023C013C010090404C405D09CFC808BF2F05808C
:2043400009CF0A093C024CC1D4C2D422530F22F0102FD9FF00013C01820440F46DFF4CF868
:2043600040F440D56DFF70F86F820C0009CFC808BF2F0880084F16FF3C0189CF0A093C01B4
:204380003C010090404F405C09FFC808BF2F118009F80A09D4F2D422481F530F22F01022F1
:2043A000D92400013C0182546DFFDDF83C024818D4F2D422530822F01022D92400013C0177
:2043C00091000027D922D4A0F42409FFC808BF2F068040C56DFFCEF83C0440C56DFF6BF807
:2043E000DF02118009FFC808BF2F0D8091000027D922D4A0D4220C2416FF3C0189FF0A09BE
:204400003C013C0100902008404C405DD4D209DF04083B001000E20F1022D92F00803C0174
:204420008208D4D2F4C2ECC109DF04082CC8DA002CC9DA4174FF09DF76086E03DA013C02B4
:20444000DA0014F037F081F034FF09DF78086E03DA013C02DA0014F037F001F134FF09DFAF
:204460007A086E03DA013C02DA0014F037F081F134FF0CD514F08B0F20F237F081F334FF27
:2044800014FFB70F01F034FFDA006CF209D07708089F370F04F02CF909D07908088F370F52
:2044A00004F22CF809D07B08088F370F04F02CF809D07D08089F370F04F22CF909D07F08CB
:2044C00008AF370F04F02CFA7B0006F06CF509FF5408B70F08F089FF140809FF5508B70F02
:2044E00008F089FF150809DF750809F0560837F008F089FF16080CD608D08B0F20F237F011
:2045000001F02CFD4CDC6E0F09D5B00909D4740809D5401840F46DFF87F87623DA003C02E6
:20452000DA04A6F84CDA6E0F09D5A80909D42C0809D5401840F46DFF5FF87623DA003C02DE
:20454000DA04A6F8D4C2F4A249A4000A6D001A01022909DF5008EE0C09D5080909D6CC082D
:2045600009D7CE0840F402946DFF70F83C3F821014FF960134FF760382103C028200081F0B
:20458000370F81F02CF114FFB70F01F034FFDA012CC909D5140909D6DA0809D7D80840F4CA
:2045A00002946DFFF0F909D51C0909D6E20809D7E00840F402946DFF19F909DFE4086E16DC
:2045C00009DFE40809F07D08370F68F037F004F089FF3D08DA016E03DA013C02DA0009F0CB
:2045E0007D0837F081F389FF3D08DA0109F05A0837F082F189FF1A0809DF7C086E03DA019C
:204600003C02DA0009F05A0837F001F389FF1A0814FFB70F01F334FF02823C010090D45FDE
:20462000F44FDA002C44DA002C46DA002C453B90D0F3065F6C423B00F4F1AC463B007DF0FB
:20464000AC47DA00894F10083B90D0F3065F6C453B007DF0AC4C3B00F4F1AC4D3B90D0F3B2
:20466000066F6C473B007DF0894FA0083B00F4F1894FA208DA00894FA408A00FEC4ADA101B
:20468000894F2C08A00FEC4CDA80894F3408DA01894F0018DA00894F3608DA00894F37080D
:2046A000DA00894F3808DA00894F3908DA00894F3A08DA00894F3B08DA00894F3C08DA005C
:2046C000894F3D08DA00894F3E08DA00894F3F08DA60894F35080090404C405DD4C2092FF6
:2046E0004878160F3C012CD4DF1F3C806D009E029130002F392F3406160FEE0382003C0A61
:20470000913000FF39FF3406160F4B0F41F14BF251003C01D4CF08DF370F62F33C01D4CFE6
:2047200009F1CC0837016A103C015E1B3B0040F0A21F4B0F41F14BF051F089DF06093C104C
:204740005E2C4B0161F14BF041F07B0048044B0F51F089DF06093C04DA0089DF06093C100F
:204760005E266D00C70189D206093C0A5E466D00E80189D206093C04DA0089DF060900904B
:20478000205049A5000A6DFFA9FF09A206093C010090404C405DD4DFF4CF0CD4DF1FD28047
:2047A0006D005C0202287B0048F409D006094B0851006B0031FF82004B0F01F0AE0A7B0026
:2047C00048F409D006094B0851006B0031FF3C02DA00BB00000C9BF047044B0F01F0370F30
:2047E00061F06E187B0048F409D006094B0851006B0031FF82004B0F01F0AE0A7B0048F4C8
:2048000009D006094B0851006B00314F3C0282043C05BB00004C9BF447446D00050B022953
:204820003B0040F0A29F4B0F41F14BF851A009DF06097B0048044B0F41F04B8F51F0BB00ED
:20484000000C9BF047044B0F01F0AE06BB00004C9BF447443C0909DF06097B0048044B0FF9
:2048600041F04B8F51406D00DF0A4B0261F14BF841F07B0048044B0F513009DF06096B0A25
:2048800031FF82004B0F01F0AE0609DF06096B0A310F3C0709DF06096B0A31FF67FFBF0FA8
:2048A00009DF06096B0331FF82014B1F01F0AE0609DF06096B0331FF3C0709DF06096B0394
:2048C00031FF67FFBFFF4BF001F016038B0F20F26E023C0202296E0382183C0282286D005A
:2048E0005E06022A02A46D00AF0414FFB70F01F034FF14FF960834FF3C0114FF370FE1F01A
:20490000BA0F3C016EFBDA0009F0487837F004F089FF0878DA0109F0487837F004F089FF3B
:20492000087809FFCC08379F0AF0ACF608DF37086800370F02F32CFD02A46D0050063C0111
:20494000D4C23C01092F45786F0FFEFF82003C08534020F010F2DA00892F0059C210BF80AD
:20496000F9FF09FF4978B70F04F289FF097882FF89FF007982083C2B40F402846DFFD3F84D
:20498000534820F010D409404C08534820F010D4094FCA081421370F68F037F108F0342FDC
:2049A0000C21370F81F12C210C2396022C23534820F010D4094FCA086E050C2196042C216F
:2049C0003C050C21B70F01F12C21C218DA103FF8D5FF82023C010090404CF4C5DA012CC434
:2049E0006D003C0189C2060982003C0C534020F010CFDA00ACF5534020F010CFDA002CFC68
:204A0000C210DA103FF0F4FF0090404F0B4510A849FC100A82404B0A01828F3A00F1538FFC
:204A200020C09140002FD922000E7D2F08009140002FD922004E7D2F15806D00B005022FFC
:204A400002F46D00010409F0201982110FA1101082F2C621261089F0201902F46D00BF05EF
:204A6000534820F010CFDAFF0FCF00F00FCB10B002F302B249F240080090404F0B45108838
:204A80006D008D05022A02A46D00DE0349FF001ADA084BF801028F7800F1534F20405340E0
:204AA00020F010FFDA0F0F4F00F00F49109002F3029249F2400802A46D0091050090024819
:204AC0006D000B018200DA003E823C06913000FF19F000263C0382023C0176094B0061F1F4
:204AE0007B0028044B0F51F04BF241203C010090910000F7D9FF002054FF4B0F61213C011D
:204B00000090913000FF39FF3706370F62F2EE06BB00C22B9BE2CB243C11913000FF39FFE9
:204B20003706370F62F25E19910000F7D9FF002054FF4B0F61213C0282023C010090913028
:204B400000FFD9FF00066DFFDEFF09FF640816015E1A09FF6E08167FC21F4B0F41F14BF26F
:204B600051203C2409FF6408370FE1F15E1EBB00C20B9BE0CB0409FF6C08167FC21F4B0F3E
:204B800041F14BF051203C1209FF6908370FE5F0C21F4B0F41F14BF2410009FF6C08167F59
:204BA000C21F4B0F41F14BF051203C010090913000FFD9FF00066DFFA6FF09FF54081601E5
:204BC0005E1A09FF5E08167FC21F4B0F41F14BF251203C2909FF5408370FE1F15E1EBB0027
:204BE000C20B9BE0CB0409FF5C08167FC21F4B0F41F14BF051203C1709FF5908370FE7F0AB
:204C0000C21F4B0F41F14BF2411009FF5C08167F921009FF5B08160FC21FE2F04B0041F136
:204C20004BF151203C010090913000FF39FF3306370F62F282003E0482103E083C0ABB0092
:204C4000C22B9BE2CB243C013C066DFFB2FF3C0382023C013C0100906DFFE8FF913000FF7F
:204C600039FF3106370F6402DA003E0CDA01BE0CDA02BE0FDA035F0F2200DA045F0F2400CA
:204C80003C27913000FF39FF3206160FEE0382023C0A913000FF39FF3206160F4B0F41F1C0
:204CA0004BF251203C177B001FF44BF251203C127B0027F44BF251203C0D7B002FF44BF201
:204CC00051203C087B0037F44BF251203C0382023C013C0100906DFFA9FF913000FF39FFF2
:204CE0003106370F6402DA003E0CDA01BE0CDA02BE0FDA035F0F2200DA045F0F24003C271F
:204D0000913000FF39FF3106160FEE0382023C0A913000FF39FF3106160F4B0F41F14BF267
:204D200051203C177B001FF44BF251203C127B0027F44BF251203C0D7B002FF44BF251204C
:204D40003C087B0037F44BF251203C0382023C013C010090404F820891000027D922002002
:204D600009FF0019742F6D001A0402296D002B04022A02946D0068029130002F392F3046B6
:204D8000370FE1B19130002F392F304696089130002FE92F304602946D00210402A46D0016
:204DA0007B023C019130002F392F3306370FE1F3EEFA9130002F392F3306B70F02F291309A
:204DC000002FE92F33069130002F392F330696409130002FE92F33069130002F392F180635
:204DE00096109130002FE92F18063C019130002F392F3306370FE1F3EEFA9130002F392FBF
:204E00003706B71F02F29130002FE92F37069130002F392F370696409130002FE92F370696
:204E20006D009B01A62802A46D000004DF08698102A46D0031023C019130002F392F1406BE
:204E4000370FE1F26EFA9130002F39201C0608AF37F007F09130002FE92F1C069130002F77
:204E600039201B06088F37F004F09130002FE92F1B069130002F39201906089F37F087F030
:204E80009130002FE92F19069130002F392F180696409130002FE92F18069130002F392F21
:204EA0001A06B70F01F09130002FE92F1A069130002F392F180696209130002FE92F1806A1
:204EC0009130002F392F1A0696019130002FE92F1A069130002F392F1A0696049130002F99
:204EE000E92F1A06BB70714B9B1485436D0092013C019130002F392F1406370F61F16EFA6D
:204F00009130002F392F1806B70F01F09130002FE92F18063C019130002F392F3306370F2A
:204F2000E1F3EEFA9130002F392F3306B71F02F29130002FE92F33063C019130002F392F84
:204F40003306370FE1F3EEFA48346D0063019130002F19203006485F82F1C61F26F0485FAE
:204F60004841261FA6F0DA0137F0020EDA0137F0010F9130002FD922300674203C019130F6
:204F8000002F392F3706370FE1F3EEFA9130002F19203406487F82F1C61F26F0487F486133
:204FA000261FA6F0DA0137F0020EDA0137F0010F9130002FD922340674203C019130002F0C
:204FC000392F0316370FE1F3EEFA9130002F19200016489F82F1C61F26F0489F4881261FC5
:204FE000A6F0DA0137F0010F9130002FD922001674203C019130002F392F0F16370FE1F3A0
:20500000EEFA9130002F19200C1648BF82F1C61F26F048BF48A1261FA6F0DA0137F0010F0B
:205020009130002FD9220C1674209130002F1920002648DF82F1C61F26F048DF48C1261F76
:20504000A6F09130002FD9220026742002A46D00ED029100802F1920140248FF82F1C61FE5
:2050600026F048FF82F1C61F26F048FF48E1261FA60F02946D00E8009100802FD9221402BF
:20508000742F02946D00AB02820C3C3702A46D0003013C019130002F392F1406370FE1F2DD
:2050A0006EFA9130002F39201C0653CC20F0C8121022142F37F007F09130002FE92F1C0657
:2050C00002A46D00B30253CC20F0C81210224C226E0953CC20F0C8121022092288092D02C2
:2050E000000053CC20F0C8121022092402096D009100C21C370C68C014FF3FFCC9FF02A43A
:205100006D00CA00913000FF39FF1806B70F01F3913000FFE9FF180602A46D008702029490
:205120006D009200913000FF39FF2C469608913000FFE9FF2C46913000FF39FF304637BFEA
:2051400081F1913000FFE9FF304602946D00470202823C0100903B00288082096D001F0226
:20516000022A913000FF39F01006B7008202913000FFE9F01006913000FF39F01206910088
:2051800000F7D9FF002054F13B005AF29B6F02F04BF111229AF2370F68F037F005F09130E2
:2051A00000FFE9FF1206913000FF39FF10069604913000FFE9FF10063C05C2F8F68382197B
:2051C0003C0D913000FF39FF10066F1FF87F913000FF39FF11066F0FF27F02A46D0034002E
:2051E000913000FF39FF2C469608913000FFE9FF2C46913000FF39FF30469608913000FFC1
:20520000E9FF304602A46D00EA0102923C01009002486DFF0BFD913000FF39FF3506160FBB
:205220004B0F41F14BF251F03C014B8F41F04B0F71F185F110003C0185F01000A2103FF037
:20524000FDFF00904DC0E1FF16073C0153CF20F060FF9130003F30F3D93F004654FF2E1BCD
:205260008F2420F0960154F0370070088F002100A60F74FF86248F2440F154F03700700888
:205280008F002100A60F74FF3C0154FF1601DF1FFE7F0090913000FF19FF30366F1F1200A6
:2052A0008F2420F09601913000FF19F03036370070088F002100A60F913000FF59FF3036D3
:2052C00086248F2440F1913000FF19F03036370070088F002100A60F913000FF59FF30367F
:2052E0003C01913000FF19FF30361601DF1FFB7F00904DC0E1FF16073C01913000FFD9FF35
:20530000004653CF20F010FF54FF2E1B8F2420F0960154F0370070088F002100A60F74FF45
:205320008F2420F0960254F0370070088F002100A60F74FF3C0154FF1601DF1FFE7F084FCE
:2053400096082CF454FF2E1B8F2420F0960154F0370070088F002100A60F74FF86248F3461
:2053600040F154F0370070088F002100A60F74FF3C0154FF6F0FFF7F0090913000FF19FF3D
:2053800030366F1F12008F2420F09601913000FF19F03036370070088F002100A60F9130A9
:2053A00000FF59FF30368F2420F09602913000FF19F03036370070088F002100A60F9130D1
:2053C00000FF59FF30363C01913000FF19FF30361601DF1FFB7F913000FF39FF3436960806
:2053E000913000FFE9FF3436913000FF19FF30366F1F12008F2420F09601913000FF19F09A
:205400003036370070088F002100A60F913000FF59FF303686248F3440F1913000FF19F02D
:205420003036370070088F002100A60F913000FF59FF30363C01913000FF19FF30366F0F7B
:20544000FC7F00904DC0E1FF16073C01913000FFD9FF004653CF20F010FF54FF2E1B8F248C
:2054600020F0960154F0370070088F002100A60F74FF8F2420F0960254F0370070088F00DD
:205480002100A60F74FF3C0154FF1601DF1FFE7F084FB70F81F12CF454FF2E1B8F2420F093
:2054A000960154F0370070088F002100A60F74FF86248F3440F154F0370070088F00210049
:2054C000A60F74FF3C0154FF6F0FFF7F0090913000FF19FF30366F1F12008F2420F0960150
:2054E000913000FF19F03036370070088F002100A60F913000FF59FF30368F2420F0960290
:20550000913000FF19F03036370070088F002100A60F913000FF59FF30363C01913000FFCD
:2055200019FF30361601DF1FFB7F913000FF39FF3436B70F81F1913000FFE9FF34369130F1
:2055400000FF19FF30366F1F12008F2420F09601913000FF19F03036370070088F00210046
:20556000A60F913000FF59FF303686248F3440F1913000FF19F03036370070088F002100CC
:20558000A60F913000FF59FF30363C01913000FF19FF30366F0FFC7F00904DC0E1FF1607CA
:2055A0003C0153CF20F060FF9130003F30F3D93F004654FF370F6EF18FFF83213C013C01F8
:2055C0000090913000FFD9FF303654FF370F6EF18FFF83213C013C0100904DC0E1FF1607FF
:2055E0003C0153CF20F060FF9130003F30F3D93F004654FF2E1B8F2420F0960154F03700EB
:2056000070088F002100A60F74FF86248F3440F154F0370070088F002100A60F74FF3C0194
:2056200054FF6F0FFF7F0090913000FF19FF30366F1F12008F2420F09601913000FF19F08A
:205640003036370070088F002100A60F913000FF59FF303686248F3440F1913000FF19F0EB
:205660003036370070088F002100A60F913000FF59FF30363C01913000FF19FF30366F0F39
:20568000FC7F0090F647094F40189601894F00183C08DF140780094F40189604894F001893
:2056A0000090F647094F7C089601894F3C083C08DF140780094F7C089610894F3C080090A2
:2056C00082F282003C17913000F8D9FF3C5A538020F010FFD4FF7D4F0D80913000F8D9FFAB
:2056E0003C5A538020F010FF481F370F48203C04C210BF10EAFF3C010090404C405F09C082
:20570000380909C13C0914FFEE0C083F37F00500082F37F00504081F37F1011182183C0F0C
:2057200014FF5E1C083F37F00508082F37F0050C081F37F1011382183C02820889C13C099E
:2057400089C0380940C46DFFBDFF09FFC8086E26081FEE099140002FD9225028530226F02B
:2057600010223C099140002FD9225028530226F01022B04208A009FFC8081421370F68F05D
:2057800037F108F0342F0C21370F81F12C210C2396022C230C2196042C2108264CC4820169
:2057A00002F009C32C0982020F20A0400F31A0503C016DFF4DD43C0114FF534F20F010C295
:2057C0008922300914F440C46DFF5EFF14F440C46DFF69FF08264CC4820102F009C32C097C
:2057E00082020F20A0400F31A0503C016DFF30D43C0114FF534F20F010C2481F42F289221F
:20580000300902823C010090DA00344FDA002C42DA1F2C43DA002C4182FF6C41DA00AC44B2
:20582000DA002C4A0090208049A4000A91000057D955E8A06DFFF5F63B90D0F3065F78028F
:20584000DA012CA4913000F8D9FF005AF80ADA1089AF2C08913000F8D9FF285AF80CDA80E9
:2058600089AF3408910000F7D9FFE8A049F4100A49A5000A6DFFC9F549A4041A910000F7C0
:20588000D9FFE8A049F5100A6DFFA3F4DA0178123BB02BF089AF2619BBF0FFFF9BFFFFF732
:2058A00089AF2219DA0089AF2018DA0889AF111809AF5218B70F01F089AF121809AF52188B
:2058C000960289AF121809AF5C18B70F01F089AF1C18DA0189AF2C18DA0389AF2D1891003D
:2058E00000F7D9FFE8A0D9F43C0149A5041A6DFF38F149A4041A910000F7D9FFE8A049F575
:20590000100A6DFF66F4DA0078123BA03AF089AF2619BBF0FFFF9BFFFFF789AF2219DA0140
:2059200089AF2018DA0889AF111809AF5218B70F01F089AF121809AF5218960289AF12185D
:2059400009AF5C18B70F01F089AF1C18910000F7D9FFE8A0D9F40C1149A5041A6DFF01F1BC
:205960009140004FD944400B8244DA803B000850A6F56DFF4CF882046DFF36DA009020806F
:2059800049A4000A91000057D955E8A06DFF49F63B90D0F3065F7802DA002CA4913000F8F7
:2059A000D9FF2C4AF80ADA1089AF2C08913000F8D9FF145AF80CDA8089AF34089100004798
:2059C000D944E8A0B04449A5000A6DFF1EF549A4041A91000057D955E8A0B0456DFFF9F3C1
:2059E00082083C4353C820F0910000F7D9FF200010FF09FFC008781253C820F0910000F7D7
:205A0000D9FF200010FF09FFC20889AF2619BBF0FFFF9BFFFFF789AF2219DA0189AF20183F
:205A2000DA0889AF111809AF5218B70F01F089AF121809AF5218960289AF121809AF5C18A0
:205A4000B70F01F089AF1C18530821F0910000F7D9FFE8A010FF49F43C0A49A5041A6DFFC5
:205A600080F0C21837086880913000F8D9FF4CBA09FFC0083FF8B8FF49A4041A910000576D
:205A8000D955E8A0B0456DFFA4F382083C4953C820F0910000F7D9FF080010FF09FFC008D7
:205AA000781253C820F0910000F7D9FF080010FF09FFC20889AF2619BBF0FFFF9BFFFFF738
:205AC00089AF2219DA0089AF2018DA0889AF111809AF5218B70F01F089AF121809AF521869
:205AE000960289AF121809AF5C18B70F01F089AF1C18DA0189AF2C18DA0189AF2D18530853
:205B000021F0910000F7D9FFE8A010FFD9F4BC0049A5041A6DFF25F0C218370868809130A5
:205B200000F8D9FF4CBA09FFC0083FF8B2FF9140004FD944008A8234DA803B000850A6F5D2
:205B40006DFF65F79140004FD944008A8224DA803B000850A6F56DFF5AF79140004FD9448E
:205B6000008A82443B0001506DFF51F782046DFF57D90090205049A4000A9120005FD9553E
:205B800000086DFF2BF7DA28ACA7DA0089AF1008DA29ACA9DA0089AF1408DA2AACABDA0035
:205BA00089AF1808DA2BACADDA0089AF1C0891000047D944E8A049A5000A6DFFECF56DFFCB
:205BC00034FE6DFFDEFE91000047D94474B06D00F00391000047D9446CC06D00EA030090C7
:205BE00091000047D94404206DFFB6F8910000F7D9FFC4C26DFFDDF74B0271F16CF34DC031
:205C0000E1FF8F7F00413C01910000F7D9FFC4C26DFF57F74B0271F16CF4910000F7D9FF09
:205C2000C4C26DFF1BF84B0271F16CF16DFFFEF7913000FF39FF3506370F64F24B0F41F197
:205C40004BF251F03C01910000F7D9FFC4C24B0F71F16CF2910000F7D9FFC4C26DFF3DF802
:205C60004B0271F16CF66DFFE1F7913000FF39FF3506160F4B0F41F14BF251F03C0191009F
:205C800000F7D9FFC4C24B0F71F16CF700904DC0E2FF370FE1F78B0F20823C010D0040032B
:205CA00000003C016DFF7FD6910000F7D9FFE4C29100002FF4F291000047D944E4C2B044AB
:205CC0006DFFA4FD910000F7D9FFE4C291000027D9225CA0092068096820910000F7D9FF80
:205CE000E4C2DA64ACF6910000F7D9FFE4C2DA002CFE910000F7D9FFE4C2D4F4910000575E
:205D0000D955E4C2B0456DFFFAFC76830D0000030090404C0B451068821809C440099130FA
:205D200000F8D9FFCCF909F040090B0410F10B1580F2EE03DA003C294DC0E2FF370FE1F7AE
:205D40008B0F20F23C010D00400300003C013C0185F010008203020285F12C008200A62098
:205D6000A6313C01913000F8D9FFCCF909F24009262026316E030D0000033C010B4050F18E
:205D80000B5100F20B1590F23C016E4A82050264538720F0910000F7D9FF5CA010FF09F6DD
:205DA00040096DFF2FD1913000F8D9FFCCF909F040090B0210F10B1380F2EE08913000F849
:205DC000D9FFCCF909F040093C274DC0E2FF370FE1F78B0F20F23C010D00400300003C01FF
:205DE0003C0185F010008205020485F12C008200A640A6513C01913000F8D9FFCCF909F4C3
:205E00004009264026516E030D0000033C010B2040000B3150103C0189C0400982080282BA
:205E20003C010090B70408FC3704E80BB71F811BDA7F3FF00580DA967F0F04808202009093
:205E40008B6009F1325F0FF1001037017020009091300048D944E05A1D0002008208404FCC
:205E60008209820A820BC81CC82D483C09FF1001DF1F238080CF160180D08F100001FE040F
:205E80006E04C2FC04DF24CF76CF8F3C00018FEC1FF06E0902F140D2C2F16014442164C134
:205EA000FC4E90DD020CDF0CE07FC2FC60C204DF24CFFC2E3CD9DE2580CF2E03C2FC24C9B0
:205EC000DF0CD37F8F3C00F106EC76C5C2FC60C264CAFC2F6EC9C2FF60F224CBFC2F3CC4FF
:205EE0008F0F1F00DF002E008F3F0001DF102B8080CF8F3F00D180DF1603FEDB76DB02D409
:205F000040C440D56D00530001CD00C601DD00D6A2DC76CF8F3C00018FEC1FF06E0902F1DD
:205F200040D2C2F16014442164C1FC4E90DD020CDF0C9B7F02C440C440D56D0038003C9480
:205F400000901603DF2F91FF80CF16036E0702F440C46D00150010CCA2FCDF0C867F8F3C6C
:205F6000004106EC76C5C2FC60C264C8FC2FDF047C7F40C46D0004001DFF77FF3BF00F005D
:205F8000804F1603063F0FF0100082FFC6F0C2F4604F804FB70F02F060F2B014542F260FD4
:205FA000742F77000004FCF60090804F16033BF00F008F3F00100F10100082F1C610C2F413
:205FC000604F8041B7010220095101008F3F0030B0140F3110106022C21F542216032602E0
:205FE000A612742277000004FDF0ED7F00904DC0E2FFB70F8107CDC0E20F0D00C00485F2ED
:20600000100085F32C00CDCFE20F0D00C00400906DFFC9D40090910000F7D9FF5CA009F0F0
:206020006809820702460B0110486DFFEBCF0B2310486DFF4DD50090913000F8D9FF286ACD
:2060400054FF744F913000F8D9FF286A481F745F82123C0100902008DA0074AFDA007801F4
:2060600049A4000A49A5040A6DFFE8FFDF120A8054AF60F48204580154A052056D00851BD1
:206080000090910000F7D9FFE0D209F264383C010090910000F7D9FFE0D2DA0034FF91004A
:2060A00000F7D9FFE0D2081F5E196DFFD6FF910000F7D9FFE0D2DA002CF182046D006C0018
:2060C0008204A0043BF00F50A0056D006C00910000F7D9FFE0D291000027D922FCC289F290
:2060E000B039910000F7D9FFE0D249F4343A82043B4001506D00491B91000047D944FCC224
:206100003BF00F403B4002506D003F1B0090024F404F02586DFFB7FFDF120200A0027DF281
:20612000028002F440F402856DFF47E537026880DF1810808224A0043BF00F50A0056D0006
:206140003200910000F7D9FFE0D2DA012CF23C07910000F7D9FFE0D2DA002CF202823C01F4
:206160000090910000F7D9FFE0D289F40C39910000F7D9FFE0D289F51039910000F7D9FF82
:20618000E0D289F41439910000F7D9FFE0D289F518390090910000F7D9FFE0D289F4243827
:2061A0000090910000F7D9FFE0D289F42538910000F7D9FFE0D22835910000F7D9FFE0D2E2
:2061C00089F5AC39910000F7D9FFE0D289F4A8390090913000F8D9FF141A54FF3FF40C808B
:2061E000913000F8D9FF141A09FF14397FF4048082123C0382023C01009082123C0100900F
:206200003C09144F1450C2F43E0352020090B014B015DF04F8FF82020090DF043000404F7E
:20622000BF842780804F8F3F000180518F3100115F101F802E06C2F4045F344F494F010AB3
:2062400080FF2E16045F24FFC2E4045F24FF8F7400018FD41FF06E0B02F14052C2F160162C
:206260000922480189F24801FC6CD05502047646C2F46042045F24FFFC2E40420090404FEE
:20628000BF852380804F2E05C2F53444494F010A80FF2E1424F4C2E524F48F7500F106D5DB
:2062A000DF051200D200764A370468008F802010A6108F002110A6100201C2F5605289F063
:2062C0004801FC2E02F57655C2F5605224F4FC2F404200903BD0E604910000F79B601C0433
:2062E00019FF14303B900313030F0AF159FF1430370F6F280090910000F759F414300090A2
:20630000404F6DFF76FE0B23104891000027192F10301EF661FF41CF6DFFC0CE422FBCF2AB
:2063200074FF02F20090014530F4EE06015400F6014F30F4EE0B3C06095F0008344FB01556
:20634000B014024FC2F4EEF93C0D3C0A014400F601540026092F3FF889FF3FF8C2F4FF144F
:20636000F77F00903C033444B014025FC2F5EEFC0090404F405C481FC21F82404B0F010278
:2063800054FF7E1440F46D001400481F53CF20F010F24924080A3BC0004040C56DFFC5FFD9
:2063A000481FC21F82404B0F010268110090DA006C41DA00744F0090404F481F54F07E03FE
:2063C00082023C1554FF53CF20F010F24922080A3BC00040405440256DFFA7FF54FFC21F6A
:2063E00082404B0F010274F182123C01009002523C010090DA003C1A104F14F08610370037
:206400006800104F14F1913000F8D9FF54BA10FF14F2C621913000F8D9FF54BA10FF14F261
:20642000C620105F420134F1C21FBF4FE7FF00902008DA003C0D10AF1042142091300028C1
:20644000D92258BA10221421C61034F0C21FBF4FF4FF0CA28FFF00010CA216F0A6F03450E1
:2064600014AF160F8F4F20000CA116F086CFA6F0895001080CA18F0F0F010CA316F086CF51
:20648000A6F08950020814AF160F8F4F20000CA3160FA6F08950030800900249404F6D0078
:2064A000650D02284DC0E1FF8F7F00413C016DFF08F34B0271F1C6F89130002F192F101695
:2064C000C6F891000027D9222813542F8F8F00F0C6F8DA003C1210F2538F200057086800CE
:2064E00034203BD0E6049B601C043B90031303080A8182F02608C21F3F9FEFFF82123C01A3
:20650000009082186DFFDECFDF120480DA0B3C02DA0A8F882020A6F23C0100900C55095046
:206520004608DF30090014443B10035040546D002C073C3D14408B000400895004082C5509
:2065400082208950820882003E0882103E0D8220BE028230BE073C1D910000F7D9FF3C3093
:20656000DA0034FF3C1D910000F7D9FF3C30DA0134FF3C16910000F7D9FF3C30DA0234FFAE
:206580003C0F910000F7D9FF3C30DA0334FF3C0814443B20015040546D00F7063C019100C0
:2065A00000F7D9FF3C3014F46DFF4CD30090144F8B0F04F02C540C550950C208FF200980E0
:2065C00014443B30015040546D00DF063C1F5E1CDA012C55DA02AC51910000F7D9FF3440E3
:2065E000DA0134FF3C135E2CDA022C55DA02AC51910000F7D9FF3440DA0234FF3C07144400
:206600003B20025040546D00C0060090404C405F0858DA01BE8082205F80250082305F809B
:206620004B00DA81BE86DA825F8F4000DA835F8F4E003C5214C08B0004F02CF42858DA02F0
:20664000ACF182146D009B0682146D00A7063C4B82146D00940682146D00A006DA00ACF105
:206660003C4282346D00D000DF12090014C43B30035040F46D0089063C3614CF8B0F04F006
:206680002CF42858DA02ACF182246D007806BB504AFA91300027F92FFCFD91200028D92224
:2066A00046D689F29C293C1F82246D006806DA00ACF13C1914CF8B0F04F02CF42858DA02E9
:2066C000ACF182446D005B063C0E82446D005706DA00ACF13C0814C43B20015040F46D00CF
:2066E00054063C010090F6436D00980B0090F6466DFFE1CE02246DFFF2CE00900C551440AC
:206700008B000400895004082C5582003E0682103E0582303E0A3C103C16912000F8D9FFD0
:2067200066B6895F9C293C0F912000F8D9FF46D6895F9C293C0814443B20015040546D00B2
:2067400024063C010090F6436DFF2CCE00908F842080A658DA1B3FF805003BE00F203C1E8D
:20676000FF8805803BC00F203C1902846D009B00F6243BD00F203C12538820F0913000F8BA
:20678000D9FF141A10FF54F46DFF13E0370268F06E0382023C0382123C010090DA0D344FAD
:2067A00091300028D922109A3C010090910000F7D9FF284009F2C4083C010090910000F79A
:2067C000D9FF284009F2C6083C010090910000F7D9FF284014FF5E1382123C0282023C0104
:2067E0000090910000F7D9FF2840081F26F4910000F7D9FF2840081F7E4382123C028202FA
:206800003C010090910000F7D9FF2840082F264F7E4382123C0282023C010090910000F7CB
:20682000D9FF284014FF26F4910000F7D9FF284014FF7E4382123C0282023C010090200804
:20684000404C913000F8D9FF5CBA49FF000A49A2000AA03404FF242FFC4EDF14098049AFD6
:20686000000A405440F56DFFC7FD3C0CDF24098049AF000A405440F56DFFDCFD3C0382026E
:206880003C10DA003C0A10CF14F010AF14F15F10040082023C06C21FBF4FF7FF82123C01F6
:2068A000009002486DFF0ECEDF120B808202DA173FF80680DA1A3F8F038082123C09820266
:2068C000BF880680DA163F8F038082123C010090404C405F8208820909FFC208FF2F098080
:2068E00014C43B30015040F46D004F053C5D085F8FFF0021085F16F08FCF3F307626FF5239
:2069000005807633BF53098014C43B10035040F46D003B053C4909F0C2089A2212317F1081
:20692000098014C43B30015040F46D002E053C3C82003C0A8F88008001F000260C26A6F8A8
:20694000C210370068003F20F7FF82003C0C8F8900909A20122101F100260C24A6F9C21059
:20696000370068003F30F5FF0B8910486DFF43DC762814C43B10035040F46D0006053C148E
:2069800014CF8B0F04F02CF4608282003C079A1010F4142F2C44B012C2103F90FAFF3709C2
:2069A00070F0C21FACF100908200144F8B0F04F02C540C558F8F20100C56A6F1095FC2089C
:2069C000FF3F098014443B30015040546D00DD043C5E82023C4C53C220F0910000F7D9FFCF
:2069E000004010FF09FFC0085F1F3E8053C220F0910000F7D9FF004010FF08A053C220F09B
:206A0000910000F7D9FF004010FF08BF7F0F0A8053C220F0910000F7D9FF004010FF08B05C
:206A2000BB00F0FF261F868F2C558FF10FF12C56DA003C14105F53C2201091000027D9223E
:206A40000040012100260921060960F20121002614212871C21F370F68F03F0FEDFF9A308A
:206A6000AC513C15C21037006800C212BF22B5FF760814443B10035040546D0086043C07AC
:206A800014443B20025040546D007F040090404C405D82180CD68FFF009116F08FCF1FA0F6
:206AA00009D1C2089A3912A07F010980820814C43B30015040D46D006804DF18868091000B
:206AC0000027D9221C408200742082003C1E91000027D9221C40910000F7D9FF1C4054FF28
:206AE0008F8F00F0742F91000027D9221C40910000F7D9FF1C4054F101D000F6087FA6F1F0
:206B00007421C210370068003F90E3FF910000F7D9FF1C4091000027D9221C40542FB70FAA
:206B200008FC7B00000AA60F74FF910000F7D9FF1C4054FF7B000002A20F7B0001083F0F95
:206B40000A807B0002087F0F068082146DFF87CE3C0482046DFF83CE6DFFB4CC022F6DFFAF
:206B6000AACC7E2814C43B20025040D46D000D048208910000F7D9FF1C40DA006CF28200E2
:206B80003C2191000027D9221C40910000F7D9FF1C40482F8F8F00F06C2291000027D92207
:206BA0001C40910000F7D9FF1C4048229A30129101D100F6084FA6F289220809C21037006A
:206BC00068003FA0E0FF910000F7D9FF1C4054F46DFF01FBDF120B80910000F7D9FF1C40EB
:206BE00048246DFF0CFBDF120B00DF18098014C43B10035040D46D00C8038208DF18228055
:206C000082146DFFC9FA910000F7D9FF1C4054F4910000F7D9FF1C4048256DFFA4FA14CF95
:206C20008B0F04F02CD4DA102CD5DA802CD6DA03ACD1910000F7D9FF1840DA0174FF3C06DD
:206C40006DFF29FA82046DFFA7FA0090404C405FDA016DFF18FADF220900DA0014C43B40C7
:206C6000025040F46D0091035E1B82346DFF94FA14CF8B0F04F02CF4DA01ACF13C036DFFB0
:206C80000AFA0090910000F7D9FF284091300028D9224EBA092FC40891300028D9224EBABC
:206CA00014204B0F0102A8200090404D405F085F09F0C208FF200A8014D43B30015040F414
:206CC0006D0063031D00F00182103E0982205F0F570182305F0FA8011D00DF016DFFF5DB90
:206CE000F62914D43B20025040F46D004E031D00DB0109FFC208FF4F0A8014D43B300150A7
:206D000040F46D0042031D00CF01086F8F8F2000087FA6F0BBF0FFFD5F0FC700BB00F0FF48
:206D20005F0F4700BB10F0FF5F0FB800BBD0FFFF3E031D001C0182346DFF66FDDF120A003A
:206D400014D43B30035040F46D001F031D00160109FFC208FF4F0A8014D43B30015040F414
:206D60006D0013031D000A01910000C7D9CC24306DFFC9FBB4C2DA712CF4DA012CF5DAFF31
:206D80002CF6DAFD2CF791000027D9222430092FC008868F2CF891000027D9222430092F58
:206DA000C00816FF2CF9DA06ACF11D00E70082746DFF2AFDDF120A0014D43B30035040F4F2
:206DC0006D00E3021D00DA0009FFC208FF6F0A8014D43B30015040F46D00D7021D00CE0097
:206DE000910000C7D9CC2430088408956DFFB1FCB4C291000027D92224300920C008DAFEBA
:206E00007E0914D43B10035040F46D00BE021D00B50091000027D92224300920C008DAFC64
:206E20007E0914D43B30035040F46D00AE021D00A50091000027D92224300920C008DAFD43
:206E40007E0914D43B40025040F46D009E021D00950091000027D9222430092FC008EE0905
:206E600014D43B20075040F46D008F021D008600DA712CF4DA012CF5088F8F8F2000089FC0
:206E8000A6F0288091000027D9222430092FC0082CF9DA06ACF13C7114D43B20015040F496
:206EA0006D0073023C6A82746DFFAEFCDF12090014D43B30035040F46D0067023C5E09FFF2
:206EC000C208FF8F098014D43B30015040F46D005C023C536DFFF6CA0228088F8F8F010093
:206EE000089F8F0F0110A61008AF8F8F0010A61008BFA60FF6867B2000487BE000503C0524
:206F00007B0001487B0001506DFFBECABE2491000027D9222430DA00B42FDA712CF4DA0101
:206F20002CF5DADF2CF6DAFF2CF7DA002CF8DA05ACF13C237B10005002846DFFE2CB028480
:206F40006DFF74CC91000027D9222430DA01B42FDA712CF4DA012CF5DADF2CF6DAFF2CF782
:206F6000DA012CF8DA05ACF13C0814D43B20015040F46D000A023C011D0096009100002769
:206F8000D9222030086F342F086FEE0914D43B20025040F46D00F9011D00860009FFC208B9
:206FA000FF3F098014D43B30015040F46D00ED013C7A0860DA90BE0FDAA03E023C33827463
:206FC0006DFF22FCDF12090014D43B30035040F46D00DB013C27DA712CF4DA022CF5DAA0C5
:206FE0002CF6DA03ACF191200028D9226EB689F29C293C18BB504AFA91300027F92FFCFD11
:2070000091300027D922FCFDDA712CF4DA022CF5DA902CF60C212CF70C222CF8DA05ACF182
:207020003C013C4191000027D9222030142FEE0814D43B20025040F46D00A7013C34DA71C1
:207040002CF4DA032CF591000027D9222430092FC0088F8F3EF016FF2CF691000027D922D5
:207060002430092FC0088F0F3FF016FF2CF791000027D9222430092FC008868F16FF2CF862
:2070800091000027D9222430092FC00816FF2CF9DA06ACF13C0814D43B20015040F46D00B9
:2070A00074013C010090024F6D004E127E28910000F7D9FF2840DA012CF13C116D003C1202
:2070C0007E28910000F7D9FF2840DA022CF13C07910000F7D9FF2840DA002CF10090404C2B
:2070E000405F085F6DFF6CFB762914C43B70035040F46D004A011D00120182103E0C8220A8
:207100005F0F2B0082305F0F860082405F0FA3001D00FE0014CF8B0F04F02CF4824491005A
:207120000047D94418306DFFBAF9DF120E8049F4060A91000057D955183082446D00031311
:20714000DA06ACF13C0714C43B50035040F46D001C011D00E40049F4060A91000057D95597
:20716000183082146DFF6DFBDF121A8014CF8B0F04F02CF4DA02ACF191000047D94418308B
:20718000821482456D000113910000F7D9FF1C30DA0034FF82346D0001013C3A9100002705
:2071A000D9221C3091000047D9441C30144FC21F342F91000027D9221C30142F9130002875
:2071C000D92268BA14203F0F1E8091000027D92228403B0071F291300048D9444EBA144037
:2071E0004B0F11028920860891000027D9221C30DA00342F14C43B60035040F46D00C50083
:207200003C0714C43B50035040F46D00BE001D00860014CF8B0F04F02CF482449100004744
:20722000D94418306DFF3BF9DF120E8049F4060A91000057D955183082446D008412DA0676
:20724000ACF13C0714C43B50035040F46D009D003C6549F4060A91000057D9551830822468
:207260006DFFEFFADF121A8014CF8B0F04F02CF4DA02ACF191000047D9441830821482458A
:207280006D008312910000F7D9FF1C30DA0034FF82746D0083003C3A91000027D9221C30D8
:2072A00091000047D9441C30144FC21F342F91000027D9221C30142F91300028D92268BA9E
:2072C00014203F0F1E8091000027D92228403B0071F291300048D9444EBA14404B0F1102E6
:2072E0008920860891000027D9221C30DA00342F14C43B60035040F46D0047003C0714C452
:207300003B50035040F46D0040003C0814C43B20015040F46D0039003C0100902018913046
:2073200000F8D9FF60BA49FF000A49A2000AA07404FF242FFC4EDA00ACA4DA00ACA53B8058
:20734000004049A4000A49A5080A49A60A0A6D00E210DF12138009AFC808ACA649A40E0A31
:2073600049A5000A3B8000406DFFDFF749A40C0A6DFFD3CC6D00E50D0090910000F7D9FF7B
:20738000284034F40090DA7F2C448944050889450608DA03AC410090910000F7D9FF28402C
:2073A00028240090910000F7D9FF284091000027D9222840092FC408A24FACF2009091005A
:2073C00000F7D9FF284091000027D9222840092FC608A24FACF30090095FC2081E28144465
:2073E0003B30015040546DFFD0FF3C1F0C5582003E053B0008003E0D3C1114408B000400C3
:20740000895004082C55DA02AC516DFF3DFC3C0DDA00AC516DFF38FC3C0814443B20015080
:2074200040546DFFB2FF3C010090404C405D82186DFF29F6DF120B00DF180980820814C4A2
:207440003B40025040D46DFFA0FF0CD591000027D92218405420BE04820814C43B400250EF
:2074600040D46DFF92FF6DFF16F682046DFF94F691000027D9221840820074203C1A9100FF
:2074800000F7D9FF184091000027D92218405420C21074F0910000F7D9FF184054F0DAFF3B
:2074A0007F0F0880910000F7D9FF1840DA0074FF09DFC208C2EF370F6890910000F7D9FFB0
:2074C0001C4054F449D4060A02956DFF22F6DF120C00DF180A80820814C43B20025040D41F
:2074E0006DFF53FF3C17910000F7D9FF1C4091000027D9221C405420429074F0910000274E
:20750000D9221C40910000F7D9FF1C40482FA29F6C22910000F7D9FF1C40482FEE0CDF18EE
:207520000B80910000F7D9FF1840DA0074FF82246DFF32F6DF18098014CF8B0F04F02CD490
:20754000DA04ACD13C0C6DFFA6F582046DFF24F6910000F7D9FF1840DA0074FF009020A818
:207560008208913000F8D9FF306A49FF000A49A2000AC504270044FF642FFC4E82098200F2
:2075800089A0202849A4000A49A5020A49A6040A6D00EA0FDF120D806DFF1AF9DF12040034
:2075A0006DFF72FB09A4C0086DFF7FFD3C031D00850049A4202A6DFFF3F8402C09A04408C5
:2075C0003C5B538820F010CF14F15F1053808219538820F010CF08246DFF05F9DF120B000C
:2075E00009A444083B10015049A4000A6DFFCDFE3C4A538820F010CF08146DFF11F9DF12F5
:207600000B0009A444083BF0075049A4000A6DFFBCFE3C39538820F010CF08346DFFF4F8F4
:20762000DF120B0009A444083B30035049A4000A6DFFABFE3C28A00FF827A002538820F0CC
:2076400010CFC81F7DF20E00538820F010CFC81F538820F010C449A5000A2D0F00003C08FF
:2076600009A44408824549A4000A6DFF8EFE3C0BC2183708688009AF60287FF80580A00F28
:207680007DCFA1FFDF190A0009A444083B10015049A4000A6DFF79FE09AFC2086E0E6D0022
:2076A0005B0FB4A209A4C00809A49C2909A5C20849A5040A6D00031000906DFF79F8762428
:2076C00082146DFF71FE6DFF7BF8762482146DFF78FE6DFF6DF8DF0211806DFF79F8DF1237
:2076E0000D0082146DFF4BFE82146DFF57FE6DFFD2F482046DFF50F50090404C405D820037
:2077000014CF8B0F04F02CD40CD58F8F20800CD6A6F809DFC208FF4F0A8014C43B300150BB
:2077200040D46DFF32FE1D00FC0082091D00E90053C920F091000027D92200401022092F66
:20774000C0085F8FDA8009D0C208C2D053C920F0910000F7D9FF004010FF08BF7F0F0A00AA
:2077600014C43B30015040D46DFF0FFE1D00D90053C920F0910000F7D9FF004010FF082FE0
:20778000EE0914C43B20025040D46DFFFEFD1D00C80053C920F0910000F7D9FF004010FF32
:2077A000083FDF1F3B8053C920F0910000F7D9FF004010FF09F4060949D4070A09DFC20802
:2077C000C2DF370F68506D00AD00F62914C43B20075040D46DFFD9FD1D00A30053C920F005
:2077E000910000F7D9FF004010FF082F5E2A53C920F0910000F7D9FF004010FFDA002CF248
:2078000053C920F0910000F7D9FF004010FF09DFC208C2DF2CFA3C6553C920F0910000F7BF
:20782000D9FF004010FF083FDF2F3A8053C920F0910000F7D9FF004010FF09F4060949D40E
:20784000070A09DFC208C2DF370F68506D006A00F62814C43B20075040D46DFF96FD3C6098
:2078600053C920F0910000F7D9FF004010FF082F5E2A53C920F0910000F7D9FF004010FF93
:20788000DA002CF253C920F0910000F7D9FF004010FF09DFC208C2DF2CFA3C2382003C116E
:2078A00053C920F0910000F7D9FF004010FF09FF0609600F10F201D000F6087F342FC210E2
:2078C00009DFC208C2DF3FF0ED7F53C920F0910000F7D9FF004010FF09DFC208C2DF2CFA66
:2078E000BB00F0FF268F868F2CD58FF80FF12CD6DA03ACD13C15C21037006800C219BF29AB
:2079000019FF760814C43B10035040D46DFF3DFD3C0714C43B20025040D46DFF36FD009096
:20792000404F025840F402856DFF63F5F629DA003C0510F282003420C21F3F8FFC7F3C0166
:207940000090A00F7D6F03803C23A00F7D5F0500A00F7D4F0580DA04346F3C1AA00FD452DE
:207960007D2F0680F454DA00346F3C12D45F3C077DF40580DA05346F3C0BC84FA002C845C7
:207980007D52F8FFE844A00FEC44DA00346F009020080B451088404CA00FF4AFA00F7DCF20
:2079A00004801D00A5003B004A00910000F7D9FF5C7009F1C008A210910000F7D9FF3C4080
:2079C00001F000F680FF16038B48010042F0910000F7D9FF5C7009F1C0087F010680DA0351
:2079E00034CF1D00850049A4000A029440C56D009B0014C0F604DA0534CF3C796E0D9100D7
:207A000000F7D9FF5C7091000027D9225C700920C008A2F0B4F03B004AF0910000F7D9FF50
:207A20005C7009F0C008A20F910000F7D9FF3C4010FFF4AFD4AFB4F9D4AFA002E842D4AF78
:207A4000A818D4AFDA00ACF2D4AFDA00ACF3D4A23B004AF0910000F7D9FF5C7009F0C00897
:207A6000A20F910000F7D9FF3C4010FF49FF140AEC23D4AFDA002CF83B004AF0910000F777
:207A8000D9FF5C7009F0C008A20F910000F7D9FF3C4010FF49FF140A3B004AF09100002752
:207AA000D9225C700920C008A20F91000027D9223C401022012F20F080FF370F70F042F85D
:207AC00037087000910000F7D9FF5C7091000027D9225C70092FC008A20FB4FFD4A49100DF
:207AE0000057D955384040C66DFF2DFF00902008404CA00FF4AFA00F7DCF03803C1349A49B
:207B0000000A40C56D00100014CF6E023C0BD4AFDA002CF8D4AFD4A2092FC608ACF2DA0047
:207B200034CF0090A00F7D5F03803C1AA00F7D4F0580DA04345F3C14910000F7D9FF3840B5
:207B4000D4FF3C0909FFC0087E45DA00345FF44F3C07C84FA0027DF2F7FFDA02345F00906A
:207B60002008404C405DA00FF4AFA00F7DDF03803C3BA00F7DCF0580DA0434DF3C3549A48E
:207B8000000A40D56DFFD0FF14DF6E023C2DD4AF088FDE1ED4AF09FFC408D4AF09F0C60808
:207BA0007FF00E80D4AF09FFC208D4AF09F0C408A20FD4AF09F0C608420F3C08D4AF09FF10
:207BC000C608D4AF09F0C408A20FB4CF3C0BD4AF088F5E26D4AF09FFC208B4CF3C03DA0085
:207BE000B4CFDA0034DF00902008404C405DA00FF4AFA00F7DDF03803C3BA00F7DCF05805D
:207C0000DA0434DF3C3549A4000A40D56DFF8CFF14DF6E023C2DD4AF088FDE1ED4AF09FF92
:207C2000C408D4AF09F0C6087FF00A80D4AF09FFC408D4AF09F0C608A20F3C0CD4AF09FF10
:207C4000C208D4AF09F0C408420FD4AF09F0C608A20FB4CF3C0BD4AF088FEE06D4AF09FF63
:207C6000C208B4CF3C03DA00B4CFDA0034DF009020080B451088404C405D406EA00FF4AF65
:207C8000DA00ACA2A00F7DEF03803C61A00F7DCF0600A00F7DDF0300F694DA0434EF3C5754
:207CA00049A4040A028440E56DFF5CFF14EF6E023C4E49A4000A028440E56DFF35FF14EF15
:207CC0006E023C4509AFC4087FF903803C0309A9C40889A98408B4D982003C2501C0002662
:207CE000D4AFC83FD4A4094FC40810FF14FF342FD4AFD4A2092FC408C21FACF2D4AF09FFD2
:207D0000C408D4AF09F1C2083F1F0B80D4AFD4A2092FC408D4A20921C208A21FACF2C210CF
:207D20003700700009AFC4083FF0DAFFD4AF09FFC608D4AF09F0C4087E05D4AFDA002CF86B
:207D40003C04D4AFDA012CF8DA0034EF009020080248404C0259405DA00FF4AFDA00ACA264
:207D6000A00F7DDF03803C58A00F7DCF0580DA0434DF3C5249A4040A028440D56DFF36FFAB
:207D800014DF6E023C4909AFC4087F9F0580DA0334DF3C4249A4000A028440D56DFFC4FEA6
:207DA00014DF6E023C3982003C25D4AFC83FD4A2092FC60810FF01C00026142F34FFD4AF13
:207DC000D4A2092FC608C21FACF3D4AF09FFC608D4AF09F1C2083F1F0B80D4AFD4A2092FED
:207DE000C608D4A20921C208A21FACF3C210370070003F90DCFFD4AF09FFC608D4AF09F0F3
:207E0000C4087E05D4AFDA022CF83C04D4AFDA012CF8DA0034DF0090913000FF39FF201623
:207E20009602913000FFE9FF20163C013C003C013C000090024F0B56108891200048D944EA
:207E4000F0976DFFF9C60BF8104802966D00380900906D009D00DF1206806D00D20B6DFF08
:207E60002EFC6D0080096DFF7CFB6DFF59FA00900944C0083B800050B0246D00EB080090CC
:207E80000D0000026D002D00910000F7D9FFE4C2D4F4910000F7D9FFE4C208446DFFF4EBCE
:207EA000910000F7D9FFE4C2D4FD910000F7D9FFE4C20848910000F7D9FFE4C24829534883
:207EC00020F010DC534820F010DF48CF534820F010DF48CF429F6CCC0D00400200809100CB
:207EE00000F7D9FF647054FFC21F370F70F06E1A910000F7D9FF647091000027D9226470C2
:207F0000542FC21F74FF910000F7D9FF647054FF82E03F0F0880910000F7D9FF6470DA01BC
:207F200074FF910000F7D9FF607054FFC21F370F70F06E1A910000F7D9FF60709100002754
:207F4000D9226070542FC21F74FF910000F7D9FF607054FF82E03F0F0880910000F7D9FF64
:207F60006470DA6474FF009085FF100085F02C008200A60F3C01913000F8D9FFCCF909F0F4
:207F800040090F0F80203C013C0100908202910000F7D9FF647054FF6E0D8212910000F72E
:207FA000D9FF647091000027D9226470542FC2FF74FF3C010090A00F91000027D9226C90AC
:207FC000D4227D2F0F00910000F7D9FF6C90D4FF2D0F0000910000F7D9FF7490A002F4F299
:207FE0006D000500DF120200009020088208DA0034AF3B40074049A4000A6DFF7AFD14AFBE
:20800000EE02821802823C01009020100B451088404CDA00ACA1F69382023C353B2005409C
:2080200049A4020A49A5000A6DFFE0FD14AFEE0709AFC2088B8900007F0F048082023C23C3
:2080400089A8840889A98608A00FF8023B20054049A4040A3B80005049A5000A6DFF79FE79
:2080600014AF6E0382023C0F3B20054049A5000A40C402956DFF6DFE14AF6E0382023C03FC
:2080800082123C0100902010404F405C406DDA00ACA13B40054049A4020A49A5000A6DFF33
:2080A00061FD14AFEE0809AFC2086E0509AFC208FF8F048082023C353B4005403B80005060
:2080C00049A4040A49A5020A49A6000A6DFFD2FD14AFEE0509A0C208DA083E0382023C214A
:2080E0003B40054009A5C60849A5020A49A6000A40D46DFFBFFD14AFEE0609AFC60809A02F
:20810000C2083E0382023C0D09AFC408B4FF09AFC60834CF09A488096D006D0A82123C01D4
:2081200000902008404F405C91000027D9221043092FCC0834AF91000047D9442C138204AD
:208140003B400A506DFF10F191000047D944104382043B400A506DFF07F191000027D92223
:208160005080DA00742FA0046D00450A14FFEE16085F86CFEE03DA013C02DA005E14DA014E
:2081800034CF3C0B085F86CF5E13DA013C02DA005E14DA0234CF3C013C25910000F7D9FF26
:2081A000104349F4080A49A5000A910000F7D9FF104349F60E0A6DFF68FFDF121480910032
:2081C00000F7D9FF104314AFACF614AFBF8F0480DA013C02DA005E14DA0634CF3C03DA051D
:2081E00034CF82023C010090404C405D91000027D9222C13092FC408EE03DA013C02DA0028
:208200005E16DA0034DF82321D0021010CC46E0314CF5E1482021D001A010CC586CFEE03A1
:20822000DA013C02DA001E180CC586CF5E13DA013C02DA005E16DA0034DF82621D00070121
:2082400091000027D9222C13092FC80809C0C2083E053B9000201D00FA000CC586CF5E23A5
:20826000DA013C02DA001E153B9000201D00EF00910000F7D9FF2C1314F00CC5160F7E03C7
:20828000DA013C02DA001E1482421D00E000910000F7D9FF2C1309F0CA080CC4C2FF42F0CB
:2082A000910000F7D9FF2C1309FFCC083FF00400DA013C02DA00DF1F3880910000F7D9FF07
:2082C0002C1309FFCA08910000F7D9FF2C1310FF49F40E0A49C5060A910000F7D9FF2C13C5
:2082E00009F4CC08910000F7D9FF2C1309FFCA08A2F46D00280A910000F7D9FF2C1309F463
:20830000C808910000F7D9FF2C1309F5CC08910000F7D9FF2C1349F40E0A6DFF78FEDA006C
:2083200034DF1D009200910000F7D9FF687009FFC8086E10910000F7D9FF2C13081F910096
:2083400000F7D9FF687009F0C8083F0F0480DA013C02DA00DF1F2280910000F7D9FF2C13A9
:2083600091000027D9226870092FD20891000027D922687014204B0F0102A820910000F7F4
:20838000D9FF508091000027D9222C13092FC40874FFDA0734DF3C37910000F7D9FF2C13C6
:2083A00091000027D9222C13142FC21F34FF910000F7D9FF2C1314F0DA0F7F0F0880910041
:2083C00000F7D9FF2C13DA0034FF910000F7D9FF2C1391000027D9226870092FD6089100B1
:2083E0000027D922687014204B0F0102A820910000F7D9FF508091000027D9222C13092FD0
:20840000C40874FF910000F7D9FF2C1309FFCA08910000F7D9FF2C1310FF49F40E0A49C593
:20842000060A0CC492F46D008E09910000F7D9FF2C1391000027D9222C130920CA080CC476
:20844000C2FF42F0A85082023C010090910000F7D9FF104309FFC408EE03DA013C02DA0075
:208460005E15DA00345F82323C6D0C446E03144F5E1382023C670C4586CF5E33DA013C02B3
:20848000DA001E143B9000203C5D0C45160F5E26DA00345F3B8000203C55DF1F2180910049
:2084A00000F7D9FF104391000027D9226870092FD00891000027D922687014204B0F0102E3
:2084C000A820910000F7D9FF508091000027D9221043092FC40874FF82023C34EE2B910089
:2084E00000F7D9FF10430C462CF1910000F7D9FF7C900C47B4FF910000F7D9FF1043910035
:208500000027D9226870092FD40891000027D922687014204B0F0102A820910000F7D9FF09
:20852000508091000027D9221043092FC40874FF3C05DA00345F82523C05DA08345F820232
:208540003C0100902008404F405CDA0074AF084F6E0314FF5E143B9000203C67085F86CF67
:208560005E13DA013C02DA001E143B9000203C5D084440F4B05449A5000A6D005B07DF12A5
:2085800005003B9000203C5191000027D9222C1309FFC208AC2491000027D9222C1354AFD5
:2085A000AC2691000027D9222C1391000047D9446870094FD20891000047D94468701440D7
:2085C0004B0F01028920840891000027D922508091000047D9442C13094FC408742F9100FA
:2085E0000027D9222C1349240E0A49F5070A084F92E46D00A80891000027D9222C139100D9
:208600000047D9442C130940CA08084FC2EF42F089208A08DA0734CFDA0134FFDA002CF43B
:20862000DA00ACF182023C0100902008404F405CDA00B4AF084F6E0314FF5E143B900020AA
:208640003C27085F86CFEE03DA013C02DA001E143B9000203C1D084440F4B05449A5000A25
:208660006D000F07DF1205003B9000203C1109F4C20809A5C00849F4060A6DFFC8FCF62475
:208680003B9000203C05DA0034CF82023C010090910000F7D9FF649014FFDE17A00F9100E4
:2086A0000027D9227090D4227D2F0F00910000F7D9FF7090D4FF2D0F0000910000F7D9FF18
:2086C0007090A002F4F23C0F5E2E910000F7D9FF6490DA0034FF910000F7D9FF7090A002D8
:2086E000F4F23C0100902008405C913000F8D9FF69BA49FF000A49A2000AA07404FF242F9E
:20870000FC4E910000F7D9FF104309FFC208EE03DA013C02DA00EE0482021D00E60091009C
:2087200000F7D9FF104309FFC408EE03DA013C02DA005E16DA0034CF82221D00D6008224D1
:2087400049A4000A6D00F805910000F7D9FF104314F014AF16F0A6F034A0910000F7D9FF6E
:20876000104309FFCC08910000F7D9FF104309F0CA08A20F370F68F082346D00F005913024
:208780000048D944A8386D005A05BF7F488049A4010A910000F7D9FF104309FFCA089100AC
:2087A00000F7D9FF104310FF49F50E0A82746D00CA07910000F7D9FF6870C872910000F704
:2087C000D9FF104309F4C8083B80005049A4000A91300058D9556209910000F7D9FF6870B5
:2087E00048662D020000DF120D0082246D00B705A0046D002405DA0034CF3B9000203C741D
:20880000910000F7D9FF104391000027D9221043092FCA08C27FACF53C4649A4010A9100A8
:2088200000F7D9FF104309F0CA08910000F7D9FF104301F000F649F50E0A02F46D0083076E
:208840009215910000F7D9FF6870C872910000F7D9FF104309F4C80849A4000A913000586F
:20886000D9556209910000F7D9FF687048662D020000DF120D0082246D007105A0046D00B2
:20888000DE04DA0034CF3B9000203C2E910000F7D9FF104391000027D92210430920CA0810
:2088A00042F0A850910000F7D9FF104391000027D9226870092FCC0891000027D9226870B9
:2088C00014204B0F0102A820910000F7D9FF508091000027D9221043092FC40874FFDA09AF
:2088E00034CF82023C010090910000F7D9FF104309FFCA08910000F7D9FF104309F0CC0817
:208900003F0F0480DA013C02DA005E1C82046D00EC05910000F7D9FF6890DA0034FF1D00B2
:208920008E00910000F7D9FF104391000027D9227C90092FC00891000027D9226870142078
:208940004B0F0102A810910000F7D9FF1043081F6E36910000F7D9FF104391000027D9221E
:2089600010430C21C2FF2CF1910000F7D9FF1043081FEE25910000F7D9FF6890DA0334FF44
:20898000910000F7D9FF104391000027D9226870092FD00891000027D922687014204B0F70
:2089A0000102A820910000F7D9FF508091000027D9221043092FC40874FF3C40910000F73B
:2089C000D9FF104391000027D9221043142FC21F34FF910000F7D9FF104314F0DA0F7F0FE1
:2089E0000880910000F7D9FF1043DA0034FF910000F7D9FF104391000027D9226870092FB9
:208A0000D40891000027D922687014204B0F0102A820910000F7D9FF508091000027D922B3
:208A20001043092FC40874FF82146DFFF6EA910000F7D9FF6890DA0834FF00902008405CC9
:208A4000913000F8D9FF69BA49FF000A49A2000AA07404FF242FFC4E910000F7D9FF2C13C8
:208A600009FFC408EE03DA013C02DA001E1482021D00A200823449A4000A6D005D049100BD
:208A800000F7D9FF2C1309F0CC08DA967F0F07800CA116F096022CA13C040CA116F02CA19E
:208AA000910000F7D9FF687009FFC8082CA1910000F7D9FF687009FFC8086E0C910000F7C7
:208AC000D9FF2C1391000027D9222C130C21C21F2CF1910000F7D9FF2C1391000027D92210
:208AE0002C13142FC21F34FF910000F7D9FF2C1314F0DA0F7F0F0880910000F7D9FF2C139F
:208B0000DA0034FF910000F7D9FF687009FFCA082CA2910000F7D9FF2C1391000027D92216
:208B20006870092FCE0891000027D922687014204B0F0102A820910000F7D9FF50809100AA
:208B40000027D9222C13092FC40874FF82346D00060491300048D944B6E86D0070039100DB
:208B600000F7D9FF6870C872910000F7D9FF687009F4C6083B80005049A4000A91300058F6
:208B8000D9556209910000F7D9FF687048662D020000DF120680DA0934CF82023C0C822458
:208BA0006D00DD03A0046D004A03DA0034CF3B9000203C010090910000F7D9FF2C1309F0DD
:208BC000CC08DA967F0F0980910000F7D9FF6890DA0034FF3C24910000F7D9FF2C13910045
:208BE0000027D9226870092FD60891000027D922687014204B0F0102A820910000F7D9FF21
:208C0000508091000027D9222C13092FC40874FF910000F7D9FF6890DA0434FF00902008FA
:208C2000405C913000F8D9FF69BA49FF000A49A2000AA07404FF242FFC4E910000F7D9FF89
:208C4000104309FFCC08BF8F0480DA013C02DA001E16DA0534CF3B8000203C78821449A4F8
:208C6000000A6D00690314AF16F034AF14AF910000F7D9FF104309F0CC088680A60F34AF84
:208C80000CA1910000F7D9FF104309F0CC08A60F2CA182346D00630391300048D944CC5852
:208CA0006D00CD0249A4020A910000F7D9FF104349F50E0A82646D004605910000F7D9FF78
:208CC0006870C872910000F7D9FF104309F4C8083B80005049A4000A91300058D95562094E
:208CE000910000F7D9FF687048662D020000DF120D0082246D003303A0046D00A002DA008B
:208D000034CF3B9000203C22910000F7D9FF104391000027D9226870092FCC089100002705
:208D2000D922687014204B0F0102A820910000F7D9FF508091000027D9221043092FC408CD
:208D400074FFDA0934CF82023C010090910000F7D9FF104391000027D9221043092FCA08A6
:208D6000C26FACF5910000F7D9FF104391000027D9226870092FD00891000027D922687048
:208D800014204B0F0102A820910000F7D9FF508091000027D9221043092FC40874FF91003C
:208DA00000F7D9FF104391000027D9221043142FC21F34FF910000F7D9FF104314F0DA0F94
:208DC0007F0F0880910000F7D9FF1043DA0034FF910000F7D9FF6890DA0334FF009020089D
:208DE000405C913000F8D9FF69BA49FF000A49A2000AA07404FF242FFC4E910000F7D9FFC8
:208E0000104309FFCC08BF8F0480DA013C02DA005E17DA0634CF3B9000201D0087009100E6
:208E200000F7D9FF104309FFCC08EE03DA013C02DA005E16DA0034CF3B9000203C768204DC
:208E400049A4000A6D00780214AF16F034AF14AF910000F7D9FF104309F0CC08A60F34AFAD
:208E600014AFC21F370F68F049A4010A910000F7D9FF104349F50E0A910000F7D9FF1043FC
:208E800009F4CC086D005F0482346D00680291300048D944EAC86D00D201910000F7D9FF2C
:208EA0006870C872910000F7D9FF104309F4C80849A4000A91300058D9556209910000F7EF
:208EC000D9FF6870486602F52D020000DF120D0082246D004402A0046D00B101DA0034CF17
:208EE0003B9000203C22910000F7D9FF104391000027D9226870092FCC0891000027D9222C
:208F0000687014204B0F0102A820910000F7D9FF508091000027D9221043092FC40874FF73
:208F2000DA0934CF82023C01009082046D00DD02910000F7D9FF6890DA0034FF0090A00F84
:208F400091000027D9227490D4227D2F0F00910000F7D9FF7490D4FF2D0F0000910000F7AE
:208F6000D9FF7490A002F4F20090405C910000F7D9FF508054FFEE03DA013C02DA00DE1B01
:208F8000A002910000F7D9FF6870C89F7DF20900910000F7D9FF6870C89F2D0F0000822497
:208FA0006D00A30282246D00DA01A0046D004701DA0034CF82023C01009020100248404F21
:208FC000405C82098200B4A03B40074049A4000A49A5020A6DFFC6F50CA2EE3809A0C00875
:208FE000BF9035803B4007403B80005049A4040A49A5000A49A6020A6DFF3CF60CA2EE0672
:2090000009A0C008DA087E028219DF1920803B40074049A5000A49A6020A028540F46DFF6E
:2090200029F60CA2EE1309AFC008FE8009AFC6083FF80D80821909A2C40989C2C009910062
:2090400000F7D9FF7490580274FF02923C01009020180B451088404FDA00B4AF824ABF99FF
:2090600003803C2C3B20074049A4000A49A5020A6DFFBCF50CA2EE229A4909A0C0083FF014
:209080001E0089A8860889A984083B20074049A4040A49A5020A02A56DFF5BF60CA26E021C
:2090A0003C0D3B20074009A5C40849A5020A40F46DFF4FF60CA26E023C01009020089100C8
:2090C00000F7D9FF6870A814910000F7D9FF6870A825910000F7D9FF6870A8363B6009402E
:2090E0003B20055049A4000A6DFF54F414AF6E033C013C003B6009403B40055049A4000ABD
:209100006DFF48F414AF6E033C013C003BC012403B20075049A4000A6DFF3CF414AF6E0334
:209120003C013C003BC012403B40075049A4000A6DFF30F414AF6E033C013C00009082024F
:20914000910000F7D9FF687009FFC2083E48910000F7D9FF687009FFC4087E4282123C01E2
:20916000009020108208913000F8D9FF38AA49FF000A49A2000AA03444FF642FFC4E82096C
:20918000910000F7D9FF689014F0DA09BE08910000F7D9FF6870C88F49A4020A49A5040A46
:2091A00049A6050A2D0F0000DF120A8009A4C2086DFFC7FFDF120480820034A03C3A91007F
:2091C00000F7D9FF689014F0538820F0910000F7D9FF548010FF14F15F101E80A002538807
:2091E00020F0910000F7D9FF548010FFC81F7DF21300538820F0910000F7D9FF548010FF85
:20920000C81F49A4000A91000057D95568902D0F00000229DF690D007697910000F7D9FF39
:209220006890DA0034FFC218370868803C028208BFA8C7FF6DFF2EFA0090910000F7D9FFAF
:209240007090F4F400902008404C405D406EDA00B4AFDA00ACA182483B20074049A4000AD0
:2092600049A5040A6DFF7EF40CA4EE5D09AFC0083F8F5A803B20074091000047D94440A07A
:2092800049A5020A49A6040A02856DFFF3F40CA4EE4909AFC0083F8F46803B2007409100CF
:2092A00000F7D9FF40A009F5C00891000047D94440A0B04449A5000A49A6040A6DFFDAF441
:2092C000910000F7D9FF40A009F4C2086DFF39FFDF12040082023C2E910000F7D9FF40A0C0
:2092E00009FFC208B4CF910000F7D9FF40A009FFC00834DFDA003C0C10E2910000F7D9FF82
:2093000040A010FF08403420C21F370F68F0910000F7D9FF40A009F0C0083F0FEFFF821272
:209320003C093C0609AFC008EE030CA46E0182023C0100907647DF140600DF340400DF24F5
:209340000B80144F160F344F144F8644A64F344F82123C0382023C010090910000F7D9FF4E
:20936000649034F4009020180248025A404C405DDA00B4AF913000F8D9FF69BA49FF000AF7
:2093800049A2030AA07404FF242FFC4E3B000190BF9A048082023C453B40074049A4000ABA
:2093A00049A5020A6DFF22F40CA2EE3909AFC0083F9F368089A88C08DA08ACA780DF780473
:2093C00049A4030A40C502A46D00BD013B40074049A40C0A3B80005049A5020A6DFFB9F4DA
:2093E0000CA26E093B40074049A4020A6DFF81F382023C173B40074049A4030A3B8000500F
:2094000049A5020A6DFFA5F40CA26E093B40074049A4020A6DFF6DF382023C0382123C010D
:209420000090910000F7D9FF6490DA0134FF0090BF840980144F86CF5E13DA013C02DA00C2
:209440001E1382023C1C144F160F8F8F20000C41A6F0F60C82013C088F800000014100F646
:20946000082FA6F0C211BF41F9FFFF80048082023C028212DF12038074503C010090820272
:20948000BF240980144F86CFEE03DA013C02DA001E1382023C28FF941180144F160FFF8F71
:2094A0000C806E0A82107605C2F40BF450213C04C2E40BF450213C13144F160FEE100C41FD
:2094C0003BE003003FF00C806E0A82107605C2F40BF450213C04C2E40BF45021DF1203803E
:2094E000B45F3C010090A00F91000027D9227890D4227D2F0F00910000F7D9FF7890D4FF36
:209500002D0F0000910000F7D9FF7890A002F4F200902008405F406C49A5000A6DFF4FFD6C
:20952000DF12088009AFC008B4FF09AFC208B4CF3C010090910000F7D9FF687009F2C208B0
:209540003C010090910000F7D9FF687009F2C4083C010090910000F7D9FF687009F2C60871
:209560003C0100902010404F405C406DDA00ACA13B20054049A4020A49A5000A6DFFF2F20E
:2095800014AFEE0509AFC208FF8F048082023C313B2005403B80005049A4040A49A5020AF0
:2095A00049A6000A6DFF66F314AFEE0509A0C208DA083E0382023C1D3B20054009A5C608A8
:2095C00049A5020A49A6000A40D46DFF53F314AFEE0609AFC60809A0C2083E0382023C0918
:2095E00009AFC408B4FF09AFC608B4CF82123C010090910000F7D9FF7890F4F40090910059
:2096000000F7D9FF2C1309FFC2086E0D910000F7D9FF2C1391000027D9222C13092FC2085C
:20962000C2FFACF1910000F7D9FF2C1309FFC4086E0D910000F7D9FF2C1391000027D9228C
:209640002C13092FC408C2FFACF2910000F7D9FF104309FFC2086E0D910000F7D9FF1043B5
:2096600091000027D9221043092FC208C2FFACF1910000F7D9FF104309FFC4086E0D9100F1
:2096800000F7D9FF104391000027D9221043092FC408C2FFACF2910000F7D9FF508054FFBC
:2096A0006E0C910000F7D9FF508091000027D9225080542FC2FF74FF009020100B4510881E
:2096C000405FDA00ACA18B8900A089A8840889A9860889A488096DFF3FFF5F28040082021C
:2096E0003C30F69382023C2D3B40054049A4020A49A5000A6DFF7AF214AFEE0509AFC208C7
:209700007FAF048082023C1D3B40054049A4040A3B80005049A5000A6DFF1BF314AF6E034E
:2097200082023C0F3B40054049A5000A40F402956DFF0FF314AF6E0382023C0382123C01A1
:209740000090404F014530F4EE0601540026014230F4EE0B3C06095F000834FFB015B01F38
:20976000024FC2F4EEF93C0D3C0A014400F601540026092F3FF889FF3FF8C2F4FF14F7FFC9
:2097800040423C010090404F3C0334F4B01F025FC2F5EEFC40423C01009000000000000064
:2097A0000000000000000000000000000000000000000000000000000000000000000000A9
:2097C000000000000000000000000000000000000000000000000000000000000000000089
:2097E000000000000000000000000000000000000000000000000000000000000000000069
:20980000000000000000000000000000000000000000000000000000000000000000000048
:20982000000000000000000000000000000000000000000000000000000000000000000028
:20984000000000000000000000000000000000000000000000000000000000000000000008
:209860000000000000000000000000000000000000000000000000000000000000000000E8
:209880000000000000000000000000000000000000000000000000000000000000000000C8
:2098A0000000000000000000000000000000000000000000000000000000000000000000A8
:2098C000000000000000000000000000000000000000000000000000000000000000000088
:2098E000000000000000000000000000000000000000000000000000000000000000000068
:20990000000000000000000000000000000000000000000000000000000000000000000047
:20992000000000000000000000000000000000000000000000000000000000000000000027
:20994000000000000000000000000000000000000000000000000000000000000000000007
:209960000000000000000000000000000000000000000000000000000000000000000000E7
:209980000000000000000000000000000000000000000000000000000000000000000000C7
:2099A0000000000000000000000000000000000000000000000000000000000000000000A7
:2099C000000000000000000000000000000000000000000000000000000000000000000087
:2099E000000000000000000000000000000000000000000000000000000000000000000067
:209A0000000000000000000000000000000000000000000000000000000000000000000046
:209A2000000000000000000000000000000000000000000000000000000000000000000026
:209A4000000000000000000000000000000000000000000000000000000000000000000006
:209A60000000000000000000000000000000000000000000000000000000000000000000E6
:209A80000000000000000000000000000000000000000000000000000000000000000000C6
:209AA0000000000000000000000000000000000000000000000000000000000000000000A6
:209AC000000000000000000000000000000000000000000000000000000000000000000086
:209AE000000000000000000000000000000000000000000000000000000000000000000066
:209B0000000000000000000000000000000000000000000000000000000000000000000045
:209B2000000000000000000000000000000000000000000000000000000000000000000025
:209B4000000000000000000000000000000000000000000000000000000000000000000005
:209B60000000000000000000000000000000000000000000000000000000000000000000E5
:209B80000000000000000000000000000000000000000000000000000000000000000000C5
:209BA0000000000000000000000000000000000000000000000000000000000000000000A5
:209BC000000000000000000000000000000000000000000000000000000000000000000085
:209BE000000000000000000000000000000000000000000000000000000000000000000065
:209C0000000000000000000000000000000000000000000000000000000000000000000044
:209C2000000000000000000000000000000000000000000000000000000000000000000024
:209C4000000000000000000000000000000000000000000000000000000000000000000004
:209C60000000000000000000000000000000000000000000000000000000000000000000E4
:209C80000000000000000000000000000000000000000000000000000000000000000000C4
:209CA0000000000000000000000000000000000000000000000000000000000000000000A4
:209CC000000000000000000000000000000000000000000000000000000000000000000084
:209CE000000000000000000000000000000000000000000000000000000000000000000064
:209D0000000000000000000000000000000000000000000000000000000000000000000043
:209D2000000000000000000000000000000000000000000000000000000000000000000023
:209D4000000000000000000000000000000000000000000000000000000000000000000003
:209D60000000000000000000000000000000000000000000000000000000000000000000E3
:209D80000000000000000000000000000000000000000000000000000000000000000000C3
:209DA0000000000000000000000000000000000000000000000000000000000000000000A3
:209DC000000000000000000000000000000000000000000000000000000000000000000083
:209DE000000000000000000000000000000000000000000000000000000000000000000063
:209E0000000000000000000000000000000000000000000000000000000000000000000042
:209E2000000000000000000000000000000000000000000000000000000000000000000022
:209E4000000000000000000000000000000000000000000000000000000000000000000002
:209E60000000000000000000000000000000000000000000000000000000000000000000E2
:209E80000000000000000000000000000000000000000000000000000000000000000000C2
:209EA0000000000000000000000000000000000000000000000000000000000000000000A2
:209EC000000000000000000000000000000000000000000000000000000000000000000082
:209EE000000000000000000000000000000000000000000000000000000000000000000062
:209F0000000000000000000000000000000000000000000000000000000000000000000041
:209F2000000000000000000000000000000000000000000000000000000000000000000021
:209F4000000000000000000000000000000000000000000000000000000000000000000001
:209F60000000000000000000000000000000028000040000008002800004000000000380D2
:209F80000004000000800380000400000000048000040000008004800004000000000580A1
:209FA0000004000000800580000400000000068000080000000007800008000000000880EF
:209FC000000800000000098000080000FFFFFFFFFFFFFF7F000000AFFF1F00AF002000AF25
:209FE000FF3F00AF004000AFFF5F00AF006000AFFF7F00AF008000AFFF9F00AF00A000AF71
:20A00000FFBF00AF00C000AFFFDF00AF00E000AFFFFF00AF000001AFFF1F01AF002001AF4D
:20A02000FF3F01AF004001AFFF5F01AF006001AFFF7F01AF008001AFFF9F01AF00A001AF28
:20A04000FFBF01AF00C001AFFFDF01AF00E001AFFFFF01AF000000A0FF3F00A0004000A0F8
:20A06000FF7F00A0008000A0FFBF00A000C000A0FFFF00A0000001A0FF3F01A0004001A0E5
:20A08000FF7F01A0008001A0FFBF01A000C001A0FFFF01A0000002A0FF7F02A0008002A03D
:20A0A000FFFF02A0000003A0FF7F03A0008003A0FFFF03A0000004A0FF7F04A0008004A08E
:20A0C000FFFF04A0000005A0FF7F05A0008005A0FFFF05A0000006A0FFFF06A0000007A05D
:20A0E000FFFF07A0000008A0FFFF08A0000009A0FFFF09A000000AA0FFFF0BA000000CA01E
:20A10000FFFF0DA000000EA0FFFF0FA0000010A0FFFF13A0000014A0FFFF17A0000018A0B7
:20A12000FFFF1BA000001CA0FFFF1FA0008001F00000000000A203F00100000000000000E6
:20A14000008001F00100000000B403F00100000001000000008001F00000000000A203F0DE
:20A1600000000000A8000000008001F00100000000B403F000000000A8000000000000F086
:20A1800000000000040017B7D138000000000000030017B7D138000000000000020017B73A
:20A1A000D1380000000000001080FF1F1088FF1F0000000000000000000000000000000032
:20A1C00000000000000000000000000000000000000000000000000000000000000000007F
:20A1E00000000000000000000000000000000000000000000000000000000000000000005F
:20A2000000000000000000000000000000000000000000000000000000000000000000003E
:20A2200000000000000000000000000000000000000000000000000000000000000000001E
:20A2400000000000000000000000000000000000100703010C66028011050301FC660280F1
:20A2600027050101DE700280280703031C65028022070301A869028023050301D068028002
:20A280002E060103FA76028031070103AA6C0280340203078E6A0280360203072A740280A4
:20A2A000370203074C6C028085070303AE6502803E070301D87302800100000000000000E3
:20A2C00000000000000000000C00000000000000963007772C610EEEBA51099919C46D07A7
:20A2E0008FF46A7035A563E9A395649E3288DB0EA4B8DC791EE9D5E088D9D2972B4CB60991
:20A30000BD7CB17E072DB8E7911DBF906410B71DF220B06A4871B9F3DE41BE847DD4DA1A86
:20A32000EBE4DD6D51B5D4F4C785D38356986C13C0A86B647AF962FDECC9658A4F5C0114BA
:20A34000D96C0663633D0FFAF50D088DC8206E3B5E10694CE44160D5727167A2D1E4033C21
:20A3600047D4044BFD850DD26BB50AA5FAA8B5356C98B242D6C9BBDB40F9BCACE36CD83290
:20A38000755CDF45CF0DD6DC593DD1ABAC30D9263A00DE518051D7C81661D0BFB5F4B421F0
:20A3A00023C4B3569995BACF0FA5BDB89EB802280888055FB2D90CC624E90BB1877C6F2F92
:20A3C000114C6858AB1D61C13D2D66B69041DC760671DB01BC20D2982A10D5EF8985B17106
:20A3E0001FB5B606A5E4BF9F33D4B8E8A2C9077834F9000F8EA8099618980EE1BB0D6A7FF4
:20A400002D3D6D08976C6491015C63E6F4516B6B62616C1CD83065854E0062F2ED95066CD1
:20A420007BA5011BC1F4088257C40FF5C6D9B06550E9B712EAB8BE8B7C88B9FCDF1DDD62ED
:20A44000492DDA15F37CD38C654CD4FB5861B24DCE51B53A7400BCA3E230BBD441A5DF4A00
:20A46000D795D83D6DC4D1A4FBF4D6D36AE96943FCD96E34468867ADD0B860DA732D04441B
:20A48000E51D03335F4C0AAAC97C0DDD3C710550AA41022710100BBE86200CC925B56857E3
:20A4A000B3856F2009D466B99FE461CE0EF9DE5E98C9D9292298D0B0B4A8D7C7173DB359ED
:20A4C000810DB42E3B5CBDB7AD6CBAC02083B8EDB6B3BF9A0CE2B6039AD2B1743947D5EAED
:20A4E000AF77D29D1526DB048316DC73120B63E3843B64943E6A6D0DA85A6A7A0BCF0EE4D7
:20A500009DFF099327AE000AB19E077D44930FF0D2A3088768F2011EFEC206695D5762F7C2
:20A52000CB67658071366C19E7066B6E761BD4FEE02BD3895A7ADA10CC4ADD676FDFB9F930
:20A54000F9EFBE8E43BEB717D58EB060E8A3D6D67E93D1A1C4C2D83852F2DF4FF167BBD1DF
:20A560006757BCA6DD06B53F4B36B248DA2B0DD84C1B0AAFF64A0336607A0441C3EF60DFD6
:20A5800055DF67A8EF8E6E3179BE69468CB361CB1A8366BCA0D26F2536E2685295770CCC90
:20A5A00003470BBBB91602222F260555BE3BBAC5280BBDB2925AB42B046AB35CA7FFD7C248
:20A5C00031CFD0B58B9ED92C1DAEDE5BB0C2649B26F263EC9CA36A750A936D02A906099C6E
:20A5E0003F360EEB8567077213570005824ABF95147AB8E2AE2BB17B381BB60C9B8ED2922A
:20A600000DBED5E5B7EFDC7C21DFDB0BD4D2D38642E2D4F1F8B3DD686E83DA1FCD16BE81ED
:20A620005B26B9F6E177B06F7747B718E65A0888706A0FFFCA3B06665C0B0111FF9E658FB3
:20A6400069AE62F8D3FF6B6145CF6C1678E20AA0EED20DD75483044EC2B30339612667A73E
:20A66000F71660D04D476949DB776E3E4A6AD1AEDC5AD6D9660BDF40F03BD83753AEBCA911
:20A68000C59EBBDE7FCFB247E9FFB5301CF2BDBD8AC2BACA3093B353A6A3B4240536D0BAA3
:20A6A0009306D7CD2957DE54BF67D9232E7A66B3B84A61C4021B685D942B6F2A37BE0BB4B3
:20A6C000A18E0CC31BDF055A8DEF022D0200010310278813A9C6139199CD4395000000004F
:20A6E000AA000000000000000300000000000000000000001400DF070000000000000000B3
:20A7000015004C0700000000000000000A005C0700000000000000000B0023010000000035
:20A720000000000000000000000000000300000084A10280013B050017B7513910011202B1
:20A74000F00F3F0312221402FFFFFF0F020000000F000000010000000F0000000000000041
:20A760003F000000D5140000FF7F0000002D310100E1F505000000005AF10100000030017C
:20A780000070040490F101000100E800007010100000000000000000000000000100010044
:20A7A0000000000000000000010000000000000000000100190019004B000000190096006B
:20A7C000320000006693028046920280B67F02800000000022810280010000002A86028063
:20A7E0000200000044850280070000003C8A028004000000E881028005000000DE8D0280DC
:20A80000060000001E8C0280030000004C84028008000000E6860280090000006A8F028037
:20A82000000000000000000000000000000000000000000000000000000000000000000018
:20A84000000000000000000000000000000000000000000000000000002D3101FFFFFFFF9D
:20A860000100000000000000000000000000A0040000000000000000000000000000000033
:20A880000000010000000000000000000000000000000000000000000000000000000000B7
:20A8A00000000000000000000057304C30303034334D423534313332360000010000000009
:20A8C000000000000000000000000000000000000000000000000000000000000000000078
:20A8E000000000000000000000000000000000000000000000000000000000000000000058
:20A90000000000000000000000000000000000000000000000000000000000000000000037
:20A92000000000000000000000000000000000000000000000000000000000000000000017
:20A940000000000000000000000000000000000000000000000000000000000000000000F7
:20A960000000000000000000000000000000000000000000000000000000000000000000D7
:20A980000000000000000000000000000000000000000000000000000000000000000000B7
:20A9A000000000000000000000000000000000000000000000000000000000000000000097
:20A9C000000000000000000000000000000000000000000000000000000000000000000077
:20A9E000000000000000000000000000000000000000000000000000000000000000000057
:20AA0000000000000000000000000000000000000000000000000000000000000000000036
:20AA2000000000000000000000000000000000000000000000000000000000000000000016
:20AA40000000000000000000000000000000000000000000000000000000000000000000F6
:20AA60000000000000000000000000000000000000000000000000000000000000000000D6
:20AA80000000000000000000000000000000000000000000000000000000000000000000B6
:20AAA000000000000000000000000000000000000000000000000000000000000000000096
:20AAC000000000000000000000000000000000000000000000000000000000000000000076
:20AAE000000000000000000000000000000000000000000000000000000000000000000056
:20AB0000000000000000000000000000000000000000000000000000000000000000000035
:20AB2000000000000000000000000000000000000000000000000000000000000000000015
:20AB40000000000000000000000000000000000000000000000000000000000000000000F5
:20AB60000000000000000000000000000000000000000000000000000000000000000000D5
:20AB80000000000000000000000000000000000000000000000000000000000000000000B5
:20ABA000000000000000000000000000000000000000000000000000000000000000000095
:20ABC000000000000000000000000000000000000000000000000000000000000000000075
:20ABE000000000000000000000000000000000000000000000000000000000000000000055
:20AC0000000000000000000000000000000000000000000000000000000000000000000034
:20AC2000000000000000000000000000000000000000000000000000000000000000000014
:20AC40000000000000000000000000000000000000000000000000000000000000000000F4
:20AC60000000000000000000000000000000000000000000000000000000000000000000D4
:20AC80000000000000000000000000000000000000000000000000000000000000000000B4
:20ACA000000000000000000000000000000000000000000000000000000000000000000094
:20ACC000000000000000000000000000000000000000000000000000000000000000000074
:20ACE000000000000000000000000000000000000000000000000000000000000000000054
:20AD0000000000000000000000000000000000000000000000000000000000000000000033
:20AD2000000000000000000000000000000000000000000000000000000000000000000013
:20AD40000000000000000000000000000000000000000000000000000000000000000000F3
:20AD600001000000000000707EA8028001000000010000000400007044A8028004000000D2
:20AD80000100000008000070F4A602803800000001000000400000707FA80280010000008B
:20ADA000010000004400007080A8028001000000010000004800007081A8028001000000CE
:20ADC000010000004C00007082A8028001000000010000005000007048A8028008000000CE
:20ADE000010000005800007083A8028020000000010000007800007050A802800C0000004E
:20AE000001000000840000702CA702804C00000001000000D00000705CA8028008000000CD
:20AE200001000000D8000070A3A802800500000001000000E0000070A8A8028001000000D3
:20AE400001000000E400007064A802800200000001000000E8000070A9A8028011000000D0
:20AE600001000000FC000070BAA8028001000000010000000001007078A702801800000055
:20AE8000010000001801007066A8028004000000010000001C01007090A702801400000039
:20AEA00001000000300100706AA80280040000000100000034010070BBA8028001000000CC
:20AEC0000100000038010070A4A7028004000000010000003C010070BCA80280A0040000BF
:20AEE00001000000DC0500706EA802800200000001000000E005007070A80280080000006E
:20AF000001000000E8050070A8A7028028000000010000001006007078A8028004000000AD
:20AF20000100000014060070D0A702805000000001000000640600705CAD028001000000D6
:20AF400001000000680600705DAD028001000000010000006C06007020A802801000000048
:20AF6000010000007C0600707CA8028002000000010000008006007030A8028014000000D1
:20AF800002000000940600700000000006000000020000009C06007000000000CA000000C1
:20AFA000020000006807007000000000FD06000002000000680E0070000000004C23000056
:20AFC000000000000000000000000000000000000000000000000000000000000000000071
:02000004800971
:20050000912000E8D9EEF6B0DC0E00000000000000000000000000000000000000000000EB
:20054000912000E8D9EEECE0DC0E0000000000000000000000000000000000000000000085
:200C8000912000E8D9EEC0A7DC0E00000000000000000000000000000000000000000000A3
:20800000912000F8D9FF14930D00000202F4DC0F0000000000000000000000000000000048
:20802000912000F8D9FF10830D00000202F4DC0F000000000000000000000000000000003C
:20804000912000F8D9FF0C730D00000202F4DC0F0000000000000000000000000000000030
:20806000912000F8D9FF08630D00000202F4DC0F0000000000000000000000000000000024
:20808000912000F8D9FF04530D00000202F4DC0F0000000000000000000000000000000018
:2080A000912000F8D9FF00430D00000202F4DC0F000000000000000000000000000000000C
:2080C000912000F8D9FF1AB30D00000202F4DC0F0000000000000000000000000000000062
:2080E000912000F8D9FF18A30D00000202F4DC0F00900000000000000000000000000000C4
:040000058002002055
:00000001FF
