:02000004800278
:2000000073646820737468A0036568CA0BC30030009000000000000000000000000000006A
:20002000912000F8D9FF1403DC0F0090000000003256FF0626003B00FEFF3FF617000F6502
:2000400010308B0602601745802600903256FF0618003B00FEFF3FF60F000F6500308B0685
:200060000260174580260090A2F63705C13F0F6510200090A2F682030F6500200090DA2049
:200080007FF60700174580360F6400200090A2F682020F6400300090820C822D3C13075776
:2000A000FFCF8755BFDFCE57460546048B1480408B05A050CE77460746068B1680608B076E
:2000C000A07082028203820082013A260B2700F26E023C4F0B6430F10B7500F20B75A0F26F
:2000E0006E04024002513C453A640B7500F26E0382123C3F3B0004E00B6030F10B7100F2CF
:200100000B71A0F2DE1087559FFF06116701801F8B1FE0060248025906156745805F061456
:20012000C2FE3CEB0284029506F067101F0006F1C21E82087AE86E1D87559FFF06116701E8
:20014000801F8B1FE0060B60C0A00B71D0B007BB9FFF06156745805F061406136723803F27
:200160008B1FE0266E0302A002B1C2183FE8E67F76C7460346028B1280208B03A030DF2D2E
:200180000B00071DE0FF76F7460146008B1080008B01A010009091000027D922143009264A
:2001A0004009007091000047D94444E06D006101910000F7D9FF44E091300027B92FFCFD51
:2001C000ACF8910000F7D9FF44E091300027D922FCFDE8526D00952B02246D00E729910080
:2001E00080FF39FF29229680910080FFE9FF2922910080FF39FF2D229680910080FFE9FFFF
:200200002D226D007E2B02246D00172C910000F7D9FF44E09120002AB92F0008ACFC91001B
:2002200000F7D9FF44E009FFD008BB100B0FBE00910000F7D9FF44E0BB302BFBACF891007E
:2002400000F7D9FF44E0C85FBB302BFBB4FF6D00C12E3BF07D403BC074503BC075606D0080
:20026000B3406D009A046D00F9136D0010303C0100906D00B8406D009705912000FF39FF37
:2002800004C8370FE1F35E1E912000FF39FF04C816075E58910000F7D9FF0000DA0134FF07
:2002A0003C26912000FF39FF04C8370F61F35E1E912000FF39FF04C816075E38910000F723
:2002C000D9FF0000DA0234FF3C12912000FF39FF04C8AE7D912000FF39FF04C81607EE0744
:2002E000910000F7D9FF0000DA0034FF912000FF39FF04C8370FE1F35E17912000FF39FF66
:2003000004C816071E5E912000FF39FF04C8370F61F3DE12912000FF39FF04C816075E3CCF
:20032000912000FF19FF00C83BE0FB0F260F912000FF59FF00C83C010090D9AAA80F91303B
:2003400000F8D9FF647A09F438296D005413913000F8D9FF647A09F400396D004C138224A6
:200360006D0023318209820A3C29538A20F0913000F8D9FF7C3A10FF54F8820B3C14DA20DA
:2003800003FB0AF860F4DA20913000F8D9FF647A09F0382903F90A403B0002506D00EB1407
:2003A000C219C21B538A20F0913000F8D9FF7C3A10FF481F3FFBE5FFC21A913000F8D9FF50
:2003C000981A54FF3FFAD3FF913000F8D9FFEC4949FF000A49A2000AC504337044FF642FBE
:2003E000FC4E8200913000F8D9FF647A09FF382960FF91300028D922647A092F001960F295
:2004000091300048D944647A094F1C29C2CF60F454FF54217E14B04FB0423C0EC2103B3084
:200420001FF03FF004803B301F00534020F010A5F452B04FB042012430F4EEEB19AF4CF0BB
:20044000EE163B5062F09B4F02F059AF50F0DA0059AF54F07B00F04A6D0021127B00F04A67
:20046000D9A450F03B8000506D0085140090404F6D00512568224DC0E1FF8F7F00413C01A9
:200480006D00D12468126D009B2574F29100002FBC216D007D259130002F392F3506160F89
:2004A0004B0F41F14BF251F03C013C016CF382023C010090DA008230EE0C3C01910080FF35
:2004C00019FF100282110F011010261FEEF83C023C040D0080043C01DA008210EE0C3C0115
:2004E000910080FF19FF100282110F011010261FEEF83C023C040D0080043C016D00152ADC
:2005000002246D007B28913000FF39FF20169602913000FFE9FF20163C013C006D00052AEC
:2005200002246D00B12A009082F082013C138F801F20014100F614FFC6F08FF00FF1534F09
:2005400020F0913000F8D9FF9C1A10FF54F0C620C2113F41EEFF82F2C6023C01009020287A
:20056000404549A4000A3B8002406D002031DA00780849A4000A3B8002406DFFD7FF3C0177
:200580000090544F745F4C416C514C426C524C436C534C446C544C456C55094FD808AC5C8F
:2005A000094FDA08AC5D4C476C574C486C584C496C590090B70408FC7B00000AA60F0D005A
:2005C000800460F402546DFFB1FF3C010090205049A4000A6D009F01DF120B80DA00ACACE2
:2005E0005807C21F780749A4000A6D0045020090910000F7D9FF040054F23C01009020501A
:2006000049A4000A6D008701DF12058009A224093C0382123C010090910000F7D9FF080098
:20062000DA0434FFF6447B2000983C037B0001988B0902F060FF54FF1EF68B0902F060FFB8
:2006400054FFEE09910000F7D9FF0800DA1034FF1D0010014DC0E2FF3C010D004003000022
:200660003C016D009F056D00842D6D004A29022802846D009B27910080FF39FF29229680A6
:20068000910080FFE9FF2922910080FF39FF2D229680910080FFE9FF2D2202846D00CD293A
:2006A00082014DC0E1FF8F7F00213C01913000FFD9FF004653C220F010FF54F037006E0162
:2006C0008FF083313C01913000FFD9FF004653C220F010FF54FF2E1B8F2320F0960154F05F
:2006E000370070088F002100A6F074F08F2320F0960254F0370070088F002100A60F74FF7C
:200700003C0154FF1601DF1FFE7FDA00761382003C028210370F81F0CD0F04090D00C00491
:20072000913000FFD9FF004653C220F010FF54FF2E1B8F2320F0960154F0370070088F0030
:200740002100A60F74FF86238F3340F154F0370070088F002100A60F74FF3C0154FF6F0FDB
:20076000FF7F0D00C00482017617DA009601CD4F20090D00C0044DC0E1FF8F7F00213C013A
:20078000913000FFD9FF004653C220F010FF54F037006E018FF083313C01913000FFD9FF55
:2007A000004653C220F010FF54FF2E1B8F2320F0960154F0370070088F002100A6F074F02D
:2007C0008F2320F0960254F0370070088F002100A60F74FF3C0154FF1601DF1FFE7FDA00F8
:2007E000761382003C028210370F81F0CDCF20090D00C004913000FFD9FF004653C220F0CE
:2008000010FF54FF2E1B8F2320F0960154F0370070088F002100A60F74FF86238F3340F16D
:2008200054F0370070088F002100A60F74FF3C0154FF6F0FFF7F0D00C0040D0080040D00F2
:20084000C004B70908FC7B00000AA60F8B0F028002946D00E600028F60FFDA00CD0FE00F3C
:200860000D00C0040D00C004A00BDC0F3C013C0000902050024F0258EE047B2000483C0308
:200880007B000148EE047BE000503C037B0001506DFF92FE022949A4000A6D003C00DF1234
:2008A0001380EE0689A9080989A810093C0589A90C0989A814095807C21F780749A4000A98
:2008C0006D00DA000090205049A4000A6D002300DF120D8009AFDA089601ACAD5807C21F02
:2008E000780749A4000A6D00C7000090205049A4000A6D001000DF120D8009AFDA0896022A
:20090000ACAD5807C21F780749A4000A6D00B40000902028404C9100F0FA9100F0DA49DD47
:20092000004A8208820954F0BB505AFA9BAFA5F57E0740F46DFF15FE488F7E22821854D064
:20094000BB505AFA9BAFA5F57E0D49A5000A40D46DFF19FE49A4000A6DFF03FE58087E22D6
:200960008219DF082400DF092200487F09D01C093F0F10803B80024040C440F56D00172F3B
:2009800049C4280A3B80024040D56D00102F3C0C40D440C56DFFF7FD49C4280A3B8002405D
:2009A00040D56D00042F82123C1F768E3B80024040C440F56D00FB2E49C5280A40C46DFF13
:2009C000E2FD82123C11769E40D440C56DFFDBFD49C4280A3B80024040D56D00E82E82127E
:2009E0003C0382023C0100902050024849A4000A6DFF91FFDF12148089A80409DA00ACACC5
:200A0000DA00ACAD5807C21F780749A4000A6D003300910000F7D9FF040074F800907B7002
:200A200000F0424F3B00FE01A60FBB0000089B7000004204CD0FE20F0D00C0040D00C004C3
:200A4000CD44E20F0D00C0040D00C00400902050024F49A4000A6DFF5EFFDF120C806E02F4
:200A60005E1978095807C21F780749A4000A6D00030000906D0004003C01009020A0404545
:200A800049A4000A3B0005406D00912E49A4000A6DFF67FD89A2200949A4000A49A5280A81
:200AA0006DFF71FD7B00F04A6D00F90EDA008210EE0C3C01910080FF19FF100282110F01B3
:200AC0001010261FEEF83C023C040D0080043C017B00F04A49A4000A3B8002506D00E20F68
:200AE0003B0010409B04F04A49A4280A3B8002506D00D80FDA008210EE0C3C01910080FF5F
:200B000019FF100282110F011010261FEEF83C023C040D0080043C0149A4101A6DFFFBFEF5
:200B2000DF120D8049A4101A49A5000A3B8002406D00302EF62382123C0382023C01009023
:200B40009140004FD944000A3B8000403B0008506D000F21914000FFD9FF000A7B1000F0F6
:200B60008F8F20F06CF13C01009091000047D944C0D23B40064082556D00002BF62C914073
:200B800000FFD9FF000ADA0882109B1000000FF0100068100090910000FFBCF16D00F8217B
:200BA000913000FF39FF3506160F4B0F41F14BF251F03C013C014B0F3121910000F7D9FF4D
:200BC00068A0BB0010FE9B5F5FF04BF201020B00000889F04009910000F7D9FF68A0BB00C3
:200BE00068F99B8F09F04BF201020B00000889F04809910000F7D9FF68A03B90D0F3066FE9
:200C00004BF201020B00000889F05009910000F7D9FF68A03B50C3F0065F4BF201020B0059
:200C2000000889F05809910000F7D9FF68A03B0071F24BF201020B00000889F06009910006
:200C400000F7D9FF68A03B803EF04BF201020B00000889F06809910000F7D9FF68A0DA64F1
:200C60004BF201020B00000889F07009910000F7D9FF68A0DA0A4BF201020B00000889F017
:200C80007809910000F7D9FF68A0531220F00BF0000889F04019910000F7D9FF68A053A2C4
:200CA00020F00BF0000889F04819910000F7D9FF68A0534226F00BF0000889F050190090BF
:200CC000913000F8D9FF5C5A09F040090B0410F10B1580F2EE08913000F8D9FF5C5A09F2B1
:200CE00040093C274DC0E2FF370FE1F78B0F20F23C010D00400300003C013C0185F0100004
:200D00008203020285F12C008200A620A6313C01913000F8D9FF5C5A09F240092620263124
:200D20006E030D0000033C010B4040200B5150303C013C01913000F8D9FF5C5A09F040096B
:200D40000B0210F10B1380F2EE03DA003C294DC0E2FF370FE1F78B0F20F23C010D00400380
:200D600000003C013C0185F010008205020485F12C008200A640A6513C01913000F8D9FF18
:200D80005C5A09F44009264026516E030D0000033C010B2050F10B3100F20B1390F23C0145
:200DA0006ECA0090201891000047D94440C049A5000A6D00CB2DDF022B0009AFC0083BF02A
:200DC0007D003E0609AFC0083BC07400FE01910000F7D9FF001054FF6E0A910000F7D9FFC9
:200DE0000010D4FF49A4000A2D0F00003C10910000F7D9FF3C0054FF6E0A910000F7D9FFCA
:200E00003C00D4FF49A4000A2D0F000091000047D94478C049A50C0A6D00982D762549A4A5
:200E20000C0A6D007C000090910000F7D9FF0010F4F4009082003C1B53C020F0910000F7B7
:200E4000D9FF0C0010FF09FFC2083BF07D103E1D53C020F0910000F7D9FF0C0010FF09FF14
:200E6000C2083BC074107E123C01C210913000F8D9FFDC1A09FFC0083FF0E07F82003C3DAA
:200E800053C020F0910000F7D9FF240010FF09FFC2083BC075107E123C2FF64B53C020F0EB
:200EA000910000F7D9FF240010FFDA002CF43C24DF140C8053C020F0910000F7D9FF24001F
:200EC00010FFDA012CF43C18DF240C8053C020F0910000F7D9FF240010FFDA022CF43C0C2B
:200EE000DF340B8053C020F0910000F7D9FF240010FFDA032CF4C210913000F8D9FFDC1A48
:200F000009FFC0083FF0BE7F0090404591000047D94478C06D00F72C00902010404F09F477
:200F2000C0086D00CB00BF02560053C220F091000027D922240010220C241E3A53C220F0BF
:200F400091000027D922240010220C245E1382123C4391000027D922ECA049243C0A6D0075
:200F6000711B762382023C380820083F8F8F20F0A6F0084F8F0F21F0A6F0085F8F8F21F0EF
:200F8000A6F00861087F8F8F20F0A6F1088F8F0F21F0A6F1089F8F8F21F0A6F149A2000AC7
:200FA00009F2C008DA08742289A0060989A10A092CA4DA002CAE3C01910000F7D9FFECA0D4
:200FC00049F43C0A49A5000A6D00901BDA205F2FF57F82123C010090DA003E44DA043E4D5C
:200FE0003C16914000FFD9FF400B82407B1000F00F0F10F06CF13C0C914000FFD9FF400BB9
:201000008240DA010F0F10F06CF13C023C010090DA003E4ADA01BE4BDA025F4F2D00DA04D2
:201020005F4F35003C48914000FFD9FF008A8230DA010F0F10F06CF1914000FFD9FF008ADD
:201040008220DA010F0F10F06CF13C36914000FFD9FF008A82307B1000F00F0F10F06CF14C
:20106000914000FFD9FF008A8220DA010F0F10F06CF13C22914000FFD9FF008A82207B1089
:2010800000F00F0F10F06CF13C17914000FFD9FF008A82307B1000F00F0F10F06CF19140E7
:2010A00000FFD9FF008A82207B1000F00F0F10F06CF13C023C01009082F282003C0D53C0DA
:2010C00020F0910000F7D9FF240010FF09FFC2087E420202C210913000F8D9FFDC1A09FF76
:2010E000C0083FF0EE7F3C01009020100D00000282093C4C530921F0910000F7D9FFECA014
:2011000010FFD9F4BC006D00711ADF123D80530921F0910000F7D9FFECA010FFD9F4BC00A0
:2011200091000057D955DCA06D00B81ADA405F2F2B00910000F7D9FFDCA054FF3BF07D80B4
:201140003E89910000F7D9FFDCA054FF3BC07480FE8A910000F7D9FFDCA054FFB4AF49A4A3
:20116000020A91000057D955DCA0B0653B8000406D00A32B91000047D94440C049A5000A99
:201180006D00C12BC21937096890913000F8D9FFDC1A09FFC0083FF9AFFF0D0040020080D7
:2011A0009120004FD94400086D0021163C01009020100D000002910000F7D9FFECA0D9F4A1
:2011C0003C016D00131ADF124280910000F7D9FF74D0820082018202DA0874F089F1060989
:2011E00089F20A092CF4DA002CFE910000F7D9FF70D091000027D922ECA0D9243C01910093
:201200000057D95574D06D00491AB4F2910000F7D9FF74D054FF3BB02B80FE88910000F7F4
:20122000D9FF74D049FF000A49A2000AA03444FF642FFC4E910000F7D9FF44E0D9F4248062
:201240006D004101F6236D00BB070D004002008082003C06014000F6DA552CF8C2103B006D
:2012600020F03FF0F9FF00902020404C405F8218DA007802DA00780314FF37F90894081FF3
:2012800037F9089009FFC408FF8F5C80DA003C0610A23B5005003420C21FBF8FFBFF09FF65
:2012A000C40834AFDA003C0A10A210F40940480889200108C21F370F68F009F0C4083F0FCC
:2012C000F5FFDA007802DA00780382003C0C01A000F614F15802538020200F210010A61F99
:2012E0007802C210BF40F5FFDA003C0D10AF084009A10C09538F20200F200000A60189A1A4
:201300000C09C21FBF4FF4FF580209A00C0949AF100A3B80001074F989AF160989A01A09D1
:2013200089A11408DA0089AF1E083C0149A5100A40C46D00DB19DA205F2FFA7F1D00C000A7
:2013400009FFC408868F8B0F01F034AF09FFC4082CA1DA003C0810A210F40940480889207F
:201360000208C21FBF6FF9FFDA007802DA00780382003C0C01A00026142158025380202080
:201380000F210010A61F7802C210BF40F5FFDA003C0E10A20920440809A10C09538F2020DD
:2013A0000F200000A60189A10C09C21FBF4FF3FF580209A00C0949A2100A3B8000107429B2
:2013C00089AF160989A01A0989A11408DA0089AF1E0849A5100A40C46D00881982146D00CF
:2013E000FE00DA06ACF3DA212CF3DA003C0510A282003420C21FBF8FFCFF3C5B083F34AFC8
:2014000082003C0D01A0002609FFC60810F40C482C2109FFC608C21FACF3C210BF70F4FF75
:20142000DA007802DA00780382003C0C01A0002614215802538020200F210010A61F780251
:20144000C210BF40F5FFDA003C0E10A20920440809A10C09538F20200F200000A60189A19B
:201460000C09C21FBF4FF3FF580209A00C0949A2100A3B800010742989AF160989A01A094E
:2014800089A11408DA0089AF1E08083F3BF002003F0F0580DA202CF33C04083FC21F2CF3E7
:2014A00049A5100A40C46D00211982146D00970009FFC60809F0C4083F0FA2FF02823C0194
:2014C0000090200882125802370F68043440370F68F02C4109A00E09DA003C0810AF538FB6
:2014E00020105700681134F1C21FBF4FF9FF09A0120982013C0901A100F6538120F0570081
:2015000068FF2CF4C211BF41F8FF14AF86CF2C420C42EE1514AF160FAC42DA003C0A104F4E
:2015200010A2092041082880AC43C21F370F68F00940C4083F0FF5FF82023C4E0C42DE17C9
:2015400014AF160F8F8F20000CA1A6F089408408DA003C07104F10A2092042082880C21FA3
:20156000BF6FFAFFDA06AC4382223C360C42DF2F3180094FC4080940C608A20F370F7000B0
:20158000FF80168082013C0F094FC608104F01A100260C212CF8094FC608C21FAC43C21101
:2015A000370168103F01F2FF82023C1282003C0D094FC608104F01A000260C212CF8094FB8
:2015C000C608C21FAC43C210BF70F4FF82223C040C425E3282423C010090910000F7D9FFC6
:2015E00068A009F06809820702460B0110486DFF09F5913000F8D9FF5C5A09F040090B0244
:2016000010F10B1380F2EE08913000F8D9FF5C5A09F440093C274DC0E2FF370FE1F78B0FAD
:2016200020F23C010D00400300003C013C0185F010008205020485F12C008200A640A6517E
:201640003C01913000F8D9FF5C5A09F44009264026516E030D0000033C010B2040400B313E
:2016600050503C013C01913000F8D9FF5C5A09F040090B0410F10B1580F2EE03DA003C29F5
:201680004DC0E2FF370FE1F78B0F20F23C010D00400300003C013C0185F01000820302027D
:2016A00085F12C008200A620A6313C01913000F8D9FF5C5A09F24009262026316E030D0086
:2016C00000033C010B4050F10B5100F20B1590F23C016ECA3C0100902020404C405F0CC9CC
:2016E00082103E0C82205F0F260082305F0FC70082405F0FE1001D00E00009CFC408BF3F41
:201700000A8009C448083B30015040F46D003E063C0F91000027D9220410DA00342FDA5008
:201720002CF80CC92CF9822440F46D0045061D00CC000CCA3B000100FE0B91000027D92242
:201740000410DA01342FDA502CF80CC92CF90CCA2CFA91300027D922FCFD0C212CFB142F80
:201760002CFC825440F46D0027061D0087000CCA3B000A005F0F218091000027D922041008
:20178000DA00342FDA502CF80CC92CF90CCA2CFABB302BFB91300027F92FFCFD91300027C6
:2017A000D922FCFD0C212CFB142F2CFC825440F46D0002063C620CCA3B000F005F0F5E80ED
:2017C0009100F02A542FEE036DFFB9F59120002AD9220008092FC008EE349120002A192FAD
:2017E000000874AF54AFBBA0550A7E03DA003C28BB0000489B14004A6D00FD0882003C070F
:20180000534020F010A2DA00742FC210BF80FAFFBBA055FA74AFBB0000489B14004A49A436
:20182000000A3B0002506D00A60A9120002A192F0008BBA0550A7E03DA003C02DA033C025B
:20184000DA02EE1491300027D922FCFDDA502CF80CC92CF9DAF02CFA0C212CFB142F2CFCD7
:20186000825440F46D00A8053C0809C448083B30015040F46D008A053C2709CFC408BF3FF2
:201880000A8009C448083B30015040F46D007E053C1191000027D9220410DA01342F0CC89B
:2018A0008B0F04F02CF80CC92CF9822440F46D0083053C0A3C0909C448083B20015040F425
:2018C0006D0064053C010090404F405C09FFC408BF3F098008843B30015040C46D005605CB
:2018E0003C25088F8B0F04F02CC8089F2CC9822440C46D006105089F82103E0482303E0CDE
:201900003C0E914000FFD9FF000A8270DA010F0F10F06CF13C0B6DFFCFF53C0808843B20E1
:20192000015040C46D0032053C0100902008404F405C08CF8F0F210008DF8F8F20F042F0B1
:2019400008EF42F074A09100F02A542F54A0FE0691000027D92260A0DA002C24DA007801F4
:201960007B00F04A6D009B077B00F04A49A4000A3B8000506D0096083C1591000027D922DD
:2019800060A0DA012C24DA0178017B00F04A6D0086077B00F04A49A4000A3B8000506D00F5
:2019A000810809FFC408BF9F0A8008843B30015040C46D00EB041D00B7000890DA0C5F0F7A
:2019C0009300DAF13E031D00A80008A0DA86BE01DA875F0F3000DA885F0F3A00DA895F0F02
:2019E0004400DA8A5F0F4E00DA905F0F58003C7308BF82203E023C16088F8B0F04F02CC890
:201A0000089F2CC908AF2CCA08BF2CCB08CF2CCC08DF2CCD08EF2CCE827440C46D00CC04E8
:201A20003C0808843B30015040C46D00AF043C013C5908BF82203E023C023C0808843B3002
:201A4000015040C46D00A2043C013C4C08BF82203E023C023C0808843B30015040C46D0075
:201A600095043C013C3F08BF82203E023C023C0808843B30015040C46D0088043C013C32FA
:201A800008BF82203E023C023C0808843B30015040C46D007B043C013C2508BF82203E029C
:201AA0003C12DA102CC8DA0A2CC9088F8B0F04F02CCA089F2CCB08AF2CCC825440C46D0072
:201AC0007B043C0808843B30015040C46D005E043C013C0808843B20025040C46D005604A3
:201AE0003C013C2108AF82403E023C0E088F8B0F04F02CC8089F2CC908AF2CCA824440C41D
:201B00006D005A043C0808843B20025040C46D003D043C013C0808843B20025040C46D00A0
:201B200035043C0100902008404F405CDA0074AFDA00780191000027D9220410DA01342FF7
:201B400040C46DFF87FB089F8FFF0081089F16F086CF49F40A0A49A5000A02846D00B404E7
:201B6000022901F8002649240A0A49A5040A02F46D00AA04A6298E9808843B30015040C44C
:201B80006D0004043C0754A409A504096D00350402298E9808843B10035040C46D00F6034F
:201BA0003C1BDA632CC809AFC408C21FACC254AF60F282003C079A1010CF142F2CF8B012FE
:201BC000C21058013FF0F9FF09CFC408370F684040C46D00F1033C010090404F405C089F1D
:201BE00082204B0F0102DA003E15DA015F1F2E003C4A09FFC408BF5F098008843B300150E9
:201C000040C46D00C3033C20088F2CC8089F2CC908AF08A46D006F043E2D08BF08B46D006C
:201C20006A043E2808843B50035040C46D00AE033C0B910000F7D9FF0C10DA0134FF8224CD
:201C400040C46D00B9033C2609FFC408BF3F098008843B30015040C46D0098033C13088F60
:201C60008B0F04F02CC8089F2CC96D00470489C20A086D00430489C20B08824440C46D00E8
:201C80009B033C0808843B20015040C46D007E033C010090094FC408BF4F0A800944480812
:201CA0003B30015040546D0071033C620C4982303E023C560C4A82103E0A8220BE0B82302F
:201CC0005F0F2C0082405F0F36003C41910000F7D9FF0410DA0134FF0C488B0F04F02C589F
:201CE0000C492C590C4A2C5A823440546D0064033C36910000F7D9FF0410DA0034FF0C48C9
:201D00008B0F04F02C580C492C590C4A2C5A823440546D0051033C230C488B0F04F02C582B
:201D20000C492C590C4A2C5A823440546D0044033C160C488B0F04F02C580C492C590C4A07
:201D40002C5A823440546D0037033C09094448083B20015040546D0019033C013C09094492
:201D600048083B20025040546D0010033C010090404F405C08AF8F8F200008BF42F009FF64
:201D8000C408FF2F0A8008843B30015040C46D00FD021D00B50009FFC408BF9F0A800884ED
:201DA0003B30015040C46D00F1021D00A900089F82113E131D009D00BB00F0FF5F0F398027
:201DC00008CF8F8F200008DF42F0FF200A8008843B20025040F46D00D9021D0091005380F6
:201DE00020F091300028D922647A102254246D00020637026850DF05178040C46DFF2AFAF2
:201E0000DA712CC8DA013C0810C210F40940480889200808C21FBF6FF9FF826440C46D00DE
:201E2000CB023C05088440F46D00B0023C60BBA0DFFE5F0F2F8008CF8F8F200008DF42F096
:201E4000538020F091300028D922645A102254246D00250537026850DF05178040C46DFFE0
:201E6000F9F9DA712CC8DA013C0810C210F40940480889200808C21FBF6FF9FF826440C4F9
:201E80006D009A023C05088440F46D007F023C2F3B3020F05F0F2C8091000027D92208107F
:201EA000DA01342FDA712CC8DA013C0810C210F40940480889200808C21FBF4FF9FF9130B6
:201EC00000F7B9FFFCFD8F8F3F0089C00C082CCD912000F809FFC0088F8F3F0089C00E0872
:201EE0002CCF3B80004040C46D0066023C0808843B20015040F46D0049023C010090094F86
:201F0000C408FF3F0A80094448083B30015040546D003C023C5E0C493BF00F003FF053806A
:201F20000C4A3BF00F003FF04E80094FC408FF9F42800C4B3BF00F003FF03580910000F793
:201F4000D9FF0C1014FFDF1F2680DA016E1BDA016E110C488B0F04F02C580C49160F2C59B3
:201F60000C4916F086CF2C59826440546D0024023C08094448083B00075040546D000602A3
:201F80003C08094448083B20025040546D00FE013C08094448083B30035040546D00F6011C
:201FA0003C08094448083B10035040546D00EE013C08094448083B30015040546D00E6012D
:201FC0003C08094448083B10035040546D00DE010090404C405D820482050CC98FFF0081F8
:201FE0000CC916F08FCF3F9082003C088F8400409A2010CF088F42F4C2103F80F9FF82004F
:202000003C0D8F852010370170109A28420F10CF088F42F137017050C2103F90F4FF9100A2
:202020000027D92280F082003C0A012000469A28429F420F10CF088F344FC2103F50F7FF9B
:20204000913000F8D9FF647A54FF3FF41980913000F8D9FF647A09FF14397FF41180910099
:2020600000F7D9FF60A0DA0234FF91000047D94480F06D008006370268F03C02DA02EE1D74
:2020800040D46DFFE7F89A28429FACD282003C0801D0002601C000F6088F2C28C21009DFA7
:2020A000C4083FF0F7FF0CD88B0F04F02CD8826440D46D0081013C1F40D46DFFCBF8DA7FD9
:2020C0002CD8DA013C0910D210CF087089200808C21F370F68F009D0C408C2103F0FF57F32
:2020E0000CC88B0F04F0370F68403B40025040D46D004C010090094FC408BF3F0A8009446C
:2021000048083B30015040546D0040013C1A0C49EE0C0C488B0F04F02C580C492C598224E6
:2021200040546D0049013C0D0C493B0008007E023C08094448083B20015040546D0026013E
:202140000090094FC408BF3F0A80094448083B30015040546D001A013C310C4982103E0438
:202160008220BE033C23910000F7D9FF1010DA0134FF0C488B0F04F02C580C492C59822429
:2021800040546D0019013C1A910000F7D9FF1010DA0034FF0C488B0F04F02C580C492C5901
:2021A000822440546D0008013C09094448083B20015040546D00EA003C010090820891000E
:2021C00000F7D9FF44E039F02C80DA105F0F2200DA115F0F2F00DA225F0F3C00DA235F0F24
:2021E0004900DA275F0F5500DA285F0F6100DA315F0F6D00DA345F0F7900DA3D5F0F85001C
:20220000DA3E5F0F9100DA855F0F9D001D00AA00910000F7D9FF44E0D9F42480910000F7F9
:20222000D9FF44E049F51C0A6DFF58FA1D00AB00910000F7D9FF44E0D9F42480910000F73B
:20224000D9FF44E049F51C0A6DFF40FB1D009B00910000F7D9FF44E0D9F42480910000F742
:20226000D9FF44E049F51C0A6DFF62FB1D008B00910000F7D9FF44E0D9F42480910000F710
:20228000D9FF44E049F51C0A6DFF4FFC3C7B910000F7D9FF44E0D9F42480910000F7D9FF1B
:2022A00044E049F51C0A6DFF9AFC3C6C910000F7D9FF44E0D9F42480910000F7D9FF44E073
:2022C00049F51C0A6DFFE8FC3C5D910000F7D9FF44E0D9F42480910000F7D9FF44E049F5FA
:2022E0001C0A6DFF47FD3C4E910000F7D9FF44E0D9F42480910000F7D9FF44E049F51C0AA1
:202300006DFFFFFD3C3F910000F7D9FF44E0D9F42480910000F7D9FF44E049F51C0A6DFF91
:202320005AFE3C30910000F7D9FF44E0D9F42480910000F7D9FF44E049F51C0A6DFFDDFEB5
:202340003C21910000F7D9FF44E0D9F42480910000F7D9FF44E049F51C0A6DFFF4FE3C1297
:20236000910000F7D9FF44E049F41C0A910000F7D9FF44E039F42C803B2002506D000600F9
:202380003C0102823C0100904045DA03345FDAAA2C51DA03AC52DA7F2C5889540908895535
:2023A0000A08910000F7D9FFECA0D9F40C116DFF5DF700904045DA03345FDAAA2C51FF648C
:2023C0000580DA06AC523C03895484083C08015400F6DA552CF8C21437046840095FC40823
:2023E0003FF4F7FF910000F7D9FFECA0D9F40C116DFF3CF700900243025F82027B00000703
:202400003F031980BBF0FF0D9B2000073F30138082404B03110276138F124021423FC2FF76
:20242000BBF0FF0D9B2000077FF004808F2240213C48913000F8D9FF647A54F03F031E8007
:20244000913000F8D9FF647A09F014393F30168082404B03110276138F124021423FC2FFD2
:20246000913000F8D9FF647A09F01439C2F03F0F04808F2240213C25913000F8D9FF645A61
:2024800054F03F031D80913000F8D9FF645A09F03C193F30158082404B03110276138F122B
:2024A000402142F3C2F3913000F8D9FF645A09FF3C197F3F04808F2240213C038F12402190
:2024C0003C010090DA008200BF141180FF540F80DA003C07104F14F18F8000004210C21FCA
:2024E0003F4FFA7F745082023C038F2F40213C01009002423C010090A0046D00CB2137021B
:2025000068406D00C2218208DAFF6D00AD21C20FC21F4BF201024218370868203C01009045
:202520006D00601F0090910000F7D9FFE8C2D4FF484F3C01910000F7D9FFC07074FF9100DA
:2025400000F7D9FFC07091000027D922C0700920040952006820910000F7D9FFC0706CF19C
:20256000910000F7D9FF141091000027D922E8905420A20F74FF910000F7D9FF141054FF3D
:20258000BB00350C3F0F6980910000F7D9FFE89091000027D922E890542FBB00350C420F35
:2025A00074FF910000F7D9FFEC9091000027D922EC90542FC21F74FF6DFF5DEE910000F787
:2025C000D9FF181014FFEE12910000F7D9FFEC9054FF3B00FA003F0F0A806DFF89F1910035
:2025E00000F7D9FF1810DA0134FF910000F7D9FFEC9054FF3B803E004B0F1102DF012D80B4
:20260000910000F7D9FFF0903B4012F0B4FF910000F7D9FFF090DA012CF2910000F7D9FF71
:20262000F090DA012CF3910000F7D9FFF090DA012CF4910000F7D9FFF090DA012CF59100D8
:2026400000F7D9FFF090DA012CF691000047D944F0906DFF64F400902010910000F7D9FFD5
:202660001C10DAA034FF49A4000A6D006A196D004819B4A23B6078F4ACA19130004FD944F5
:20268000004649A5000A6D0070196D004E1902246D0027184DC0E2FF3C010D0040030000E5
:2026A0003C016D00CD1C6D007D1F6D00201D6DFF90EF6DFF0AF1910000F7D9FF1C10DAA17B
:2026C00034FF6DFF3FF26DFF6FED910000F7D9FF1C10DAA234FF910000F7D9FFE8C2D4FF4A
:2026E000484F3C01910000F7D9FFE89074FF0D0000033C0A6DFF19FF6DFF39F26D000119C3
:2027000002246D0097193CF70090910000F7D9FF042054FF6E2F910000F7D9FF042054FF68
:20272000910000F7D9FF241010F48204910000F7D9FF042054FF8B0F02516D006A2091002F
:2027400000F7D9FF201054F491000047D94424106D008801F629910000F7D9FF0420DA0096
:2027600074FF82023C09910000F7D9FF0420DA0074FF82123C010090910001479120005809
:20278000D9555E633B0010406D001120910000F7D9FFFC9091000127F4F291000147494430
:2027A000004A91200058D95566733B0010406D00FE1F910000F7D9FFFC909100012749229A
:2027C000004AE81291000147D944008091200058D95568533B0010406D00E91F910000F7C5
:2027E000D9FFFC9091000127D9220080E82291000147D94400C091200058D95550733B004C
:2028000010406D00D41F910000F7D9FFFC9091000127D92200C0E83291000147D944400058
:2028200091200058D9554C833B0010406D00BF1F910000F7D9FFFC9091000127D9224000DC
:20284000E84291000147D944404091200058D95582423B0020406D00AA1F910000F7D9FFAC
:20286000FC9091000127D9224040E85291000147D94440C091200058D955BCF23B002040E8
:202880006D00951F910000F7D9FFFC9091000127D92240C0E8623C01009002486D0045184C
:2028A00002294DC0E2FF370FE1F78B0F20A23C010D00400300003C0102946D009F16DA0128
:2028C0009110F0FAD9FF909A9110F02AD922989A9110F04AD944A8AA9110F05AD955A8AACE
:2028E00074F8742FDA80744FDA50745F0D00800402946D00C91876A30D00000382023C0150
:202900000090913000FFD9FF303654FF370F6EF18FFF83813C01913000FF19FF30366F1F96
:2029200012008F2820F09601913000FF19F03036370070088F002100A60F913000FF59FFCC
:2029400030368F2820F09602913000FF19F03036370070088F002100A60F913000FF59FF57
:2029600030363C01913000FF19FF30361601DF1FFB7F910000F7D9FFFC90D4FF82152D0F55
:202980000000913000FF19FF30366F1F12008F2820F09601913000FF19F03036370070081D
:2029A0008F002100A60F913000FF59FF303686288F3840F1913000FF19F0303637007008B0
:2029C0008F002100A60F913000FF59FF30363C01913000FF19FF30366F0FFC7F910000F718
:2029E000D9FFFC90C81F820482352D0F00003C01009002484DC0E2FF370FE1F78B0F20F244
:202A00003C010D00400300003C016DFFB7FE910000F7D9FFFC90C85F02842D0F00006E0385
:202A20000D000003910080FF39FF13026F2F1180910080FF39FF1102AE3B910080FF39FF6E
:202A40001102AE46910080FF39FF11022E5382F23C0382023C0100906DFF90FE3C010090C8
:202A60000248404C910000F7D9FFFC90C86F3B000250028440C42D0F000082003C0C600FD1
:202A800001F800F614F101C000F614FF3E1382023C07C210DA203FF0F4FF82123C01009011
:202AA0000248404C913000FFD9FF303654FF370F6EF18FFF83913C01914000FFD9FF000AB9
:202AC000DA018F8F20F06CF1DA008210EE0C3C01910080FF19FF100282110F011010261FAB
:202AE000EEF83C023C040D0080043C01DA084BF511A2820C3C76DA0803FC0AD89100F0FA51
:202B0000D9FF5455B70D18007B0000FA7E04DA5074FF3C0CB70D18007B00F0FA7E04DA5D82
:202B200074FF3C040D0080043C01DA008210EE0C3C01910080FF19FF100282110F01101074
:202B4000261FEEF83C023C040D0080043C01532C20F0534F20F010CF54F0532C20F0C21F2A
:202B6000534F20F010CF54FF76D19100F0FAD9FF707574F0B04F74FF0D00800402946D0088
:202B80003D159110F0FAD9FF909A9110F02AD922989A9110F04AD944A8AA9110F05AD9550B
:202BA000A8AA74FDDA00742FDAA0744FDAAA745F0D00800402946D006717DA008210EE0CC9
:202BC0003C01910080FF19FF100282110F011010261FEEF83C023C040D0080043C01C21C66
:202BE0003FAC8BFF914000FFD9FF000A7B1000F08F8F20F06CF182023C0100900248404C81
:202C0000913000FFD9FF303654FF370F6EF18FFF83C13C01DA204BF511A2820D1D00A7006F
:202C2000DA2003FD0A98910000F7D9FFFC90C82F02942D0F0000910000F7D9FFFC90C81F70
:202C4000820482352D0F0000820E3C20910000F7D9FFFC90C83FDA0882404B0E110203FD0C
:202C60000AF0534F20F010C25425DA0882404B0E110203FD0AF0C21F534F20F010C2542674
:202C800002942D0F00008B8E00E0DA203FFEE0FF913000FF19FF30366F1F12008F2C20F0AA
:202CA0009601913000FF19F03036370070088F002100A60F913000FF59FF30368F2C20F0F1
:202CC0009602913000FF19F03036370070088F002100A60F913000FF59FF30363C0191309D
:202CE00000FF19FF30361601DF1FFB7F910000F7D9FFFC90C84F02942D0F0000913000FF33
:202D000019FF30366F1F12008F2C20F09601913000FF19F03036370070088F002100A60FF0
:202D2000913000FF59FF30368F2C20F09603913000FF19F03036370070088F002100A60F6E
:202D4000913000FF59FF30363C01913000FF19FF30366F0FFC7F910000F7D9FFFC90C81FAE
:202D6000820482352D0F0000C21D3FAD5BFF3C0100900248404C0259914000FFD9FF000A05
:202D8000DA018F8F20F06CF14DC0E2FF370FE1F78B0F20F23C010D00400300003C016DFFDF
:202DA000EDFC910000F7D9FFFC90C86F028440C402952D0F00006E030D000003914000FF59
:202DC000D9FF000A7B1000F08F8F20F06CF1910080FF39FF13026F1F1180910080FF39FF47
:202DE0001102AE3B910080FF39FF1102AE46910080FF39FF11022E5382F23C0382023C0138
:202E000000900248404C0259820A910000F7D9FF042054F0BF109780910000F7D9FF201027
:202E200054F0910000F7D9FF042054F142105F083380910000F7D9FF042054F08B00024183
:202E400002956D00E200022B910000F7D9FF042054FF910000F7D9FF241010F440C502B435
:202E60006D00A51C910000F7D9FF201054F491000047D94424106DFFF5FDF62482021D000A
:202E8000C30042BA42B8910000F7D9FF0420DA0074FF3C58910000F7D9FF201054FF8B0F97
:202EA00002F07F8F09806DFF32FCF62482021D00AB003C48910000F7D9FF201054FF8B0F88
:202EC00002B0A28B0BB910486D009F00022C8B0B02F1910000F7D9FF042054F07FF031804C
:202EE000910000F7D9FF24108B0B00F110FF49F4200A40C502C46D005A1C3FB91980910071
:202F000000F7D9FF201054F491000047D94424106DFFA8FDF62382023C7642CA42C891003A
:202F200000F7D9FF0420DA0074FF3C09910000F7D9FF0420A29B8B0B02F174FF3C0382028C
:202F40003C623C1301CA004602846DFF8BFDF629910000F7D9FF0420DA0074FF82023C53F6
:202F60008B0A02A08B0802808B0A02F07FF9ECFF7F9A2B80910000F7D9FF042054FFEE246E
:202F8000910000F7D9FF201074F8910000F7D9FF04205AA974FF82003C0A910000F7D9FF13
:202FA000241001F000F6DA0034FFC210DA203FF0F6FF91000047D944241001CA00560BA9FB
:202FC00080406D00F41B910080FF39FF13026F1F1180910080FF39FF1102AE3B910080FFE5
:202FE00039FF1102AE46910080FF39FF11022E59910000F7D9FF0420DA0074FF82023C031C
:2030000082123C0100907F54048002423C0302523C010090913000FFD9FF004654FF370FDD
:203020006EF18FFF83813C01913000A7D9AA408B0D0080043B0098F0CD4FE00F0D00C0047C
:203040004D00E0FFB70F14F0CD0FE00F0D00C00482117617DA009601CD4F20090D00C00437
:203060004DC0E1FF8F7F00213C01913000FFD9FF004653C220F010FF54F037006E018FF07C
:2030800083313C01913000FFD9FF004653C220F010FF54FF2E1B8F2320F0960154F03700BD
:2030A00070088F002100A6F074F08F2320F0960254F0370070088F002100A60F74FF3C018C
:2030C00054FF1601DF1FFE7FDA00761382003C028210370F81F0CDCF20090D00C004913048
:2030E00000FFD9FF004653C220F010FF54FF2E1B8F2320F0960154F0370070088F002100E7
:20310000A60F74FF86238F3340F154F0370070088F002100A60F74FF3C0154FF6F0FFF7F94
:203120000D00C00482114DC0E1FF8F7F00213C01913000FFD9FF004653C220F010FF54F07C
:2031400037006E018FF083313C01913000FFD9FF004653C220F010FF54FF2E1B8F2320F0E9
:20316000960154F0370070088F002100A6F074F08F2320F0960254F0370070088F0021001E
:20318000A60F74FF3C0154FF1601DF1FFE7FDA00761382003C028210370F81F0CD0F040990
:2031A0000D00C004913000FFD9FF004653C220F010FF54FF2E1B8F2320F0960154F03700BC
:2031C00070088F002100A60F74FF86238F3340F154F0370070088F002100A60F74FF3C01FB
:2031E00054FF6F0FFF7F0D00C004913000FFD9FF004654FF2E1B8F2820F0960154F037005C
:2032000070088F002100A60F74FF8F2820F0960254F0370070088F002100A60F74FF3C01F7
:2032200054FF1601DF1FFE7F91A000F8D9FF000880FFCD4FE20F0D00C004919000F8D9FF52
:20324000000080FFCD0FE20F0D00C004913000F7D9FF80CB80FFCD8FE20F0D00C004913018
:2032600000FFD9FF004654FF2E1B8F2820F0960154F0370070088F002100A60F74FF8F28B5
:2032800020F0960354F0370070088F002100A60F74FF3C0154FF6F0FFF7F91000000D900C4
:2032A000000091000010D911000091000080D988000091000090D9990000913000F7D9FFEE
:2032C000C00B91300027D922C00DA004802080FFA2F0DA404BF0114282003C1E80FFB70F55
:2032E0001CF08F4F1F1080FFBBF0FF2F0662262F06AFA6F1F606CD81E30F0D00C0043C0209
:2033000074419AD47E05CDC1E30F0D00C00440F449FF001AC2103F40E3FFDA00744F6D00E3
:203320000413022F02846D00981102F46D00D9116DFFF8F802846D00391202F46D007B12D2
:20334000912000F8D9FF5892DC0F0090200840BF3C0180F2370368F4B75F08F037F30834A7
:20336000370468F037F308304DC0E1FF16073C013703680837F003F037F308383C0189A27B
:20338000400909A0400900A00D00400200800090200840BF3C0180F2370368F4B74F08F089
:2033A00037F30834370468F037F308304DC0E1FF16073C013703680837F003F037F308383D
:2033C0003C0189A2400909A0400900A00D00400200800090200840BF3C0180F2370368F4DF
:2033E000B73F08F037F30834370468F037F308304DC0E1FF16073C013703680837F003F079
:2034000037F308383C0189A2400909A0400900A00D00400200800090200840BF3C0180F2CA
:20342000370368F4B72F08F037F30834370468F037F308304DC0E1FF16073C0137036808CC
:2034400037F003F037F308383C0189A2400909A0400900A00D00400200800090200840BF1F
:203460003C0180F2370368F4B71F08F037F30834370468F037F308304DC0E1FF16073C0197
:203480003703680837F003F037F308383C0189A2400909A0400900A00D004002008000905C
:2034A000200840BF3C0180F2370368F4B70F08F037F30834370468F037F308304DC0E1FF9A
:2034C00016073C013703680837F003F037F308383C0189A2400909A0400900A00D004002D2
:2034E00000800090200840BF3C0180F2370368F4B77F08F037F30834370468F037F30830C7
:203500004DC0E1FF16073C013703680837F003F037F308383C0189A2400909A040090D0086
:20352000400200800090200840BF3C0180F2370368F4B76F08F037F30834370468F037F38C
:2035400008304DC0E1FF16073C013703680837F003F037F308383C0189A2400909A040091B
:203560000D004002008000909100F0FAD9FF5455B70418F07B00000A7E05DA5074FF820204
:203580003C0EB70418F07B00F00A7E05DA5D74FF82023C050D00800482123C010090911024
:2035A000F0FAD9FF909A9110F02AD922989A9110F04AD944A8AA9110F05AD955A8AA74F41A
:2035C0007425DA80744FDA50745F0D008004009076419100F0FAD9FF707574F5B04F74F656
:2035E0000D0080040090F64C3C01910080FF19FF100282100F501000260FEEF83C03821202
:203600003C050D00800482023C0100909110F0FAD9FF909A9110F02AD922989A9110F04A37
:20362000D944A8AA9110F05AD955A8AA74F4DA00742FDAA0744FDAAA745F0D008004009016
:20364000404F6D005E11022802846D00AF0F14FF960134FF02846D00F0110090DA010F4F8A
:2036600000F06C4700900246530622F0104FD9FF00013C01822482056D001104BBF0FFFF97
:203680006CF7DA0074FFDA006CF1DA006CF2BBF0FFFF9BFFFFF36CF3DA006CF4DA006CF502
:2036A000DA006CF60090404F405C823440F46DFFD7FF484F89CF0609485F89CF0A09083F90
:2036C000160F3C012CC44860370068FC2E53DA003C02DA1237007D00325F0FF010003C013F
:2036E00074C0009009421C093C010090404F405C09FF5C086F3F2E0040F440C56DFFD5FFDD
:203700004878370868F02E243B0008903C18370868F06F3F13003B00089040F440C56DFF09
:20372000C4FF4870370068F0AE37370068F0AE248F0950913C013C033B001090370868F0D2
:203740002E47824440F46DFF8BFF8F0948913C033B00049002923C010090404F405C82086F
:2037600009F05D086F001A003B000280910000F7D9FF082091000027D92208205420C210FC
:2037800074F0910000F7D9FF082054F03B803E103F10038082083C3791000027D922082046
:2037A00082007420825440F46DFF5AFF09CF06096CF409CF0A096CF509FF5B08370FE1F20D
:2037C0008B0F20F23C0154C06E0382013C033B200110486F0F100000370F1DF06CF609C0F9
:2037E0004408083F370F04F02CF3823440F46D000E00825440F46D000A003B80004040F4C8
:203800006D00050002823C010090DA018B0401000F0F00F06C470090404F405C820809FF6C
:203820005D082E043B0002803C373B90004040F46DFF16FF09CF06096CF409CF0A096CF56E
:203840003B90004040F46DFFE2FF09F05B083700E1028B0020F23C0154C06E0382013C0345
:203860003B200110486F0F100000370F1DF06CF609C04408083F370F04F02CF3823440F4B2
:203880006DFFC5FF825440F46DFFC1FF3B80004040F46DFFBCFF02823C010090DA01744F7D
:2038A000DA006C41DA006C42DA006C43DA006C447B0006F06C45DA006C460090404C405F7D
:2038C0000258C82408CF3704685002F46D00510AC82408C402856D00840A0CCC09F05008B7
:2038E000370F03F02CCC82123C010090405F0258C82408CF09F55008A64502F46D00390A93
:20390000C82408C402856D006C0A82123C01009002483B000490DA108B8F0000C2103B807A
:2039200000308204821A3B8000B04B056111BBD0CC2C9BC2D4234B214120821C3C404B0CF3
:2039400041114B1851D04B0561114B1D51104B0131E1F6E23C364B0E41114B1D51D04B05DA
:2039600061116B0131FD82014B1F01F0AE064B0561F16B0F311D3C074B0561F16B0F31FDB2
:2039800067FFBF1F7F3E03003C1C3FE018004B1201F016068B0F20F26E1102C402EB021238
:2039A000DA143FEF0C00BBD0CCFC9BCFDCF34BF101F0370F61F06E023C04C21C7FC9C17F79
:2039C000F6459A197EC3029402EBF6457F3E0400821402EB4B0661F1BBA099099B90E10307
:2039E0004B0F41503B00018002893C1C9A193B007102E2F04BB001220B6280000B00C00133
:203A00004B0041114B1501F0370F61F16E0402984B0041517F620600DA107E923C013C04D9
:203A2000C2F9FF39E57FDA03C2FF7E94DA107E8282385A8B92F3DA087F3F04003B800030E2
:203A4000FF23030082233B0000249BC2612482153C143B007102E2504BB00102A2700B0079
:203A6000C0014B0041114B120110370161F16E04025A4B004121C2157F53ED7FDA00C2F4D0
:203A800037046800370F06F0C2FA370A6800370F02F3C2F837086800370F04F4C2F3370319
:203AA0006800370F03F68200370F81F76C44009002483B000490DA108B8F0000C2103B8035
:203AC00000308204821A3B8000B04B056111BBD0CC2C9BC2D4234B214120821C3C404B0C52
:203AE00041114B1851D04B0561114B1D51104B0131E1F6E23C364B0E41114B1D51D04B0539
:203B000061116B0131FD82014B1F01F0AE064B0561F16B0F311D3C074B0561F16B0F31FD10
:203B200067FFBF1F7F3E03003C1C3FE018004B1201F016068B0F20F26E1102C402EB021296
:203B4000DA143FEF0C00BBD0CCFC9BCFDCF34BF101F0370F61F06E023C04C21C7FC9C17FD7
:203B6000F6459A197EC3029402EBF6457F3E0400821402EB4B0661F1BBA099099B90E10365
:203B80004B0F41503B00018002893C1C9A193B007102E2F04BB001220B6280000B00C00191
:203BA0004B0041114B1501F0370F61F16E0402984B0041517F620600DA107E923C013C0438
:203BC000C2F9FF39E57FDA03C2FF7E94DA107E8282385A8B92F3DA087F3F04003B80003041
:203BE000FF23030082233B0000249BC2612482153C143B007102E2504BB00102A2700B00D8
:203C0000C0014B0041114B120110370161F16E04025A4B004121C2157F53ED7FDA00C2F42E
:203C200037046800370F06F0C2FA370A6800370F02F3C2F837086800370F04F4C2F3370377
:203C40006800370F03F66C4E009002483B000490DA408B0F0200C2103B8000308204821AC5
:203C60003B8000B04B056111BBD0CC2C9BC2D4234B214120821C3C404B0C41114B1851D02C
:203C80004B0561114B1D51104B0131E1F6E23C364B0E41114B1D51D04B0561116B0131FD61
:203CA00082014B1F01F0AE064B0561F16B0F311D3C074B0561F16B0F31FD67FFBF1F7F3E7A
:203CC00003003C1C3FE018004B1201F016068B0F20F26E1102C402EB0212DA143FEF0C00CE
:203CE000BBD0CCFC9BCFDCF34BF101F0370F61F06E023C04C21C7FC9C17FF6459A197EC32F
:203D0000029402EBF6457F3E0400821402EB4B0661F1BBA099099B90E1034B0F41503B00CC
:203D2000048002893C1C9A193B007102E2F04BB001220B6280000B00C0014B0041114B1515
:203D400001F0370F61F16E0402984B0041517F620600DA407E923C013C04C2F9FF39E57F0C
:203D6000DA03C2FF7E94DA407E8282385A8B92F3DA207F3F04003B000230FF230300822362
:203D80003B0000249BC2612482153C143B007102E2504BB00102A2700B00C0014B004111A2
:203DA0004B120110370161F16E04025A4B004121C2157F53ED7FDA00C2F437046800370F02
:203DC00006F0C2FA370A6800370F04F4C2F837087000370F06FBC2F337036800370F05F800
:203DE0008200370F81F76C440090404F82083C0640F402846DFF39FCC218DA803FF8FAFF29
:203E000082083C0B3B0010F0E28F10F2D92400803C016DFF45FDC218BF38F6FF82003C0C2B
:203E2000534020F060F29140003F3023D9328048DA00742FC210DA103FF0F4FF82003C0836
:203E4000534020F010F2DA00892F0059C210BF80F9FFDA0089FF0079DA0089FF08796D009E
:203E6000500D022802846D00A10BDA006CF302846D00E30D02846D00990BDA0174FF028495
:203E80006D00DB0D0090534420F060FF9140003F30F3D93280483C010090370668F037FF99
:203EA00008F837056800370F08FC37046800370F08F0894F04793C01094F45786F0FFEFF11
:203EC00000902010F4A4405CD4C2F4424CC1D4A26C2109CFC808AC24DA00892F0A09D42FF2
:203EE000D4FDD4AF481F530F22F010DFD9FF00013C010CCDBF9F048082183C0282088209E6
:203F000009CF5C086E0709CF5C081E3409CF5C085E228219820A09CF5C081E1709CF5C08D2
:203F20001E3409CF5C085E2609CF6C0816011E12821A09CF6C082E04DA0178033C03DA0053
:203F40007803DA007801820B09CF6C0816019E11DA00780109CFC808BF2F05807693DA01A2
:203F60007801820B09C0C808BF20048076A2821B820C09C0C808BF20058058036E02821C96
:203F8000820D4CCDEE044CC1921E3C0309CE340909C0C8089AF042EF7802825440F46DFF33
:203FA0005FFB820440F46DFF5BFB821440F46DFF57FB822440F46DFF53FB823440F46DFFB9
:203FC0004FFB824440F46DFF4BFB826440F46DFF47FB3B80004040F46DFF42FB8224D4A22F
:203FE000D42209250808C215D4A20926040940D46DFF55FF768F8224820509C6100940D402
:204000006DFF4DFF8224820509C6140940D46DFF46FF09CFC808BF2F1380DA003C0C12E6C7
:204020008224D4A2D42209250808C21540D46DFF36FFC21F09C0C8083F0FF3FF09CF5C08AE
:204040006E0409CF5C085E35827440F46DFFDFFBDF0A180009CF6C0816019E133B9000408F
:2040600040F46DFFD4FB3BA0004040F46DFFCFFB826440F46DFFCBFB825440F46DFFC7FBC8
:2040800009CF5C081E1409CF5C085E3B09CF6C0816011E173BB0004040F46DFFB8FB3C0685
:2040A0003BB0004040F46DFFDBFA09CFC808DF1F228058036E0FDA0414F037F004F034FF10
:2040C0004CCCEE05D4A24C21921D3C0309CD30093C10D4C20C296E087687DA0514F037F061
:2040E00004F034FF3C06DA0014F037F004F034FF3C1758016E07DA0114F037F004F034FFDD
:204100003C0F76B7DA0214F037F004F034FF3C0876C7DA0414F037F004F034FF3C01820089
:2041200009CF68086E0376928210020F6E0382103C028200082F370F01F02CF2820009CF72
:204140006A086E0376A28210020F6E0382103C028200082F370F81F02CF209CF5C08BA3FBD
:204160006E0382103C028200082F370F81F22CF2D4C20C296E1EDF081D00DA016E03DA01EC
:204180003C02DA0014F037F001F334FF09C04D08083F370F04F02CF309CF580816016E0337
:2041A000DA013C02DA0014F037F081F234FF3C0709C04D08083F370F04F02CF309CFC80892
:2041C000DE195803EE170CCC370FE1F06E0382103C028200082F370F81F32CF20CCC1601D8
:2041E0006E0382103C028200082F370F01F32CF23C13DA006E0382103C028200082F370F04
:2042000081F32CF2DA006E0382103C028200082F370F01F32CF209CFC808DE1EDF08110044
:204220004CC50840370F68F037F008F02CF44CC40850370F68F037F008F02CF53C0C58035F
:204240006E08086F370D6800370F08F02CF63C03DA006CF13C20084F370E6800370F08F051
:204260002CF4D4A2892E0A0908500CA837F008F02CF5086F370E6800370F08F02CF65801B5
:20428000EE0276B9580292F0087F37006800370F08F02CF709C01E090CCE16016E038201C7
:2042A0003C033B200110483F0F100000370F1DF06CF30CCE370FE10008FF370F81F22CFF0F
:2042C00009C022090CCE16016E0382013C033B200110486F0F100000370F1DF06CF60CCEF5
:2042E000160109F05B0837F081F289FF1B0809CF660809F05B0837F002F389FF1B08DA00C3
:204300006CF4DA006CF509C06908088F370F04F02CF809C06B08088F370F04F22CF8D4A22A
:204320004C210890370F68F037F008F02CF958016E1D82083C171A8E530F22F010D2D92ED0
:2043400000013C01827440E46DFF8AF909C04D080CE3370F04F02CE3DA006CE4DA006CE56B
:20436000C21809CFC8083FF8E8FFDF0B7F0082083C780B8E0090530922F010D2D92E000175
:204380003C01823014E1370104F034EFD4A24C2109E04608370F68F037F008F02CE609C038
:2043A0004D080CE3370F04F02CE3DA006CE4DA006CE509C01E090CCE16016E0382013C0307
:2043C0003B2001104CE30F100000370F1DF06CE30CCE370FE1000CEF370F81F22CEF09C0E8
:2043E00022090CCE16016E0382013C033B2001104CE60F100000370F1DF06CE60CCE16011B
:2044000009E05B0837F081F289EF1B0809CF660809E05B0837F002F389EF1B083B900040C7
:2044200040E46DFFF4F9825440E46DFFF0F95FE908803BA0004040E46DFFE9F93C063BA036
:20444000004040E46DFF0CF909CF5C081E1409CF5C085E363BB0004040E46DFFD8F9C218E3
:2044600009CFC8083FF887FF09CF5C08EE09826440F46DFFCCF9825440F46DFFC8F909CF4A
:20448000C808BF2F248082093C1D0B9E0080530822F010D2D92E00013C01F6B5825440E474
:2044A0006DFFB5F9F6CE09C0C8089AF07E9302E83C02C2180CE437086800370F08F02CE403
:2044C000C21909CFC8083FF9E2FF58036E3009CF6E0816016E0382103C028200081F370FB2
:2044E00001F12CF109CF6E08370FE1F06E0382103C028200081F370F81F12CF109CF6E083B
:20450000370F61F16E0382103C028200081F370F81F02CF109CF6E08370FE1F16E038210DC
:204520003C028200081F370F01F02CF182023C010090F445DA006C41DA01AC44DA082C4D09
:20454000DAFC6C44DAFD6C45094F5808B70F01F0894F18080C4EB70F01F02C4E0C4EB70F3B
:2045600081F02C4E0C4CB70F01F02C4C0C4CB70F81F02C4CBBF0FFFF9BFFFFF7894F1E098A
:20458000DA00894F2209DA00894F1C08DA02894F2608DA00894F2808DA00894F2908DA00E7
:2045A000894F2A08DA00894F2B08DA006C4D094F6C08B70F01F0894F2C08094F6E08960185
:2045C000894F2E08094F6E089602894F2E08094F6E089604894F2E08094F6E089608894F9F
:2045E0002E08DA006C4C0090094FC808BF2F1680D44FD4FF094F0A09530F22F010FFD9F406
:2046000000013C016DFF70F8370268F02E0382123C0282023C013C14D44FD4FF4C41530FFE
:2046200022F010FFD9F400013C016DFF5DF8370268F02E0382123C0282023C013C0100906B
:20464000094FC808BF2F1680D44FD4FF094F0A09530F22F010FFD9F400013C016DFF44F817
:20466000370268F42E0382123C0282023C013C14D44FD4FF4C41530F22F010FFD9F40001BD
:204680003C016DFF31F8370268F42E0382123C0282023C013C010090404C405D09CFC80851
:2046A000BF2F058009CF0A093C024CC1D4C2D422530F22F0102FD9FF00013C01820440F442
:2046C0006DFFCEF740F440D56DFF12F86F820C0009CFC808BF2F0880084F16FF3C0189CFCE
:2046E0000A093C013C010090404F405C09FFC808BF2F118009F80A09D4F2D422481F530F82
:2047000022F01022D92400013C0182546DFF7FF83C024818D4F2D422530822F01022D9246B
:2047200000013C0191000027D922D8A0F42409FFC808BF2F068040C56DFF70F83C0440C58E
:204740006DFF0DF8DF02118009FFC808BF2F0D8091000027D922D8A0D4220C2416FF3C0180
:2047600089FF0A093C013C0100902008404C405DD4D209DF04083B001000E20F1022D92F33
:2047800000803C018208D4D2F4C2ECC109DF04082CC8DA002CC9DA4174FF09DF76086E03AD
:2047A000DA013C02DA0014F037F081F034FF09DF78086E03DA013C02DA0014F037F001F14E
:2047C00034FF09DF7A086E03DA013C02DA0014F037F081F134FF0CD514F08B0F20F237F050
:2047E00081F334FF14FFB70F01F034FFDA006CF209D07708089F370F04F02CF909D0790825
:20480000088F370F04F22CF809D07B08088F370F04F02CF809D07D08089F370F04F22CF9EA
:2048200009D07F0808AF370F04F02CFA7B0006F06CF509FF5408B70F08F089FF140809FF61
:204840005508B70F08F089FF150809DF750809F0560837F008F089FF16080CD608D08B0FC3
:2048600020F237F001F02CFD4CDC6E0F09D5B00909D4740809D5401840F46DFF39F87623B0
:20488000DA003C02DA04A6F84CDA6E0F09D5A80909D42C0809D5401840F46DFF11F87623C9
:2048A000DA003C02DA04A6F8D4C2F4A249A4000A6D001A01022909DF5008EE0C09D5080965
:2048C00009D6CC0809D7CE0840F402946DFF22F83C3F821014FF960134FF760382103C02EC
:2048E0008200081F370F81F02CF114FFB70F01F034FFDA012CC909D5140909D6DA0809D7D2
:20490000D80840F402946DFFA2F909D51C0909D6E20809D7E00840F402946DFFCBF809DF71
:20492000E4086E1609DFE40809F07D08370F68F037F004F089FF3D08DA016E03DA013C02CA
:20494000DA0009F07D0837F081F389FF3D08DA0109F05A0837F082F189FF1A0809DF7C08B1
:204960006E03DA013C02DA0009F05A0837F001F389FF1A0814FFB70F01F334FF02823C01F2
:204980000090D45FF44FDA002C44DA002C46DA002C453B90D0F3065F6C423B00F4F1AC467D
:2049A0003B007DF0AC47DA00894F10083B90D0F3065F6C453B007DF0AC4C3B00F4F1AC4D35
:2049C0003B90D0F3066F6C473B007DF0894FA0083B00F4F1894FA208DA00894FA408A00F4A
:2049E000EC4ADA10894F2C08A00FEC4CDA80894F3408DA01894F0018DA00894F3608DA00A1
:204A0000894F3708DA00894F3808DA00894F3908DA00894F3A08DA00894F3B08DA00894FFF
:204A20003C08DA00894F3D08DA00894F3E08DA00894F3F08DA60894F35080090404C405D42
:204A4000D4C2092F4878160F3C012CD4DF1F3C806D009E029130002F392F3406160FEE03F7
:204A600082003C0A913000FF39FF3406160F4B0F41F14BF251003C01D4CF08DF370F62F39B
:204A80003C01D4CF09F1CC0837016A103C015E1B3B0040F0A21F4B0F41F14BF051F089DF64
:204AA00006093C105E2C4B0161F14BF041F07B0048044B0F51F089DF06093C04DA0089DFAC
:204AC00006093C105E266D00C70189D206093C0A5E466D00E80189D206093C04DA0089DF2C
:204AE00006090090205049A5000A6DFFA9FF09A206093C010090404C405DD4DFF4CF0CD495
:204B0000DF1FD2806D005C0202287B0048F409D006094B0851006B0031FF82004B0F01F0A5
:204B2000AE0A7B0048F409D006094B0851006B0031FF3C02DA00BB00000C9BF047044B0FD0
:204B400001F0370F61F06E187B0048F409D006094B0851006B0031FF82004B0F01F0AE0AE4
:204B60007B0048F409D006094B0851006B00314F3C0282043C05BB00004C9BF447446D0074
:204B80001B0C02293B0040F0A29F4B0F41F14BF851A009DF06097B0048044B0F41F04B8F34
:204BA00051F0BB00000C9BF047044B0F01F0AE06BB00004C9BF447443C0909DF06097B0040
:204BC00048044B0F41F04B8F51406D00F50B4B0261F14BF841F07B0048044B0F513009DF89
:204BE00006096B0A31FF82004B0F01F0AE0609DF06096B0A310F3C0709DF06096B0A31FFF5
:204C000067FFBF0F09DF06096B0331FF82014B1F01F0AE0609DF06096B0331FF3C0709DF79
:204C200006096B0331FF67FFBFFF4BF001F016038B0F20F26E023C0202296E0382183C0290
:204C400082286D005E06022A02A46D00AF0414FFB70F01F034FF14FF960834FF3C0114FFB6
:204C6000370FE1F0BA0F3C016EFBDA0009F0487837F004F089FF0878DA0109F0487837F03D
:204C800004F089FF087809FFCC08379F0AF0ACF608DF37086800370F02F32CFD02A46D00C5
:204CA000CC063C01D4C23C01092F45786F0FFEFF82003C08534020F010F2DA00892F00594C
:204CC000C210BF80F9FF09FF4978B70F04F289FF097882FF89FF007982083C2B40F4028410
:204CE0006DFFD3F8534820F010D409404C08534820F010D4094FCA081421370F68F037F19D
:204D000008F0342F0C21370F81F12C210C2396022C23534820F010D4094FCA086E050C2197
:204D200096042C213C050C21B70F01F12C21C218DA103FF8D5FF82023C010090404CF4C5B4
:204D4000DA012CC46D003C0189C2060982003C0C534020F010CFDA00ACF5534020F010CF3B
:204D6000DA002CFCC210DA103FF0F4FF0090404F0B4510A849FC100A82404B0A01828F3A6A
:204D800000F1538F20C09140002FD922000E7D2F08009140002FD922004E7D2F15806D00AC
:204DA000B005022F02F46D00010409F0201982110FA1101082F2C621261089F0201902F4D7
:204DC0006D003B06534820F010CFDAFF0FCF00F00FCB10B002F302B249F240080090404F0F
:204DE0000B4510886D008D05022A02A46D00DE0349FF001ADA084BF801028F7800F1534F88
:204E00002040534020F010FFDA0F0F4F00F00F49109002F3029249F2400802A46D000D061F
:204E2000009002486D000B018200DA003E823C06913000FF19F000263C0382023C01760953
:204E40004B0061F17B0028044B0F51F04BF241203C010090910000F7D9FF0C2054FF4B0FCF
:204E600061213C010090913000FF39FF3706370F62F2EE06BB00C22B9BE2CB243C119130FE
:204E800000FF39FF3706370F62F25E19910000F7D9FF0C2054FF4B0F61213C0282023C01D3
:204EA0000090913000FFD9FF00066DFFDEFF09FF640816015E1A09FF6E08167FC21F4B0F2A
:204EC00041F14BF251203C2409FF6408370FE1F15E1EBB00C20B9BE0CB0409FF6C08167FA7
:204EE000C21F4B0F41F14BF051203C1209FF6908370FE5F0C21F4B0F41F14BF2410009FFC4
:204F00006C08167FC21F4B0F41F14BF051203C010090913000FFD9FF00066DFFA6FF09FFEB
:204F2000540816015E1A09FF5E08167FC21F4B0F41F14BF251203C2909FF5408370FE1F187
:204F40005E1EBB00C20B9BE0CB0409FF5C08167FC21F4B0F41F14BF051203C1709FF59082D
:204F6000370FE7F0C21F4B0F41F14BF2411009FF5C08167F921009FF5B08160FC21FE2F033
:204F80004B0041F14BF151203C010090913000FF39FF3306370F62F282003E0482103E08B3
:204FA0003C0ABB00C22B9BE2CB243C013C066DFFB2FF3C0382023C013C0100906DFFE8FFDB
:204FC000913000FF39FF3106370F6402DA003E0CDA01BE0CDA02BE0FDA035F0F2200DA0439
:204FE0005F0F24003C27913000FF39FF3206160FEE0382023C0A913000FF39FF3206160F57
:205000004B0F41F14BF251203C177B001FF44BF251203C127B0027F44BF251203C0D7B0071
:205020002FF44BF251203C087B0037F44BF251203C0382023C013C0100906DFFA9FF913065
:2050400000FF39FF3106370F6402DA003E0CDA01BE0CDA02BE0FDA035F0F2200DA045F0F0B
:2050600024003C27913000FF39FF3106160FEE0382023C0A913000FF39FF3106160F4B0FEC
:2050800041F14BF251203C177B001FF44BF251203C127B0027F44BF251203C0D7B002FF428
:2050A0004BF251203C087B0037F44BF251203C0382023C013C010090404F8208910000270C
:2050C000D9220C2009FF0019742F6D001A0402296D002B04022A02946D0068029130002F0A
:2050E000392F3046370FE1B19130002F392F304696089130002FE92F304602946D009D046C
:2051000002A46D007B023C019130002F392F3306370FE1F3EEFA9130002F392F3306B70FD8
:2051200002F29130002FE92F33069130002F392F330696409130002FE92F33069130002FA2
:20514000392F180696109130002FE92F18063C019130002F392F3306370FE1F3EEFA91306C
:20516000002F392F3706B71F02F29130002FE92F37069130002F392F370696409130002FF1
:20518000E92F37066D009B01A62802A46D007C04DF08698102A46D0031023C019130002F0C
:2051A000392F1406370FE1F26EFA9130002F39201C0608AF37F007F09130002FE92F1C0682
:2051C0009130002F39201B06088F37F004F09130002FE92F1B069130002F39201906089F7B
:2051E00037F087F09130002FE92F19069130002F392F180696409130002FE92F18069130B7
:20520000002F392F1A06B70F01F09130002FE92F1A069130002F392F180696209130002FDC
:20522000E92F18069130002F392F1A0696019130002FE92F1A069130002F392F1A069604EF
:205240009130002FE92F1A06BB70714B9B1485436D0092013C019130002F392F1406370FD3
:2052600061F16EFA9130002F392F1806B70F01F09130002FE92F18063C019130002F392F8C
:205280003306370FE1F3EEFA9130002F392F3306B71F02F29130002FE92F33063C01913039
:2052A000002F392F3306370FE1F3EEFA48346D0063019130002F19203006485F82F1C61F71
:2052C00026F0485F4841261FA6F0DA0137F0020EDA0137F0010F9130002FD92230067420D4
:2052E0003C019130002F392F3706370FE1F3EEFA9130002F19203406487F82F1C61F26F042
:20530000487F4861261FA6F0DA0137F0020EDA0137F0010F9130002FD922340674203C0128
:205320009130002F392F0316370FE1F3EEFA9130002F19200016489F82F1C61F26F0489F7F
:205340004881261FA6F0DA0137F0010F9130002FD922001674203C019130002F392F0F1648
:20536000370FE1F3EEFA9130002F19200C1648BF82F1C61F26F048BF48A1261FA6F0DA01C5
:2053800037F0010F9130002FD9220C1674209130002F1920002648DF82F1C61F26F048DF2A
:2053A00048C1261FA6F09130002FD9220026742002A46D0069039100802F1920140248FF0F
:2053C00082F1C61F26F048FF82F1C61F26F048FF48E1261FA60F02946D00E8009100802F15
:2053E000D9221402742F02946D002703820C3C3702A46D0003013C019130002F392F140605
:20540000370FE1F26EFA9130002F39201C0653CC20F0C8121022142F37F007F09130002F14
:20542000E92F1C0602A46D002F0353CC20F0C81210224C226E0953CC20F0C8121022092267
:2054400088092D02000053CC20F0C8121022092402096D009100C21C370C68C014FF3FFC84
:20546000C9FF02A46D00CA00913000FF39FF1806B70F01F3913000FFE9FF180602A46D00DE
:20548000030302946D009200913000FF39FF2C469608913000FFE9FF2C46913000FF39FF57
:2054A000304637BF81F1913000FFE9FF304602946D00C30202823C0100903B002880820969
:2054C0006D001F02022A913000FF39F01006B7008202913000FFE9F01006913000FF39F040
:2054E0001206910000F7D9FF0C2054F13B005AF29B6F02F04BF111229AF2370F68F037F080
:2055000005F0913000FFE9FF1206913000FF39FF10069604913000FFE9FF10063C05C2F875
:20552000F68382193C0D913000FF39FF10066F1FF87F913000FF39FF11066F0FF27F02A457
:205540006D003400913000FF39FF2C469608913000FFE9FF2C46913000FF39FF304696087C
:20556000913000FFE9FF304602A46D00660202923C01009002486DFF0BFD913000FF39FF7B
:205580003506160F4B0F41F14BF251F03C014B8F41F04B0F71F185F110003C0185F0100055
:2055A000A2103FF0FDFF00904DC0E1FF16073C0153CF20F060FF9130003F30F3D93F004625
:2055C00054FF2E1B8F2420F0960154F0370070088F002100A60F74FF86248F2440F154F038
:2055E000370070088F002100A60F74FF3C0154FF1601DF1FFE7F0090913000FF19FF303634
:205600006F1F12008F2420F09601913000FF19F03036370070088F002100A60F913000FF8D
:2056200059FF303686248F2440F1913000FF19F03036370070088F002100A60F913000FF1B
:2056400059FF30363C01913000FF19FF30361601DF1FFB7F00904DC0E1FF16073C019130EA
:2056600000FFD9FF004653CF20F010FF54FF2E1B8F2420F0960154F0370070088F00210033
:20568000A60F74FF8F2420F0960254F0370070088F002100A60F74FF3C0154FF1601DF1F17
:2056A000FE7F084F96082CF454FF2E1B8F2420F0960154F0370070088F002100A60F74FF97
:2056C00086248F3440F154F0370070088F002100A60F74FF3C0154FF6F0FFF7F0090913084
:2056E00000FF19FF30366F1F12008F2420F09601913000FF19F03036370070088F002100A5
:20570000A60F913000FF59FF30368F2420F09602913000FF19F03036370070088F0021006D
:20572000A60F913000FF59FF30363C01913000FF19FF30361601DF1FFB7F913000FF39FF34
:2057400034369608913000FFE9FF3436913000FF19FF30366F1F12008F2420F09601913036
:2057600000FF19F03036370070088F002100A60F913000FF59FF303686248F3440F19130CA
:2057800000FF19F03036370070088F002100A60F913000FF59FF30363C01913000FF19FFF4
:2057A00030366F0FFC7F00904DC0E1FF16073C01913000FFD9FF004653CF20F010FF54FF41
:2057C0002E1B8F2420F0960154F0370070088F002100A60F74FF8F2420F0960254F0370085
:2057E00070088F002100A60F74FF3C0154FF1601DF1FFE7F084FB70F81F12CF454FF2E1BEC
:205800008F2420F0960154F0370070088F002100A60F74FF86248F3440F154F037007008D2
:205820008F002100A60F74FF3C0154FF6F0FFF7F0090913000FF19FF30366F1F12008F24E3
:2058400020F09601913000FF19F03036370070088F002100A60F913000FF59FF30368F242D
:2058600020F09602913000FF19F03036370070088F002100A60F913000FF59FF30363C0182
:20588000913000FF19FF30361601DF1FFB7F913000FF39FF3436B70F81F1913000FFE9FFF9
:2058A0003436913000FF19FF30366F1F12008F2420F09601913000FF19F030363700700868
:2058C0008F002100A60F913000FF59FF303686248F3440F1913000FF19F030363700700869
:2058E0008F002100A60F913000FF59FF30363C01913000FF19FF30366F0FFC7F00904DC0B4
:20590000E1FF16073C0153CF20F060FF9130003F30F3D93F004654FF370F6EF18FFF832111
:205920003C013C010090913000FFD9FF303654FF370F6EF18FFF83213C013C010090DA3C15
:20594000B44FBBC0FFFFAC41DA002C44DA002C45DA002C46DA002C47DA002C48DA002C4913
:20596000DA002C4A0090544F82022E1B9601B70F810037006E118FF1831137100EF1744F26
:20598000B70F01F096020950C008370F0E010951C2083710100874403C01544F1601DF1F16
:2059A000FE7F0C5482003E0682103E0B8220BE003C16DA0037F20121DA0037F281223C0FA1
:2059C000DA0137F20121DA0037F281223C08DA0037F20121DA0137F281223C010C556E03DC
:2059E000DA013C02DA0037F281210C566E03DA013C02DA0037F201230C576E03DA013C02E9
:205A0000DA0037F281230C586E03DA013C02DA0037F201240C596E03DA013C02DA0037F2D7
:205A20008724894204090954C0086D00060000906D00030000904DC0E1FF16073C0153CF52
:205A400020F060FF9130003F30F3D93F004654FF2E1B8F2420F0960154F0370070088F00DE
:205A60002100A60F74FF86248F3440F154F0370070088F002100A60F74FF3C0154FF6F0F66
:205A8000FF7F0090913000FF19FF30366F1F12008F2420F09601913000FF19F0303637005A
:205AA00070088F002100A60F913000FF59FF303686248F3440F1913000FF19F03036370087
:205AC00070088F002100A60F913000FF59FF30363C01913000FF19FF30366F0FFC7F009067
:205AE000F647094F40189601894F00183C08DF140780094F40189604894F00180090F6476D
:205B0000094F7C089601894F3C083C08DF140780094F7C089610894F3C08009082F2820014
:205B20003C17913000F8D9FF4CCA538020F010FFD4FF7D4F0D80913000F8D9FF4CCA5380D3
:205B400020F010FF481F370F48203C04C210BF10EAFF3C010090404C405F09C0380909C17B
:205B60003C0914FFEE0C083F37F00500082F37F00504081F37F1011182183C0F14FF5E1C26
:205B8000083F37F00508082F37F0050C081F37F1011382183C02820889C13C0989C038093D
:205BA00040C46DFFBDFF09FFC8086E26081FEE099140002FD9225028530226F010223C09DA
:205BC0009140002FD9225028530226F01022B04208A009FFC8081421370F68F037F108F050
:205BE000342F0C21370F81F12C210C2396022C230C2196042C2108264CC4820102F009C367
:205C00002C0982020F20A0400F31A0503C016DFF1FD23C0114FF534F20F010C2892230093A
:205C200014F440C46DFF5EFF14F440C46DFF69FF08264CC4820102F009C32C0982020F2048
:205C4000A0400F31A0503C016DFF02D23C0114FF534F20F010C2481F42F2892230090282E0
:205C60003C010090DA00344FDA002C42DA1F2C43DA002C4182FF6C41DA00AC44DA002C4ABB
:205C80000090208049A4000A91000057D955ECA06DFF79F63B90D0F3065F7802DA012CA448
:205CA000913000F8D9FF50BAF80ADA1089AF2C08913000F8D9FF78BAF80CDA8089AF34085C
:205CC000910000F7D9FFECA049F4100A49A5000A6DFF4DF549A4041A910000F7D9FFECA0E4
:205CE00049F5100A6DFF27F4DA0178123BB02BF089AF2619BBF0FFFF9BFFFFF789AF221937
:205D0000DA0089AF2018DA0889AF111809AF5218B70F01F089AF121809AF5218960289AFC9
:205D2000121809AF5C18B70F01F089AF1C18DA0189AF2C18DA0389AF2D18910000F7D9FFD9
:205D4000ECA0D9F43C0149A5041A6DFFBCF049A4041A910000F7D9FFECA049F5100A6DFFCE
:205D6000EAF3DA0078123BA03AF089AF2619BBF0FFFF9BFFFFF789AF2219DA0189AF20186F
:205D8000DA0889AF111809AF5218B70F01F089AF121809AF5218960289AF121809AF5C183D
:205DA000B70F01F089AF1C18910000F7D9FFECA0D9F40C1149A5041A6DFF85F09140004FDD
:205DC000D944400B8244DA803B000850A6F56DFFD0F782046DFF02D90090208049A4000AE6
:205DE00091000057D955ECA06DFFCDF53B90D0F3065F7802DA002CA4913000F8D9FF7CAA05
:205E0000F80ADA1089AF2C08913000F8D9FF64BAF80CDA8089AF340891000047D944ECA028
:205E2000B04449A5000A6DFFA2F449A4041A91000057D955ECA0B0456DFF7DF382083C43ED
:205E400053C820F0910000F7D9FF240010FF09FFC008781253C820F0910000F7D9FF24007B
:205E600010FF09FFC20889AF2619BBF0FFFF9BFFFFF789AF2219DA0189AF2018DA0889AFB9
:205E8000111809AF5218B70F01F089AF121809AF5218960289AF121809AF5C18B70F01F09F
:205EA00089AF1C18530821F0910000F7D9FFECA010FF49F43C0A49A5041A6DFF04F0C21846
:205EC00037086880913000F8D9FFDC1A09FFC0083FF8B8FF49A4041A91000057D955ECA0A9
:205EE000B0456DFF28F382083C4953C820F0910000F7D9FF0C0010FF09FFC008781253C8FC
:205F000020F0910000F7D9FF0C0010FF09FFC20889AF2619BBF0FFFF9BFFFFF789AF221901
:205F2000DA0089AF2018DA0889AF111809AF5218B70F01F089AF121809AF5218960289AFA7
:205F4000121809AF5C18B70F01F089AF1C18DA0189AF2C18DA0189AF2D18530821F091001C
:205F600000F7D9FFECA010FFD9F4BC0049A5041A6DFFA9EFC21837086880913000F8D9FF8C
:205F8000DC1A09FFC0083FF8B2FF9140004FD944008A8234DA803B000850A6F56DFFE9F603
:205FA0009140004FD944008A8224DA803B000850A6F56DFFDEF69140004FD944008A82441F
:205FC0003B0001506DFFD5F682046DFF23D80090205049A4000A9120005FD95500086DFF68
:205FE000AFF6DA28ACA7DA0089AF1008DA29ACA9DA0089AF1408DA2AACABDA0089AF18086A
:20600000DA2BACADDA0089AF1C0891000047D944ECA049A5000A6DFF70F56DFF34FE6DFF98
:20602000DEFE91000047D94440C06D008A0491000047D94478C06D0084040090910000470A
:20604000D94410206DFF3AF8910000F7D9FFC8C26DFF61F74B0271F16CF34DC0E1FF8F7F9E
:2060600000413C01910000F7D9FFC8C26DFFDBF64B0271F16CF4910000F7D9FFC8C26DFF16
:206080009FF74B0271F16CF16DFF82F7913000FF39FF3506370F64F24B0F41F14BF251F0A0
:2060A0003C01910000F7D9FFC8C24B0F71F16CF2910000F7D9FFC8C26DFFC1F74B0271F1E2
:2060C0006CF66DFF65F7913000FF39FF3506160F4B0F41F14BF251F03C01910000F7D9FF97
:2060E000C8C24B0F71F16CF700904DC0E2FF370FE1F78B0F20823C010D00400300003C0155
:206100006DFF4BD5910000F7D9FFE8C29100002FF4F291000047D944E8C2B0446DFFA4FDA3
:20612000910000F7D9FFE8C291000027D92268A0092068096820910000F7D9FFE8C2DA6430
:20614000ACF6910000F7D9FFE8C2DA002CFE910000F7D9FFE8C2D4F491000057D955E8C2FD
:20616000B0456DFFFAFC76830D0000030090C5F4C0826DFF67EA0090404C0B4510688218F9
:2061800009C44009913000F8D9FF5C5A09F040090B0410F10B1580F2EE03DA003C294DC081
:2061A000E2FF370FE1F78B0F20F23C010D00400300003C013C0185F010008203020285F1A9
:2061C0002C008200A620A6313C01913000F8D9FF5C5A09F24009262026316E030D0000038E
:2061E0003C010B4050F10B5100F20B1590F23C016E4A82050264538720F0910000F7D9FFBA
:2062000068A010FF09F640096DFFFCCE913000F8D9FF5C5A09F040090B0210F10B1380F2C2
:20622000EE08913000F8D9FF5C5A09F040093C274DC0E2FF370FE1F78B0F20F23C010D007A
:20624000400300003C013C0185F010008205020485F12C008200A640A6513C01913000F878
:20626000D9FF5C5A09F44009264026516E030D0000033C010B2040000B3150103C0189C022
:206280004009820802823C0100906DFF86D4910000F7D9FF68A009F46809FBA000606DFFD7
:2062A000B1CE913000F8D9FF5C5A09F040090B0210F10B1380F2EE08913000F8D9FF5C5AFB
:2062C00009F040093C274DC0E2FF370FE1F78B0F20F23C010D00400300003C013C0185F0E5
:2062E00010008205020485F12C008200A640A6513C01913000F8D9FF5C5A09F440092640D0
:2063000026516E030D0000033C010B2040000B3150103C01910000F7D9FFF8C289F0400928
:20632000910000F7D9FF68A009F46809FB4006606DFF68CE913000F8D9FF5C5A09F04009BB
:206340000B0210F10B1380F2EE08913000F8D9FF5C5A09F040093C274DC0E2FF370FE1F7B1
:206360008B0F20F23C010D00400300003C013C0185F010008205020485F12C008200A6404E
:20638000A6513C01913000F8D9FF5C5A09F44009264026516E030D0000033C010B20400036
:2063A0000B3150103C01910000F7D9FFC0D289F040090090B70408FC3704E80BB71F811B61
:2063C000DA7F3FF00580DA967F0F0480820200908B6009F1325F0FF100103701702000903C
:2063E00091300048D94434BB1D0002008208404F8209820A820BC81CC82D483C09FF100136
:20640000DF1F238080CF160180D08F100001FE046E04C2FC04DF24CF76CF8F3C00018FECF1
:206420001FF06E0902F140D2C2F16014442164C1FC4E90DD020CDF0CE07FC2FC60C204DF4E
:2064400024CFFC2E3CD9DE2580CF2E03C2FC24C9DF0CD37F8F3C00F106EC76C5C2FC60C2D6
:2064600064CAFC2F6EC9C2FF60F224CBFC2F3CC48F0F1F00DF002E008F3F0001DF102B802C
:2064800080CF8F3F00D180DF1603FEDB76DB02D440C440D56D00530001CD00C601DD00D675
:2064A000A2DC76CF8F3C00018FEC1FF06E0902F140D2C2F16014442164C1FC4E90DD020CD1
:2064C000DF0C9B7F02C440C440D56D0038003C9400901603DF2F91FF80CF16036E0702F449
:2064E00040C46D00150010CCA2FCDF0C867F8F3C004106EC76C5C2FC60C264C8FC2FDF0459
:206500007C7F40C46D0004001DFF77FF3BF00F00804F1603063F0FF0100082FFC6F0C2F416
:20652000604F804FB70F02F060F2B014542F260F742F77000004FCF60090804F16033BF0A4
:206540000F008F3F00100F10100082F1C610C2F4604F8041B7010220095101008F3F00307D
:20656000B0140F3110106022C21F542216032602A612742277000004FDF0ED7F00904DC01E
:20658000E2FFB70F8107CDC0E20F0D00C00485F2100085F32C00CDCFE20F0D00C004009064
:2065A0006DFFFBD20090910000F7D9FF68A009F06809820702460B0110486DFF23CD0B2381
:2065C00010486DFF7FD30090913000F8D9FF78CA54FF744F913000F8D9FF78CA481F745F1F
:2065E00082123C0100902008DA0074AFDA00780149A4000A49A5040A6DFFE8FFDF120A8001
:2066000054AF60F48204580154A052056D00851B0090910000F7D9FFECD209F264383C016A
:206620000090910000F7D9FFECD2DA0034FF910000F7D9FFECD2081F5E196DFFD6FF910011
:2066400000F7D9FFECD2DA002CF182046D006C008204A0043BF00F50A0056D006C00910094
:2066600000F7D9FFECD291000027D922C8D289F2B039910000F7D9FFECD249F4343A82048D
:206680003B4001506D00491B91000047D944C8D23BF00F403B4002506D003F1B0090024FDF
:2066A000404F02586DFFB7FFDF120200A0027DF2028002F440F402856DFFA5E33702688083
:2066C000DF1810808224A0043BF00F50A0056D003200910000F7D9FFECD2DA012CF23C07C1
:2066E000910000F7D9FFECD2DA002CF202823C010090910000F7D9FFECD289F40C399100C2
:2067000000F7D9FFECD289F51039910000F7D9FFECD289F41439910000F7D9FFECD289F5A1
:2067200018390090910000F7D9FFECD289F424380090910000F7D9FFECD289F42538910068
:2067400000F7D9FFECD22835910000F7D9FFECD289F5AC39910000F7D9FFECD289F4A83952
:206760000090913000F8D9FF647A54FF3FF40C80913000F8D9FF647A09FF14397FF404804D
:2067800082123C0382023C01009082123C0100903C09144F1450C2F43E0352020090B014C9
:2067A000B015DF04F8FF82020090DF043000404FBF842780804F8F3F000180518F3100115A
:2067C0005F101F802E06C2F4045F344F494F010A80FF2E16045F24FFC2E4045F24FF8F74C0
:2067E00000018FD41FF06E0B02F14052C2F160160922480189F24801FC6CD0550204764678
:20680000C2F46042045F24FFFC2E40420090404FBF852380804F2E05C2F53444494F010A14
:2068200080FF2E1424F4C2E524F48F7500F106D5DF051200D200764A370468008F80201086
:20684000A6108F002110A6100201C2F5605289F04801FC2E02F57655C2F5605224F4FC2F46
:20686000404200903BD0E604910000F79B601C0419FF20303B900313030F0AF159FF203070
:20688000370F6F280090910000F759F420300090404F6DFF76FE0B23104891000027192FE1
:2068A0001C301EF661FF79CC6DFFF8CB422FBCF274FF02F20090014530F4EE06015400F6E5
:2068C000014F30F4EE0B3C06095F0008344FB015B014024FC2F4EEF93C0D3C0A014400F6D5
:2068E00001540026092F3FF889FF3FF8C2F4FF14F77F00903C033444B014025FC2F5EEFCA3
:206900000090404F405C481FC21F82404B0F010254FF7E1440F46D001400481F53CF20F022
:2069200010F24924080A3BC0004040C56DFFC5FF481FC21F82404B0F010268110090DA001C
:206940006C41DA00744F0090404F481F54F07E0382023C1554FF53CF20F010F24922080AC9
:206960003BC00040405440256DFFA7FF54FFC21F82404B0F010274F182123C010090025264
:206980003C010090DA003C1A104F14F0861037006800104F14F1913000F8D9FFE41A10FF60
:2069A00014F2C621913000F8D9FFE41A10FF14F2C620105F420134F1C21FBF4FE7FF009024
:2069C0002008DA003C0D10AF1042142091300028D922E81A10221421C61034F0C21FBF4FF1
:2069E000F4FF0CA28FFF00010CA216F0A6F0345014AF160F8F4F20000CA116F086CFA6F015
:206A0000895001080CA18F0F0F010CA316F086CFA6F08950020814AF160F8F4F20000CA321
:206A2000160FA6F08950030800900249404F6D00650D02284DC0E1FF8F7F00413C016DFF5F
:206A4000F2F14B0271F1C6F89130002F192F1016C6F891000027D9223413542F8F8F00F03F
:206A6000C6F8DA003C1210F2538F20005708680034203BD0E6049B601C043B900313030815
:206A80000A8182F02608C21F3F9FEFFF82123C01009082186DFFB5CDDF120480DA0B3C029D
:206AA000DA0A8F882020A6F23C0100900C5509504608DF30090014443B10035040546D001F
:206AC0002C073C3D14408B000400895004082C5582208950820882003E0882103E0D822075
:206AE000BE028230BE073C1D910000F7D9FF0840DA0034FF3C1D910000F7D9FF0840DA0175
:206B000034FF3C16910000F7D9FF0840DA0234FF3C0F910000F7D9FF0840DA0334FF3C08F2
:206B200014443B20015040546D00F7063C01910000F7D9FF084014F46DFF7ED10090144FB8
:206B40008B0F04F02C540C550950C208FF20098014443B30015040546D00DF063C1F5E1C2C
:206B6000DA012C55DA02AC51910000F7D9FF0050DA0134FF3C135E2CDA022C55DA02AC5113
:206B8000910000F7D9FF0050DA0234FF3C0714443B20025040546D00C0060090404C405F6C
:206BA0000858DA01BE8082205F80250082305F804B00DA81BE86DA825F8F4000DA835F8F66
:206BC0004E003C5214C08B0004F02CF42858DA02ACF182146D009B0682146D00A7063C4B92
:206BE00082146D00940682146D00A006DA00ACF13C4282346D00D000DF12090014C43B302A
:206C0000035040F46D0089063C3614CF8B0F04F02CF42858DA02ACF182246D007806BB5059
:206C20004AFA91300027F92FFCFD91200028D922D63689F29C293C1F82246D006806DA0031
:206C4000ACF13C1914CF8B0F04F02CF42858DA02ACF182446D005B063C0E82446D0057064A
:206C6000DA00ACF13C0814C43B20015040F46D0054063C010090F6436D00980B0090F646F8
:206C80006DFFB8CC02246DFFC9CC00900C5514408B000400895004082C5582003E0682104B
:206CA0003E0582303E0A3C103C16912000F8D9FFF616895F9C293C0F912000F8D9FFD636E7
:206CC000895F9C293C0814443B20015040546D0024063C010090F6436DFFEECB00908F84C6
:206CE0002080A658DA1B3FF805003BE00F203C1EFF8805803BC00F203C1902846D009B0008
:206D0000F6243BD00F203C12538820F0913000F8D9FF647A10FF54F46DFF6DDE370268F0D8
:206D20006E0382023C0382123C010090DA0D344F91300028D92260FA3C010090910000F7C1
:206D4000D9FF344009F2C4083C010090910000F7D9FF344009F2C6083C010090910000F761
:206D6000D9FF344014FF5E1382123C0282023C010090910000F7D9FF3440081F26F491007A
:206D800000F7D9FF3440081F7E4382123C0282023C010090910000F7D9FF3440082F264F25
:206DA0007E4382123C0282023C010090910000F7D9FF344014FF26F4910000F7D9FF34401A
:206DC00014FF7E4382123C0282023C0100902008404C913000F8D9FFEC1A49FF000A49A234
:206DE000000AA03404FF242FFC4EDF14098049AF000A405440F56DFFC7FD3C0CDF240980CA
:206E000049AF000A405440F56DFFDCFD3C0382023C10DA003C0A10CF14F010AF14F15F101D
:206E2000040082023C06C21FBF4FF7FF82123C01009002486DFFE5CBDF120B808202DA17EB
:206E40003FF80680DA1A3F8F038082123C098202BF880680DA163F8F038082123C01009064
:206E6000404C405F8208820909FFC208FF2F098014C43B30015040F46D004F053C5D085FC0
:206E80008FFF0021085F16F08FCF3F307626FF5205807633BF53098014C43B10035040F4A9
:206EA0006D003B053C4909F0C2089A2212317F10098014C43B30015040F46D002E053C3CE6
:206EC00082003C0A8F88008001F000260C26A6F8C210370068003F20F7FF82003C0C8F89C4
:206EE00000909A20122101F100260C24A6F9C210370068003F30F5FF0B8910486DFF7DDAAB
:206F0000762814C43B10035040F46D0006053C1414CF8B0F04F02CF4608282003C079A107F
:206F200010F4142F2C44B012C2103F90FAFF370970F0C21FACF100908200144F8B0F04F01D
:206F40002C540C558F8F20100C56A6F1095FC208FF3F098014443B30015040546D00DD041A
:206F60003C5E82023C4C53C220F0910000F7D9FF0C4010FF09FFC0085F1F3E8053C220F05A
:206F8000910000F7D9FF0C4010FF08A053C220F0910000F7D9FF0C4010FF08BF7F0F0A80CF
:206FA00053C220F0910000F7D9FF0C4010FF08B0BB00F0FF261F868F2C558FF10FF12C56B2
:206FC000DA003C14105F53C2201091000027D9220C40012100260921060960F201210026B9
:206FE00014212871C21F370F68F03F0FEDFF9A30AC513C15C21037006800C212BF22B5FF18
:20700000760814443B10035040546D0086043C0714443B20025040546D007F040090404C89
:20702000405D82180CD68FFF009116F08FCF1FA009D1C2089A3912A07F010980820814C461
:207040003B30015040D46D006804DF18868091000027D92228408200742082003C1E9100EC
:207060000027D9222840910000F7D9FF284054FF8F8F00F0742F91000027D922284091000E
:2070800000F7D9FF284054F101D000F6087FA6F17421C210370068003F90E3FF910000F750
:2070A000D9FF284091000027D9222840542FB70F08FC7B00000AA60F74FF910000F7D9FF1B
:2070C000284054FF7B000002A20F7B0001083F0F0A807B0002087F0F068082146DFFB9CC4B
:2070E0003C0482046DFFB5CC6DFF8BCA022F6DFF81CA7E2814C43B20025040D46D000D0477
:207100008208910000F7D9FF2840DA006CF282003C2191000027D9222840910000F7D9FF8B
:207120002840482F8F8F00F06C2291000027D9222840910000F7D9FF284048229A3012911A
:2071400001D100F6084FA6F289220809C210370068003FA0E0FF910000F7D9FF284054F47D
:207160006DFF01FBDF120B80910000F7D9FF284048246DFF0CFBDF120B00DF18098014C430
:207180003B10035040D46D00C8038208DF18228082146DFFC9FA910000F7D9FF284054F40D
:2071A000910000F7D9FF284048256DFFA4FA14CF8B0F04F02CD4DA102CD5DA802CD6DA03FB
:2071C000ACD1910000F7D9FF2440DA0174FF3C066DFF29FA82046DFFA7FA0090404C405F01
:2071E000DA016DFF18FADF220900DA0014C43B40025040F46D0091035E1B82346DFF94FA4F
:2072000014CF8B0F04F02CF4DA01ACF13C036DFF0AFA0090910000F7D9FF34409130002869
:20722000D922DE1A092FC40891300028D922DE1A14204B0F0102A8200090404D405F085FFF
:2072400009F0C208FF200A8014D43B30015040F46D0063031D00F00182103E0982205F0F20
:20726000570182305F0FA8011D00DF016DFF4FDAF62914D43B20025040F46D004E031D0098
:20728000DB0109FFC208FF4F0A8014D43B30015040F46D0042031D00CF01086F8F8F20003C
:2072A000087FA6F0BBF0FFFD5F0FC700BB00F0FF5F0F4700BB10F0FF5F0FB800BBD0FFFF0D
:2072C0003E031D001C0182346DFF66FDDF120A0014D43B30035040F46D001F031D00160116
:2072E00009FFC208FF4F0A8014D43B30015040F46D0013031D000A01910000C7D9CC303004
:207300006DFFC9FBB4C2DA712CF4DA012CF5DAFF2CF6DAFD2CF791000027D9223030092F20
:20732000C008868F2CF891000027D9223030092FC00816FF2CF9DA06ACF11D00E700827488
:207340006DFF2AFDDF120A0014D43B30035040F46D00E3021D00DA0009FFC208FF6F0A80B2
:2073600014D43B30015040F46D00D7021D00CE00910000C7D9CC3030088408956DFFB1FC65
:20738000B4C291000027D92230300920C008DAFE7E0914D43B10035040F46D00BE021D0010
:2073A000B50091000027D92230300920C008DAFC7E0914D43B30035040F46D00AE021D00A3
:2073C000A50091000027D92230300920C008DAFD7E0914D43B40025040F46D009E021D0093
:2073E000950091000027D9223030092FC008EE0914D43B20075040F46D008F021D0086007F
:20740000DA712CF4DA012CF5088F8F8F2000089FA6F0288091000027D9223030092FC00838
:207420002CF9DA06ACF13C7114D43B20015040F46D0073023C6A82746DFFAEFCDF120900A7
:2074400014D43B30035040F46D0067023C5E09FFC208FF8F098014D43B30015040F46D00B4
:207460005C023C536DFFCDC80228088F8F8F0100089F8F0F0110A61008AF8F8F0010A61097
:2074800008BFA60FF6867B2000487BE000503C057B0001487B0001506DFF8EC8BE24910060
:2074A0000027D9223030DA00B42FDA712CF4DA012CF5DADF2CF6DAFF2CF7DA002CF8DA0572
:2074C000ACF13C237B10005002846DFFD4C902846DFF8CCA91000027D9223030DA01B42F2D
:2074E000DA712CF4DA012CF5DADF2CF6DAFF2CF7DA012CF8DA05ACF13C0814D43B200150FB
:2075000040F46D000A023C011D00960091000027D9222C30086F342F086FEE0914D43B2034
:20752000025040F46D00F9011D00860009FFC208FF3F098014D43B30015040F46D00ED01EF
:207540003C7A0860DA90BE0FDAA03E023C3382746DFF22FCDF12090014D43B30035040F459
:207560006D00DB013C27DA712CF4DA022CF5DAA02CF6DA03ACF191200028D922FE1689F27E
:207580009C293C18BB504AFA91300027F92FFCFD91300027D922FCFDDA712CF4DA022CF536
:2075A000DA902CF60C212CF70C222CF8DA05ACF13C013C4191000027D9222C30142FEE081F
:2075C00014D43B20025040F46D00A7013C34DA712CF4DA032CF591000027D9223030092FA9
:2075E000C0088F8F3EF016FF2CF691000027D9223030092FC0088F0F3FF016FF2CF7910097
:207600000027D9223030092FC008868F16FF2CF891000027D9223030092FC00816FF2CF94D
:20762000DA06ACF13C0814D43B20015040F46D0074013C010090024F6D004E127E289100BD
:2076400000F7D9FF3440DA012CF13C116D003C127E28910000F7D9FF3440DA022CF13C0731
:20766000910000F7D9FF3440DA002CF10090404C405F085F6DFF6CFB762914C43B700350D5
:2076800040F46D004A011D00120182103E0C82205F0F2B0082305F0F860082405F0FA3003E
:2076A0001D00FE0014CF8B0F04F02CF4824491000047D94424306DFFBAF9DF120E8049F434
:2076C000060A91000057D955243082446D000313DA06ACF13C0714C43B50035040F46D00D0
:2076E0001C011D00E40049F4060A91000057D955243082146DFF6DFBDF121A8014CF8B0F43
:2077000004F02CF4DA02ACF191000047D9442430821482456D000113910000F7D9FF2830FD
:20772000DA0034FF82346D0001013C3A91000027D922283091000047D9442830144FC21F05
:20774000342F91000027D9222830142F91300028D922F81A14203F0F1E8091000027D922AF
:2077600034403B0071F291300048D944DE1A14404B0F11028920860891000027D9222830D6
:20778000DA00342F14C43B60035040F46D00C5003C0714C43B50035040F46D00BE001D000B
:2077A000860014CF8B0F04F02CF4824491000047D94424306DFF3BF9DF120E8049F4060A37
:2077C00091000057D955243082446D008412DA06ACF13C0714C43B50035040F46D009D00C2
:2077E0003C6549F4060A91000057D955243082246DFFEFFADF121A8014CF8B0F04F02CF41A
:20780000DA02ACF191000047D9442430821482456D008312910000F7D9FF2830DA0034FF82
:2078200082746D0083003C3A91000027D922283091000047D9442830144FC21F342F91005C
:207840000027D9222830142F91300028D922F81A14203F0F1E8091000027D92234403B00F3
:2078600071F291300048D944DE1A14404B0F11028920860891000027D9222830DA00342F47
:2078800014C43B60035040F46D0047003C0714C43B50035040F46D0040003C0814C43B20E9
:2078A000015040F46D0039003C0100902018913000F8D9FFF01A49FF000A49A2000AA074A2
:2078C00004FF242FFC4EDA00ACA4DA00ACA53B80004049A4000A49A5080A49A60A0A6D0051
:2078E000E210DF12138009AFC808ACA649A40E0A49A5000A3B8000406DFFDFF749A40C0AFB
:207900006DFF05CB6D00E50D0090910000F7D9FF344034F40090DA7F2C448944050889453F
:207920000608DA03AC410090910000F7D9FF344028240090910000F7D9FF344091000027A3
:20794000D9223440092FC408A24FACF20090910000F7D9FF344091000027D9223440092F62
:20796000C608A24FACF30090095FC2081E2814443B30015040546DFFD0FF3C1F0C55820080
:207980003E053B0008003E0D3C1114408B000400895004082C55DA02AC516DFF3DFC3C0DB9
:2079A000DA00AC516DFF38FC3C0814443B20015040546DFFB2FF3C010090404C405D8218C7
:2079C0006DFF29F6DF120B00DF180980820814C43B40025040D46DFFA0FF0CD591000027B9
:2079E000D92224405420BE04820814C43B40025040D46DFF92FF6DFF16F682046DFF94F6BE
:207A000091000027D9222440820074203C1A910000F7D9FF244091000027D9222440542094
:207A2000C21074F0910000F7D9FF244054F0DAFF7F0F0880910000F7D9FF2440DA0074FF08
:207A400009DFC208C2EF370F6890910000F7D9FF284054F449D4060A02956DFF22F6DF123C
:207A60000C00DF180A80820814C43B20025040D46DFF53FF3C17910000F7D9FF28409100EC
:207A80000027D92228405420429074F091000027D9222840910000F7D9FF2840482FA29F17
:207AA0006C22910000F7D9FF2840482FEE0CDF180B80910000F7D9FF2440DA0074FF8224C6
:207AC0006DFF32F6DF18098014CF8B0F04F02CD4DA04ACD13C0C6DFFA6F582046DFF24F66B
:207AE000910000F7D9FF2440DA0074FF009020A88208913000F8D9FF40DA49FF000A49A2AB
:207B0000000AC504270044FF642FFC4E8209820089A0202849A4000A49A5020A49A6040ADF
:207B20006D00EA0FDF120D806DFF1AF9DF1204006DFF72FB09A4C0086DFF7FFD3C031D005B
:207B4000850049A4202A6DFFF3F8402C09A044083C5B538820F010CF14F15F10538082196E
:207B6000538820F010CF08246DFF05F9DF120B0009A444083B10015049A4000A6DFFCDFEE6
:207B80003C4A538820F010CF08146DFF11F9DF120B0009A444083BF0075049A4000A6DFF29
:207BA000BCFE3C39538820F010CF08346DFFF4F8DF120B0009A444083B30035049A4000A8E
:207BC0006DFFABFE3C28A00FF827A002538820F010CFC81F7DF20E00538820F010CFC81FDD
:207BE000538820F010C449A5000A2D0F00003C0809A44408824549A4000A6DFF8EFE3C0B58
:207C0000C2183708688009AF60287FF80580A00F7DCFA1FFDF190A0009A444083B100150F5
:207C200049A4000A6DFF79FE09AFC2086E0E6D005B0FB4A209A4C00809A49C2909A5C208E0
:207C400049A5040A6D00031000906DFF79F8762482146DFF71FE6DFF7BF8762482146DFFB5
:207C600078FE6DFF6DF8DF0211806DFF79F8DF120D0082146DFF4BFE82146DFF57FE6DFF62
:207C8000D2F482046DFF50F50090404C405D820014CF8B0F04F02CD40CD58F8F20800CD6BA
:207CA000A6F809DFC208FF4F0A8014C43B30015040D46DFF32FE1D00FC0082091D00E900AE
:207CC00053C920F091000027D9220C401022092FC0085F8FDA8009D0C208C2D053C920F09E
:207CE000910000F7D9FF0C4010FF08BF7F0F0A0014C43B30015040D46DFF0FFE1D00D90053
:207D000053C920F0910000F7D9FF0C4010FF082FEE0914C43B20025040D46DFFFEFD1D0031
:207D2000C80053C920F0910000F7D9FF0C4010FF083FDF1F3B8053C920F0910000F7D9FF08
:207D40000C4010FF09F4060949D4070A09DFC208C2DF370F68506D00AD00F62914C43B20D1
:207D6000075040D46DFFD9FD1D00A30053C920F0910000F7D9FF0C4010FF082F5E2A53C9D4
:207D800020F0910000F7D9FF0C4010FFDA002CF253C920F0910000F7D9FF0C4010FF09DF51
:207DA000C208C2DF2CFA3C6553C920F0910000F7D9FF0C4010FF083FDF2F3A8053C920F06F
:207DC000910000F7D9FF0C4010FF09F4060949D4070A09DFC208C2DF370F68506D006A0086
:207DE000F62814C43B20075040D46DFF96FD3C6053C920F0910000F7D9FF0C4010FF082F0E
:207E00005E2A53C920F0910000F7D9FF0C4010FFDA002CF253C920F0910000F7D9FF0C4023
:207E200010FF09DFC208C2DF2CFA3C2382003C1153C920F0910000F7D9FF0C4010FF09FF9D
:207E40000609600F10F201D000F6087F342FC21009DFC208C2DF3FF0ED7F53C920F0910074
:207E600000F7D9FF0C4010FF09DFC208C2DF2CFABB00F0FF268F868F2CD58FF80FF12CD661
:207E8000DA03ACD13C15C21037006800C219BF2919FF760814C43B10035040D46DFF3DFD3D
:207EA0003C0714C43B20025040D46DFF36FD0090404F025840F402856DFF63F5F629DA0056
:207EC0003C0510F282003420C21F3F8FFC7F3C010090A00F7D6F03803C23A00F7D5F050085
:207EE000A00F7D4F0580DA04346F3C1AA00FD4527D2F0680F454DA00346F3C12D45F3C071B
:207F00007DF40580DA05346F3C0BC84FA002C8457D52F8FFE844A00FEC44DA00346F0090FE
:207F200020080B451088404CA00FF4AFA00F7DCF04801D00A5003B004A00910000F7D9FF2D
:207F4000687009F1C008A210910000F7D9FF085001F000F680FF16038B48010042F0910007
:207F600000F7D9FF687009F1C0087F010680DA0334CF1D00850049A4000A029440C56D0011
:207F80009B0014C0F604DA0534CF3C796E0D910000F7D9FF687091000027D922687009207A
:207FA000C008A2F0B4F03B004AF0910000F7D9FF687009F0C008A20F910000F7D9FF0850EC
:207FC00010FFF4AFD4AFB4F9D4AFA002E842D4AFA818D4AFDA00ACF2D4AFDA00ACF3D4A2C0
:207FE0003B004AF0910000F7D9FF687009F0C008A20F910000F7D9FF085010FF49FF140A35
:20800000EC23D4AFDA002CF83B004AF0910000F7D9FF687009F0C008A20F910000F7D9FF51
:20802000085010FF49FF140A3B004AF091000027D92268700920C008A20F91000027D9221E
:2080400008501022012F20F080FF370F70F042F837087000910000F7D9FF68709100002758
:20806000D9226870092FC008A20FB4FFD4A491000057D955045040C66DFF2DFF0090200891
:20808000404CA00FF4AFA00F7DCF03803C1349A4000A40C56D00100014CF6E023C0BD4AF9F
:2080A000DA002CF8D4AFD4A2092FC608ACF2DA0034CF0090A00F7D5F03803C1AA00F7D4FD9
:2080C0000580DA04345F3C14910000F7D9FF0450D4FF3C0909FFC0087E45DA00345FF44F4B
:2080E0003C07C84FA0027DF2F7FFDA02345F00902008404C405DA00FF4AFA00F7DDF0380EF
:208100003C3BA00F7DCF0580DA0434DF3C3549A4000A40D56DFFD0FF14DF6E023C2DD4AF70
:20812000088FDE1ED4AF09FFC408D4AF09F0C6087FF00E80D4AF09FFC208D4AF09F0C40871
:20814000A20FD4AF09F0C608420F3C08D4AF09FFC608D4AF09F0C408A20FB4CF3C0BD4AFF0
:20816000088F5E26D4AF09FFC208B4CF3C03DA00B4CFDA0034DF00902008404C405DA00FF3
:20818000F4AFA00F7DDF03803C3BA00F7DCF0580DA0434DF3C3549A4000A40D56DFF8CFF52
:2081A00014DF6E023C2DD4AF088FDE1ED4AF09FFC408D4AF09F0C6087FF00A80D4AF09FFB8
:2081C000C408D4AF09F0C608A20F3C0CD4AF09FFC208D4AF09F0C408420FD4AF09F0C60858
:2081E000A20FB4CF3C0BD4AF088FEE06D4AF09FFC208B4CF3C03DA00B4CFDA0034DF009005
:2082000020080B451088404C405D406EA00FF4AFDA00ACA2A00F7DEF03803C61A00F7DCFC7
:208220000600A00F7DDF0300F694DA0434EF3C5749A4040A028440E56DFF5CFF14EF6E022C
:208240003C4E49A4000A028440E56DFF35FF14EF6E023C4509AFC4087FF903803C0309A9EE
:20826000C40889A98408B4D982003C2501C00026D4AFC83FD4A4094FC40810FF14FF342F72
:20828000D4AFD4A2092FC408C21FACF2D4AF09FFC408D4AF09F1C2083F1F0B80D4AFD4A2E2
:2082A000092FC408D4A20921C208A21FACF2C2103700700009AFC4083FF0DAFFD4AF09FF61
:2082C000C608D4AF09F0C4087E05D4AFDA002CF83C04D4AFDA012CF8DA0034EF009020080D
:2082E0000248404C0259405DA00FF4AFDA00ACA2A00F7DDF03803C58A00F7DCF0580DA04B6
:2083000034DF3C5249A4040A028440D56DFF36FF14DF6E023C4909AFC4087F9F0580DA0399
:2083200034DF3C4249A4000A028440D56DFFC4FE14DF6E023C3982003C25D4AFC83FD4A231
:20834000092FC60810FF01C00026142F34FFD4AFD4A2092FC608C21FACF3D4AF09FFC608D3
:20836000D4AF09F1C2083F1F0B80D4AFD4A2092FC608D4A20921C208A21FACF3C2103700FB
:2083800070003F90DCFFD4AF09FFC608D4AF09F0C4087E05D4AFDA022CF83C04D4AFDA017E
:2083A0002CF8DA0034DF0090913000FF39FF20169602913000FFE9FF20163C013C003C01C2
:2083C0003C000090024F0B56108891300048D94440086DFF2BC50BF8104802966D0038091C
:2083E00000906D009D00DF1206806D00D20B6DFF2EFC6D0080096DFF7CFB6DFF59FA009064
:208400000944C0083B800050B0246D00EB0800900D0000026D002D00910000F7D9FFE8C2C5
:20842000D4F4910000F7D9FFE8C208446DFF5AEB910000F7D9FFE8C2D4FD910000F7D9FF32
:20844000E8C20848910000F7D9FFE8C24829534820F010DC534820F010DF48CF534820F0B4
:2084600010DF48CF429F6CCC0D0040020080910000F7D9FF707054FFC21F370F70F06E1A6C
:20848000910000F7D9FF707091000027D9227070542FC21F74FF910000F7D9FF707054FF9F
:2084A00082E03F0F0880910000F7D9FF7070DA0174FF910000F7D9FF6C7054FFC21F370F40
:2084C00070F06E1A910000F7D9FF6C7091000027D9226C70542FC21F74FF910000F7D9FFB2
:2084E0006C7054FF82E03F0F0880910000F7D9FF7070DA6474FF009085FF100085F02C005F
:208500008200A60F3C01913000F8D9FF5C5A09F040090F0F80203C013C0100908202910081
:2085200000F7D9FF707054FF6E0D8212910000F7D9FF707091000027D9227070542FC2FF13
:2085400074FF3C010090A00F91000027D9227890D4227D2F0F00910000F7D9FF7890D4FF85
:208560002D0F0000910000F7D9FF40A0A002F4F26D000500DF120200009020088208DA0076
:2085800034AF3B40074049A4000A6DFF7AFD14AFEE02821802823C01009020100B451088A6
:2085A000404CDA00ACA1F69382023C353B20054049A4020A49A5000A6DFFE0FD14AFEE07F8
:2085C00009AFC2088B8900007F0F048082023C2389A8840889A98608A00FF8023B2005404A
:2085E00049A4040A3B80005049A5000A6DFF79FE14AF6E0382023C0F3B20054049A5000AFF
:2086000040C402956DFF6DFE14AF6E0382023C0382123C0100902010404F405C406DDA00AE
:20862000ACA13B40054049A4020A49A5000A6DFF61FD14AFEE0809AFC2086E0509AFC20842
:20864000FF8F048082023C353B4005403B80005049A4040A49A5020A49A6000A6DFFD2FD1F
:2086600014AFEE0509A0C208DA083E0382023C213B40054009A5C60849A5020A49A6000A9E
:2086800040D46DFFBFFD14AFEE0609AFC60809A0C2083E0382023C0D09AFC408B4FF09AFF1
:2086A000C60834CF09A488096D006D0A82123C0100902008404F405C91000027D9221C4301
:2086C000092FCC0834AF91000047D944381382043B400A506DFF10F191000047D9441C434F
:2086E00082043B400A506DFF07F191000027D9225C80DA00742FA0046D00450A14FFEE1638
:20870000085F86CFEE03DA013C02DA005E14DA0134CF3C0B085F86CF5E13DA013C02DA0002
:208720005E14DA0234CF3C013C25910000F7D9FF1C4349F4080A49A5000A910000F7D9FFE4
:208740001C4349F60E0A6DFF68FFDF121480910000F7D9FF1C4314AFACF614AFBF8F048052
:20876000DA013C02DA005E14DA0634CF3C03DA0534CF82023C010090404C405D910000275E
:20878000D9223813092FC408EE03DA013C02DA005E16DA0034DF82321D0021010CC46E0316
:2087A00014CF5E1482021D001A010CC586CFEE03DA013C02DA001E180CC586CF5E13DA01F6
:2087C0003C02DA005E16DA0034DF82621D00070191000027D9223813092FC80809C0C2087E
:2087E0003E053B9000201D00FA000CC586CF5E23DA013C02DA001E153B9000201D00EF0070
:20880000910000F7D9FF381314F00CC5160F7E03DA013C02DA001E1482421D00E0009100BB
:2088200000F7D9FF381309F0CA080CC4C2FF42F0910000F7D9FF381309FFCC083FF00400D6
:20884000DA013C02DA00DF1F3880910000F7D9FF381309FFCA08910000F7D9FF381310FF30
:2088600049F40E0A49C5060A910000F7D9FF381309F4CC08910000F7D9FF381309FFCA0884
:20888000A2F46D00280A910000F7D9FF381309F4C808910000F7D9FF381309F5CC0891001D
:2088A00000F7D9FF381349F40E0A6DFF78FEDA0034DF1D009200910000F7D9FF747009FF7F
:2088C000C8086E10910000F7D9FF3813081F910000F7D9FF747009F0C8083F0F0480DA01BE
:2088E0003C02DA00DF1F2280910000F7D9FF381391000027D9227470092FD20891000027B4
:20890000D922747014204B0F0102A820910000F7D9FF5C8091000027D9223813092FC408E1
:2089200074FFDA0734DF3C37910000F7D9FF381391000027D9223813142FC21F34FF9100CC
:2089400000F7D9FF381314F0DA0F7F0F0880910000F7D9FF3813DA0034FF910000F7D9FFE2
:20896000381391000027D9227470092FD60891000027D922747014204B0F0102A82091007E
:2089800000F7D9FF5C8091000027D9223813092FC40874FF910000F7D9FF381309FFCA0832
:2089A000910000F7D9FF381310FF49F40E0A49C5060A0CC492F46D008E09910000F7D9FFD0
:2089C000381391000027D92238130920CA080CC4C2FF42F0A85082023C010090910000F7BF
:2089E000D9FF1C4309FFC408EE03DA013C02DA005E15DA00345F82323C6D0C446E03144F27
:208A00005E1382023C670C4586CF5E33DA013C02DA001E143B9000203C5D0C45160F5E26E4
:208A2000DA00345F3B8000203C55DF1F2180910000F7D9FF1C4391000027D9227470092F30
:208A4000D00891000027D922747014204B0F0102A820910000F7D9FF5C8091000027D9225F
:208A60001C43092FC40874FF82023C34EE2B910000F7D9FF1C430C462CF1910000F7D9FF85
:208A800048A00C47B4FF910000F7D9FF1C4391000027D9227470092FD40891000027D922CB
:208AA000747014204B0F0102A820910000F7D9FF5C8091000027D9221C43092FC40874FFB4
:208AC0003C05DA00345F82523C05DA08345F82023C0100902008404F405CDA0074AF084F66
:208AE0006E0314FF5E143B9000203C67085F86CF5E13DA013C02DA001E143B9000203C5D1C
:208B0000084440F4B05449A5000A6D005B07DF1205003B9000203C5191000027D92238139E
:208B200009FFC208AC2491000027D922381354AFAC2691000027D922381391000047D944CD
:208B40007470094FD20891000047D944747014404B0F01028920840891000027D9225C80B1
:208B600091000047D9443813094FC408742F91000027D922381349240E0A49F5070A084FC5
:208B800092E46D00A80891000027D922381391000047D94438130940CA08084FC2EF42F0AF
:208BA00089208A08DA0734CFDA0134FFDA002CF4DA00ACF182023C0100902008404F405C73
:208BC000DA00B4AF084F6E0314FF5E143B9000203C27085F86CFEE03DA013C02DA001E14EB
:208BE0003B9000203C1D084440F4B05449A5000A6D000F07DF1205003B9000203C1109F407
:208C0000C20809A5C00849F4060A6DFFC8FCF6243B9000203C05DA0034CF82023C01009023
:208C2000910000F7D9FF709014FFDE17A00F91000027D9227C90D4227D2F0F00910000F725
:208C4000D9FF7C90D4FF2D0F0000910000F7D9FF7C90A002F4F23C0F5E2E910000F7D9FFF6
:208C60007090DA0034FF910000F7D9FF7C90A002F4F23C0100902008405C913000F8D9FFD1
:208C8000F91A49FF000A49A2000AA07404FF242FFC4E910000F7D9FF1C4309FFC208EE0344
:208CA000DA013C02DA00EE0482021D00E600910000F7D9FF1C4309FFC408EE03DA013C02AB
:208CC000DA005E16DA0034CF82221D00D600822449A4000A6D00F805910000F7D9FF1C430C
:208CE00014F014AF16F0A6F034A0910000F7D9FF1C4309FFCC08910000F7D9FF1C4309F0EA
:208D0000CA08A20F370F68F082346D00F00591300048D944F8986D005A05BF7F488049A4A5
:208D2000010A910000F7D9FF1C4309FFCA08910000F7D9FF1C4310FF49F50E0A82746D0008
:208D4000CA07910000F7D9FF7470C872910000F7D9FF1C4309F4C8083B80005049A4000A36
:208D600091300058D955B269910000F7D9FF747048662D020000DF120D0082246D00B705A3
:208D8000A0046D002405DA0034CF3B9000203C74910000F7D9FF1C4391000027D9221C4350
:208DA000092FCA08C27FACF53C4649A4010A910000F7D9FF1C4309F0CA08910000F7D9FF63
:208DC0001C4301F000F649F50E0A02F46D0083079215910000F7D9FF7470C872910000F75D
:208DE000D9FF1C4309F4C80849A4000A91300058D955B269910000F7D9FF747048662D02F5
:208E00000000DF120D0082246D007105A0046D00DE04DA0034CF3B9000203C2E910000F71E
:208E2000D9FF1C4391000027D9221C430920CA0842F0A850910000F7D9FF1C43910000274D
:208E4000D9227470092FCC0891000027D922747014204B0F0102A820910000F7D9FF5C80FB
:208E600091000027D9221C43092FC40874FFDA0934CF82023C010090910000F7D9FF1C4373
:208E800009FFCA08910000F7D9FF1C4309F0CC083F0F0480DA013C02DA005E1C82046D003A
:208EA000EC05910000F7D9FF7490DA0034FF1D008E00910000F7D9FF1C4391000027D92233
:208EC00048A0092FC00891000027D922747014204B0F0102A810910000F7D9FF1C43081FE4
:208EE0006E36910000F7D9FF1C4391000027D9221C430C21C2FF2CF1910000F7D9FF1C4333
:208F0000081FEE25910000F7D9FF7490DA0334FF910000F7D9FF1C4391000027D92274704D
:208F2000092FD00891000027D922747014204B0F0102A820910000F7D9FF5C80910000273D
:208F4000D9221C43092FC40874FF3C40910000F7D9FF1C4391000027D9221C43142FC21FCF
:208F600034FF910000F7D9FF1C4314F0DA0F7F0F0880910000F7D9FF1C43DA0034FF91009F
:208F800000F7D9FF1C4391000027D9227470092FD40891000027D922747014204B0F0102D0
:208FA000A820910000F7D9FF5C8091000027D9221C43092FC40874FF82146DFFF6EA9100B1
:208FC00000F7D9FF7490DA0834FF00902008405C913000F8D9FFF91A49FF000A49A2000A6A
:208FE000A07404FF242FFC4E910000F7D9FF381309FFC408EE03DA013C02DA001E148202A4
:209000001D00A200823449A4000A6D005D04910000F7D9FF381309F0CC08DA967F0F078019
:209020000CA116F096022CA13C040CA116F02CA1910000F7D9FF747009FFC8082CA19100DE
:2090400000F7D9FF747009FFC8086E0C910000F7D9FF381391000027D92238130C21C21F54
:209060002CF1910000F7D9FF381391000027D9223813142FC21F34FF910000F7D9FF381328
:2090800014F0DA0F7F0F0880910000F7D9FF3813DA0034FF910000F7D9FF747009FFCA08F7
:2090A0002CA2910000F7D9FF381391000027D9227470092FCE0891000027D92274701420C7
:2090C0004B0F0102A820910000F7D9FF5C8091000027D9223813092FC40874FF82346D0097
:2090E000060491300048D94406596D007003910000F7D9FF7470C872910000F7D9FF74703F
:2091000009F4C6083B80005049A4000A91300058D955B269910000F7D9FF747048662D02FF
:209120000000DF120680DA0934CF82023C0C82246D00DD03A0046D004A03DA0034CF3B900D
:2091400000203C010090910000F7D9FF381309F0CC08DA967F0F0980910000F7D9FF7490BF
:20916000DA0034FF3C24910000F7D9FF381391000027D9227470092FD60891000027D92277
:20918000747014204B0F0102A820910000F7D9FF5C8091000027D9223813092FC40874FFE1
:2091A000910000F7D9FF7490DA0434FF00902008405C913000F8D9FFF91A49FF000A49A205
:2091C000000AA07404FF242FFC4E910000F7D9FF1C4309FFCC08BF8F0480DA013C02DA0071
:2091E0001E16DA0534CF3B8000203C78821449A4000A6D00690314AF16F034AF14AF910064
:2092000000F7D9FF1C4309F0CC088680A60F34AF0CA1910000F7D9FF1C4309F0CC08A60FC7
:209220002CA182346D00630391300048D9441CB96D00CD0249A4020A910000F7D9FF1C43E9
:2092400049F50E0A82646D004605910000F7D9FF7470C872910000F7D9FF1C4309F4C80810
:209260003B80005049A4000A91300058D955B269910000F7D9FF747048662D020000DF1278
:209280000D0082246D003303A0046D00A002DA0034CF3B9000203C22910000F7D9FF1C43E0
:2092A00091000027D9227470092FCC0891000027D922747014204B0F0102A820910000F793
:2092C000D9FF5C8091000027D9221C43092FC40874FFDA0934CF82023C010090910000F792
:2092E000D9FF1C4391000027D9221C43092FCA08C26FACF5910000F7D9FF1C4391000027D2
:20930000D9227470092FD00891000027D922747014204B0F0102A820910000F7D9FF5C8032
:2093200091000027D9221C43092FC40874FF910000F7D9FF1C4391000027D9221C43142F90
:20934000C21F34FF910000F7D9FF1C4314F0DA0F7F0F0880910000F7D9FF1C43DA0034FF6B
:20936000910000F7D9FF7490DA0334FF00902008405C913000F8D9FFF91A49FF000A49A244
:20938000000AA07404FF242FFC4E910000F7D9FF1C4309FFCC08BF8F0480DA013C02DA00AF
:2093A0005E17DA0634CF3B9000201D008700910000F7D9FF1C4309FFCC08EE03DA013C0221
:2093C000DA005E16DA0034CF3B9000203C76820449A4000A6D00780214AF16F034AF14AFF2
:2093E000910000F7D9FF1C4309F0CC08A60F34AF14AFC21F370F68F049A4010A910000F787
:20940000D9FF1C4349F50E0A910000F7D9FF1C4309F4CC086D005F0482346D006802913011
:209420000048D9447A296D00D201910000F7D9FF7470C872910000F7D9FF1C4309F4C808DA
:2094400049A4000A91300058D955B269910000F7D9FF7470486602F52D020000DF120D009D
:2094600082246D004402A0046D00B101DA0034CF3B9000203C22910000F7D9FF1C4391005A
:209480000027D9227470092FCC0891000027D922747014204B0F0102A820910000F7D9FF6A
:2094A0005C8091000027D9221C43092FC40874FFDA0934CF82023C01009082046D00DD023E
:2094C000910000F7D9FF7490DA0034FF0090A00F91000027D92240A0D4227D2F0F00910007
:2094E00000F7D9FF40A0D4FF2D0F0000910000F7D9FF40A0A002F4F20090405C910000F732
:20950000D9FF5C8054FFEE03DA013C02DA00DE1BA002910000F7D9FF7470C89F7DF20900A2
:20952000910000F7D9FF7470C89F2D0F000082246D00A30282246D00DA01A0046D00470145
:20954000DA0034CF82023C01009020100248404F405C82098200B4A03B40074049A4000A1E
:2095600049A5020A6DFFC6F50CA2EE3809A0C008BF9035803B4007403B80005049A4040AB9
:2095800049A5000A49A6020A6DFF3CF60CA2EE0609A0C008DA087E028219DF1920803B4017
:2095A000074049A5000A49A6020A028540F46DFF29F60CA2EE1309AFC008FE8009AFC608F8
:2095C0003FF80D80821909A2C40989C2C009910000F7D9FF40A0580274FF02923C01009032
:2095E00020180B451088404FDA00B4AF824ABF9903803C2C3B20074049A4000A49A5020ADD
:209600006DFFBCF50CA2EE229A4909A0C0083FF01E0089A8860889A984083B20074049A4C2
:20962000040A49A5020A02A56DFF5BF60CA26E023C0D3B20074009A5C40849A5020A40F40D
:209640006DFF4FF60CA26E023C0100902008910000F7D9FF7470A814910000F7D9FF747002
:20966000A825910000F7D9FF7470A8363B6009403B20055049A4000A6DFF54F414AF6E0388
:209680003C013C003B6009403B40055049A4000A6DFF48F414AF6E033C013C003BC0124004
:2096A0003B20075049A4000A6DFF3CF414AF6E033C013C003BC012403B40075049A4000AA2
:2096C0006DFF30F414AF6E033C013C0000908202910000F7D9FF747009FFC2083E4891000C
:2096E00000F7D9FF747009FFC4087E4282123C01009020108208913000F8D9FF881A49FF8D
:20970000000A49A2000AA03444FF642FFC4E8209910000F7D9FF749014F0DA09BE08910029
:2097200000F7D9FF7470C88F49A4020A49A5040A49A6050A2D0F0000DF120A8009A4C208FE
:209740006DFFC7FFDF120480820034A03C3A910000F7D9FF749014F0538820F0910000F7BB
:20976000D9FF608010FF14F15F101E80A002538820F0910000F7D9FF608010FFC81F7DF2DE
:209780001300538820F0910000F7D9FF608010FFC81F49A4000A91000057D95574902D0F48
:2097A00000000229DF690D007697910000F7D9FF7490DA0034FFC218370868803C028208E2
:2097C000BFA8C7FF6DFF2EFA0090910000F7D9FF7C90F4F400902008404C405D406EDA007B
:2097E000B4AFDA00ACA182483B20074049A4000A49A5040A6DFF7EF40CA4EE5D09AFC00827
:209800003F8F5A803B20074091000047D9444CA049A5020A49A6040A02856DFFF3F40CA49C
:20982000EE4909AFC0083F8F46803B200740910000F7D9FF4CA009F5C00891000047D94434
:209840004CA0B04449A5000A49A6040A6DFFDAF4910000F7D9FF4CA009F4C2086DFF39FF42
:20986000DF12040082023C2E910000F7D9FF4CA009FFC208B4CF910000F7D9FF4CA009FF10
:20988000C00834DFDA003C0C10E2910000F7D9FF4CA010FF08403420C21F370F68F09100D2
:2098A00000F7D9FF4CA009F0C0083F0FEFFF82123C093C0609AFC008EE030CA46E018202C1
:2098C0003C0100907647DF140600DF340400DF240B80144F160F344F144F8644A64F344FB0
:2098E00082123C0382023C010090910000F7D9FF709034F4009020180248025A404C405D25
:20990000DA00B4AF913000F8D9FFF91A49FF000A49A2030AA07404FF242FFC4E3B0001909C
:20992000BF9A048082023C453B40074049A4000A49A5020A6DFF22F40CA2EE3909AFC008BB
:209940003F9F368089A88C08DA08ACA780DF780449A4030A40C502A46D00BD013B4007400C
:2099600049A40C0A3B80005049A5020A6DFFB9F40CA26E093B40074049A4020A6DFF81F306
:2099800082023C173B40074049A4030A3B80005049A5020A6DFFA5F40CA26E093B40074043
:2099A00049A4020A6DFF6DF382023C0382123C010090910000F7D9FF7090DA0134FF0090C0
:2099C000BF840980144F86CF5E13DA013C02DA001E1382023C1C144F160F8F8F20000C417F
:2099E000A6F0F60C82013C088F800000014100F6082FA6F0C211BF41F9FFFF8004808202A2
:209A00003C028212DF12038074503C0100908202BF240980144F86CFEE03DA013C02DA00E3
:209A20001E1382023C28FF941180144F160FFF8F0C806E0A82107605C2F40BF450213C045C
:209A4000C2E40BF450213C13144F160FEE100C413BE003003FF00C806E0A82107605C2F4BA
:209A60000BF450213C04C2E40BF45021DF120380B45F3C010090A00F91000027D92244A086
:209A8000D4227D2F0F00910000F7D9FF44A0D4FF2D0F0000910000F7D9FF44A0A002F4F2F6
:209AA00000902008405F406C49A5000A6DFF4FFDDF12088009AFC008B4FF09AFC208B4CF42
:209AC0003C010090910000F7D9FF747009F2C2083C010090910000F7D9FF747009F2C408D8
:209AE0003C010090910000F7D9FF747009F2C6083C0100902010404F405C406DDA00ACA190
:209B00003B20054049A4020A49A5000A6DFFF2F214AFEE0509AFC208FF8F048082023C3129
:209B20003B2005403B80005049A4040A49A5020A49A6000A6DFF66F314AFEE0509A0C2089E
:209B4000DA083E0382023C1D3B20054009A5C60849A5020A49A6000A40D46DFF53F314AF6D
:209B6000EE0609AFC60809A0C2083E0382023C0909AFC408B4FF09AFC608B4CF82123C01DD
:209B80000090910000F7D9FF44A0F4F40090910000F7D9FF381309FFC2086E0D910000F7F9
:209BA000D9FF381391000027D9223813092FC208C2FFACF1910000F7D9FF381309FFC408A5
:209BC0006E0D910000F7D9FF381391000027D9223813092FC408C2FFACF2910000F7D9FF9E
:209BE0001C4309FFC2086E0D910000F7D9FF1C4391000027D9221C43092FC208C2FFACF188
:209C0000910000F7D9FF1C4309FFC4086E0D910000F7D9FF1C4391000027D9221C43092F2D
:209C2000C408C2FFACF2910000F7D9FF5C8054FF6E0C910000F7D9FF5C8091000027D92201
:209C40005C80542FC2FF74FF009020100B451088405FDA00ACA18B8900A089A8840889A960
:209C6000860889A488096DFF3FFF5F28040082023C30F69382023C2D3B40054049A4020A44
:209C800049A5000A6DFF7AF214AFEE0509AFC2087FAF048082023C1D3B40054049A4040A72
:209CA0003B80005049A5000A6DFF1BF314AF6E0382023C0F3B40054049A5000A40F40295A1
:209CC0006DFF0FF314AF6E0382023C0382123C010090404F014530F4EE0601540026014213
:209CE00030F4EE0B3C06095F000834FFB015B01F024FC2F4EEF93C0D3C0A014400F60154C1
:209D00000026092F3FF889FF3FF8C2F4FF14F7FF40423C010090404F3C0334F4B01F025FBB
:209D2000C2F5EEFC40423C0100900000000000000000000000000000000000000000000033
:209D4000000000000000000000000000000000000000000000000000000000000000000003
:209D60000000000000000000000000000000000000000000000000000000000000000000E3
:209D80000000000000000000000000000000000000000000000000000000000000000000C3
:209DA0000000000000000000000000000000000000000000000000000000000000000000A3
:209DC000000000000000000000000000000000000000000000000000000000000000000083
:209DE000000000000000000000000000000000000000000000000000000000000000000063
:209E0000000000000000000000000000000000000000000000000000000000000000000042
:209E2000000000000000000000000000000000000000000000000000000000000000000022
:209E4000000000000000000000000000000000000000000000000000000000000000000002
:209E60000000000000000000000000000000000000000000000000000000000000000000E2
:209E80000000000000000000000000000000000000000000000000000000000000000000C2
:209EA0000000000000000000000000000000000000000000000000000000000000000000A2
:209EC000000000000000000000000000000000000000000000000000000000000000000082
:209EE000000000000000000000000000000000000000000000000000000000000000000062
:209F0000000000000000000000000000000000000000000000000000000000000000000041
:209F2000000000000000000000000000000000000000000000000000000000000000000021
:209F4000000000000000000000000000000000000000000000000000000000000000000001
:209F60000000000000000000000000000000000000000000000000000000000000000000E1
:209F80000000000000000000000000000000000000000000000000000000000000000000C1
:209FA0000000000000000000000000000000000000000000000000000000000000000000A1
:209FC000000000000000000000000000000000000000000000000000000000000000000081
:209FE000000000000000000000000000000000000000000000000000000000000000000061
:20A00000000000000000000000000000000000000000000000000000000000000000000040
:20A02000000000000000000000000000000000000000000000000000000000000000000020
:20A04000000000000000000000000000000000000000000000000000000000000000000000
:20A060000000000000000000000000000000000000000000000000000000000000000000E0
:20A080000000000000000000000000000000000000000000000000000000000000000000C0
:20A0A0000000000000000000000000000000000000000000000000000000000000000000A0
:20A0C000000000000000000000000000000000000000000000000000000000000000000080
:20A0E000000000000000000000000000000000000000000000000000000000000000000060
:20A1000000000000000000000000000000000000000000000000000000000000000000003F
:20A1200000000000000000000000000000000000000000000000000000000000000000001F
:20A140000000000000000000000000000000000000000000000000000000000000000000FF
:20A160000000000000000000000000000000000000000000000000000000000000000000DF
:20A180000000000000000000000000000000000000000000000000000000000000000000BF
:20A1A00000000000000000000000000000000000000000000000000000000000000000009F
:20A1C00000000000000000000000000000000000000000000000000000000000000000007F
:20A1E00000000000000000000000000000000000000000000000000000000000000000005F
:20A2000000000000000000000000000000000000000000000000000000000000000000003E
:20A2200000000000000000000000000000000000000000000000000000000000000000001E
:20A240000000000000000000000000000000000000000000000000000000000000000000FE
:20A260000000000000000000000000000000000000000000000000000000000000000000DE
:20A280000000000000000000000000000000000000000000000000000000000000000000BE
:20A2A00000000000000000000000000000000000000000000000000000000000000000009E
:20A2C00000000000000000000000000000000000000000000000000000000000000000007E
:20A2E00000000000000000000000000000000000000000000000000000000000000000005E
:20A3000000000000000000000000000000000000000000000000000000000000000000003D
:20A3200000000000000000000000000000000000000000000000000000000000000000001D
:20A340000000000000000000000000000000000000000000000000000000000000000000FD
:20A360000000000000000000000000000000000000000000000000000000000000000000DD
:20A380000000000000000000000000000000000000000000000000000000000000000000BD
:20A3A00000000000000000000000000000000000000000000000000000000000000000009D
:20A3C00000000000000000000000000000000000000000000000000000000000000000007D
:20A3E00000000000000000000000000000000000000000000000000000000000000000005D
:20A4000000000000000000000000000000000000000000000000000000000000000000003C
:20A4200000000000000000000000000000000000000000000000000000000000000000001C
:20A440000000000000000000000000000000000000000000000000000000000000000000FC
:20A460000000000000000000000000000000000000000000000000000000000000000000DC
:20A480000000000000000000000000000000000000000000000000000000000000000000BC
:20A4A00000000000000000000000000000000000000000000000000000000000000000009C
:20A4C00000000000000000000000000000000000000000000000000000000000000000007C
:20A4E0000000000000000000000000000000000000000000000000000000000000000280DA
:20A5000000040000008002800004000000000380000400000080038000040000000004801F
:20A520000004000000800480000400000000058000040000008005800004000000000680F7
:20A5400000080000000007800008000000000880000800000000098000080000FFFFFFFF47
:20A56000FFFFFF7F000000AFFF1F00AF002000AFFF3F00AF004000AFFF5F00AF006000AF1C
:20A58000FF7F00AF008000AFFF9F00AF00A000AFFFBF00AF00C000AFFFDF00AF00E000AFCB
:20A5A000FFFF00AF000001AFFF1F01AF002001AFFF3F01AF004001AFFF5F01AF006001AFA4
:20A5C000FF7F01AF008001AFFF9F01AF00A001AFFFBF01AF00C001AFFFDF01AF00E001AF83
:20A5E000FFFF01AF000000A0FF3F00A0004000A0FF7F00A0008000A0FFBF00A000C000A053
:20A60000FFFF00A0000001A0FF3F01A0004001A0FF7F01A0008001A0FFBF01A000C001A03B
:20A62000FFFF01A0000002A0FF7F02A0008002A0FFFF02A0000003A0FF7F03A0008003A010
:20A64000FFFF03A0000004A0FF7F04A0008004A0FFFF04A0000005A0FF7F05A0008005A0E0
:20A66000FFFF05A0000006A0FFFF06A0000007A0FFFF07A0000008A0FFFF08A0000009A0AA
:20A68000FFFF09A000000AA0FFFF0BA000000CA0FFFF0DA000000EA0FFFF0FA0000010A05E
:20A6A000FFFF13A0000014A0FFFF17A0000018A0FFFF1BA000001CA0FFFF1FA0008001F025
:20A6C0000000000000A203F00100000000000000008001F00100000000B403F001000000CA
:20A6E00001000000008001F00000000000A203F000000000A8000000008001F00100000039
:20A7000000B403F000000000A8000000000000F000000000040017B7D1380000000000001F
:20A72000030017B7D138000000000000020017B7D1380000000000001080FF1F1088FF1F02
:20A740000000000000000000000000000000000000000000000000000000000000000000F9
:20A760000000000000000000000000000000000000000000000000000000000000000000D9
:20A780000000000000000000000000000000000000000000000000000000000000000000B9
:20A7A000000000000000000000000000000000000000000000000000000000000000000099
:20A7C000000000000000000000000000000000000000000000000000000000000000000079
:20A7E000100703019C6B0280110503018C6C0280270501016E76028028070303AC6A0280C0
:20A8000022070301386F028023050301606E02802E0601038A7C0280310701033A7202803C
:20A82000340203071E70028036020307BA79028037020307DC710280850703033E6B028002
:20A840003E07030168790280010000000000000000000000000000000C000000000000003F
:20A86000963007772C610EEEBA51099919C46D078FF46A7035A563E9A395649E3288DB0EAD
:20A88000A4B8DC791EE9D5E088D9D2972B4CB609BD7CB17E072DB8E7911DBF906410B71DCB
:20A8A000F220B06A4871B9F3DE41BE847DD4DA1AEBE4DD6D51B5D4F4C785D38356986C136B
:20A8C000C0A86B647AF962FDECC9658A4F5C0114D96C0663633D0FFAF50D088DC8206E3B8C
:20A8E0005E10694CE44160D5727167A2D1E4033C47D4044BFD850DD26BB50AA5FAA8B535D5
:20A900006C98B242D6C9BBDB40F9BCACE36CD832755CDF45CF0DD6DC593DD1ABAC30D926A0
:20A920003A00DE518051D7C81661D0BFB5F4B42123C4B3569995BACF0FA5BDB89EB802286A
:20A940000888055FB2D90CC624E90BB1877C6F2F114C6858AB1D61C13D2D66B69041DC768C
:20A960000671DB01BC20D2982A10D5EF8985B1711FB5B606A5E4BF9F33D4B8E8A2C9077808
:20A9800034F9000F8EA8099618980EE1BB0D6A7F2D3D6D08976C6491015C63E6F4516B6BBE
:20A9A00062616C1CD83065854E0062F2ED95066C7BA5011BC1F4088257C40FF5C6D9B06576
:20A9C00050E9B712EAB8BE8B7C88B9FCDF1DDD62492DDA15F37CD38C654CD4FB5861B24D2B
:20A9E000CE51B53A7400BCA3E230BBD441A5DF4AD795D83D6DC4D1A4FBF4D6D36AE9694308
:20AA0000FCD96E34468867ADD0B860DA732D0444E51D03335F4C0AAAC97C0DDD3C7105506B
:20AA2000AA41022710100BBE86200CC925B56857B3856F2009D466B99FE461CE0EF9DE5E4D
:20AA400098C9D9292298D0B0B4A8D7C7173DB359810DB42E3B5CBDB7AD6CBAC02083B8EDA9
:20AA6000B6B3BF9A0CE2B6039AD2B1743947D5EAAF77D29D1526DB048316DC73120B63E3A3
:20AA8000843B64943E6A6D0DA85A6A7A0BCF0EE49DFF099327AE000AB19E077D44930FF06B
:20AAA000D2A3088768F2011EFEC206695D5762F7CB67658071366C19E7066B6E761BD4FE71
:20AAC000E02BD3895A7ADA10CC4ADD676FDFB9F9F9EFBE8E43BEB717D58EB060E8A3D6D64A
:20AAE0007E93D1A1C4C2D83852F2DF4FF167BBD16757BCA6DD06B53F4B36B248DA2B0DD88B
:20AB00004C1B0AAFF64A0336607A0441C3EF60DF55DF67A8EF8E6E3179BE69468CB361CBDC
:20AB20001A8366BCA0D26F2536E2685295770CCC03470BBBB91602222F260555BE3BBAC570
:20AB4000280BBDB2925AB42B046AB35CA7FFD7C231CFD0B58B9ED92C1DAEDE5BB0C2649BA4
:20AB600026F263EC9CA36A750A936D02A906099C3F360EEB8567077213570005824ABF958E
:20AB8000147AB8E2AE2BB17B381BB60C9B8ED2920DBED5E5B7EFDC7C21DFDB0BD4D2D3867E
:20ABA00042E2D4F1F8B3DD686E83DA1FCD16BE815B26B9F6E177B06F7747B718E65A0888AC
:20ABC000706A0FFFCA3B06665C0B0111FF9E658F69AE62F8D3FF6B6145CF6C1678E20AA069
:20ABE000EED20DD75483044EC2B30339612667A7F71660D04D476949DB776E3E4A6AD1AE8E
:20AC0000DC5AD6D9660BDF40F03BD83753AEBCA9C59EBBDE7FCFB247E9FFB5301CF2BDBD87
:20AC20008AC2BACA3093B353A6A3B4240536D0BA9306D7CD2957DE54BF67D9232E7A66B3C3
:20AC4000B84A61C4021B685D942B6F2A37BE0BB4A18E0CC31BDF055A8DEF022D02000103D7
:20AC600010278813A9C6139199CD439500000000AA00000000000000030000000000000004
:20AC8000000000001400DF07000000000000000015004C0700000000000000000A005C07E5
:20ACA00000000000000000000B002401000000000000000000000000000000000300000061
:20ACC00014A70280013B050017B7513910011202F00F3F0312221402FFFFFF0F02000000E0
:20ACE0000F000000010000000F000000000000003F000000D5140000FF7F0000002D310130
:20AD000000E1F505000000005AF1010000003C010070040490F101000100F4000070101050
:20AD2000000000000000000000000000010001000000000000000000010000000000000010
:20AD400000000100190019004B0000001900960032000000F6980280D69702804685028048
:20AD600000000000B286028001000000BA8B028002000000D48A028007000000CC8F02808B
:20AD80000400000078870280050000006E93028006000000AE91028003000000DC890280F5
:20ADA00008000000768C028009000000FA94028000000000000000000000000000000000EE
:20ADC000000000000000000000000000000000000000000000000000000000000000000073
:20ADE0000000000000000000002D3101FFFFFFFF0100000000000000000000000000A00453
:20AE0000000000000000000000000000000000000000000100A00000000000000000000091
:20AE20000000000000000000000000000000000000000000000000000000000057304C300F
:20AE4000303034334D42353431333236000001000000000000000000000000000000000066
:20AE60000000000000000000000000000000000000000000000000000000000000000000D2
:20AE80000000000000000000000000000000000000000000000000000000000000000000B2
:20AEA000000000000000000000000000000000000000000000000000000000000000000092
:20AEC000000000000000000000000000000000000000000000000000000000000000000072
:20AEE000000000000000000000000000000000000000000000000000000000000000000052
:20AF0000000000000000000000000000000000000000000000000000000000000000000031
:20AF2000000000000000000000000000000000000000000000000000000000000000000011
:20AF40000000000000000000000000000000000000000000000000000000000000000000F1
:20AF60000000000000000000000000000000000000000000000000000000000000000000D1
:20AF80000000000000000000000000000000000000000000000000000000000000000000B1
:20AFA000000000000000000000000000000000000000000000000000000000000000000091
:20AFC000000000000000000000000000000000000000000000000000000000000000000071
:20AFE000000000000000000000000000000000000000000000000000000000000000000051
:20B00000000000000000000000000000000000000000000000000000000000000000000030
:20B02000000000000000000000000000000000000000000000000000000000000000000010
:20B040000000000000000000000000000000000000000000000000000000000000000000F0
:20B060000000000000000000000000000000000000000000000000000000000000000000D0
:20B080000000000000000000000000000000000000000000000000000000000000000000B0
:20B0A000000000000000000000000000000000000000000000000000000000000000000090
:20B0C000000000000000000000000000000000000000000000000000000000000000000070
:20B0E000000000000000000000000000000000000000000000000000000000000000000050
:20B1000000000000000000000000000000000000000000000000000000000000000000002F
:20B1200000000000000000000000000000000000000000000000000000000000000000000F
:20B140000000000000000000000000000000000000000000000000000000000000000000EF
:20B160000000000000000000000000000000000000000000000000000000000000000000CF
:20B180000000000000000000000000000000000000000000000000000000000000000000AF
:20B1A00000000000000000000000000000000000000000000000000000000000000000008F
:20B1C00000000000000000000000000000000000000000000000000000000000000000006F
:20B1E00000000000000000000000000000000000000000000000000000000000000000004F
:20B2000000000000000000000000000000000000000000000000000000000000000000002E
:20B2200000000000000000000000000000000000000000000000000000000000000000000E
:20B240000000000000000000000000000000000000000000000000000000000000000000EE
:20B260000000000000000000000000000000000000000000000000000000000000000000CE
:20B280000000000000000000000000000000000000000000000000000000000000000000AE
:20B2A00000000000000000000000000000000000000000000000000000000000000000008E
:20B2C00000000000000000000000000000000000000000000000000000000000000000006E
:20B2E000000000000000000000000000000000000000000001000000000000700EAE02809F
:20B30000010000000100000004000070D4AD02800400000001000000080000700FAE0280F8
:20B3200001000000010000000C00007084AC028038000000010000004400007010AE0280B0
:20B3400001000000010000004800007011AE028001000000010000004C00007012AE0280F2
:20B3600001000000010000005000007013AE0280010000000100000054000070D8AD0280FB
:20B3800004000000010000005800007014AE028001000000010000005C00007015AE028089
:20B3A000010000000100000060000070DCAD028004000000010000006400007016AE028091
:20B3C000200000000100000084000070E0AD02800C0000000100000090000070BCAC028052
:20B3E0004C00000001000000DC000070ECAD02800800000001000000E400007036AE0280D6
:20B400000500000001000000EC0000703BAE02800100000001000000F0000070F4AD0280DA
:20B420000200000001000000F40000703CAE02801100000001000000080100704DAE028031
:20B4400001000000010000000C01007008AD0280180000000100000024010070F6AD028063
:20B4600004000000010000002801007020AD028014000000010000003C010070FAAD0280F4
:20B480000400000001000000400100704EAE028001000000010000004401007034AD02805E
:20B4A0000400000001000000480100704FAE0280A004000001000000E8050070FEAD028020
:20B4C0000200000001000000EC05007000AE02800800000001000000F405007038AD0280FF
:20B4E00028000000010000001C06007008AE028004000000010000002006007060AD02802F
:20B50000500000000100000070060070EFB20280010000000100000074060070F0B20280C1
:20B52000010000000100000078060070B0AD02801000000001000000880600700CAE0280F1
:20B5400002000000010000008C060070C0AD02801400000002000000A006007000000000CB
:20B560000600000002000000A806007000000000CA000000020000007407007000000000EE
:20B580004C2A00000000000000000000000000000000000000000000000000000000000035
:02000004800971
:20050000912000E8D9EE2A31DC0E0000000000000000000000000000000000000000000036
:20054000912000E8D9EE3061DC0E00000000000000000000000000000000000000000000C0
:200C8000913000E8D9EE5008DC0E00000000000000000000000000000000000000000000A2
:20800000912000F8D9FF60230D00000202F4DC0F000000000000000000000000000000006C
:20802000912000F8D9FF5C130D00000202F4DC0F0000000000000000000000000000000060
:20804000912000F8D9FF58030D00000202F4DC0F0000000000000000000000000000000054
:20806000912000F8D9FF14F30D00000202F4DC0F0000000000000000000000000000000088
:20808000912000F8D9FF10E30D00000202F4DC0F000000000000000000000000000000007C
:2080A000912000F8D9FF0CD30D00000202F4DC0F0000000000000000000000000000000070
:2080C000912000F8D9FF66430D00000202F4DC0F0000000000000000000000000000000086
:2080E000912000F8D9FF64330D00000202F4DC0F00900000000000000000000000000000E8
:040000058002002055
:00000001FF
