:0200000480106A
:1200000073646820737468A0036568CA0BC30030009078
:0C002000910001F8D9FFE222DC0F0090F3
:20003000820C822D3C130757FFCF8755BFDFCE57460546048B1480408B05A050CE77460753
:2000500046068B1680608B07A07082028203820082013A260B2700F26E023C4F0B6430F104
:200070000B7500F20B75A0F26E04024002513C453A640B7500F26E0382123C3F3B0004E0B5
:200090000B6030F10B7100F20B71A0F2DE1087559FFF06116701801F8B1FE006024802598D
:2000B00006156745805F0614C2FE3CEB0284029506F067101F0006F1C21E82087AE86E1D92
:2000D00087559FFF06116701801F8B1FE0060B60C0A00B71D0B007BB9FFF06156745805F1B
:2000F000061406136723803F8B1FE0266E0302A002B1C2183FE8E67F76C7460346028B122D
:2001100080208B03A030DF2D0B00071DE0FF76F7460146008B1080008B01A0100090910045
:200130000027D922382009264009007091000047D94464D06D006101910000F7D9FF64D0C1
:2001500091300027B92FFCFDACF8910000F7D9FF64D091300027D922FCFDE8526D0084295E
:2001700002246D00D627910080FF39FF29229680910080FFE9FF2922910080FF39FF2D225C
:200190009680910080FFE9FF2D226D006D2902246D008A29910000F7D9FF64D09120002A3A
:2001B000B92F0008ACFC910000F7D9FF64D009FFD008BB100B0FBE00910000F7D9FF64D0EC
:2001D000BB302BFBACF8910000F7D9FF64D0C85FBB302BFBB4FF6D00722B3BF07D403BC0EE
:2001F00074503BC075606D00BA3B6D0051046D00C7126D007A2C3C0100906D00BF3B6D003D
:200210004E05912000FF39FF04C8370FE1F35E1E912000FF39FF04C816075E58910000F722
:20023000D9FF0000DA0134FF3C26912000FF39FF04C8370F61F35E1E912000FF39FF04C8E8
:2002500016075E38910000F7D9FF0000DA0234FF3C12912000FF39FF04C8AE7D912000FF8F
:2002700039FF04C81607EE07910000F7D9FF0000DA0034FF912000FF39FF04C8370FE1F31D
:200290005E17912000FF39FF04C816071E5E912000FF39FF04C8370F61F3DE12912000FF9E
:2002B00039FF04C816075E3C912000FF19FF00C83BE0FB0F260F912000FF59FF00C83C017C
:2002D0000090D9AAA80F911001F8D9FF88E909F438296D003912911001F8D9FF88E909F46B
:2002F00000396D00311282246D008D2D8209820A3C29538A20F0911001F8D9FFA0A910FF05
:2003100054F8820B3C14DA2003FB0AF860F4DA20911001F8D9FF88E909F0382903F90A40D9
:200330003B0002506D009913C219C21B538A20F0911001F8D9FFA0A910FF481F3FFBE5FF13
:20035000C21A911001F8D9FFEC7954FF3FFAD3FF911001F8D9FF10B949FF000A49A2000AFA
:20037000C504337044FF642FFC4E8200911001F8D9FF88E909FF382960FF91100128D922EF
:2003900088E9092F001960F291100148D94488E9094F1C29C2CF60F454FF54217E14B04FE6
:2003B000B0423C0EC2103B301FF03FF004803B301F00534020F010A5F452B04FB0420124B4
:2003D00030F4EEEB19AF4CF0EE163B5062F09B4F02F059AF50F0DA0059AF54F07B00F04A2C
:2003F0006D000D117B00F04AD9A450F03B8000506D0033130090404F6D00402368224DC0AC
:20041000E1FF8F7F00413C016D00C02268126D008A2374F29100002FBC216D006C239130BD
:20043000002F392F3506160F4B0F41F14BF251F03C013C016CF382023C010090DA008230F5
:20045000EE0C3C01910080FF19FF100282110F011010261FEEF83C023C040D0080043C01E1
:20047000DA008210EE0C3C01910080FF19FF100282110F011010261FEEF83C023C040D0016
:2004900080043C016D00042802246D006A26913000FF39FF20169602913000FFE9FF20162B
:2004B0003C013C006D00F42702246D002428009082F03C118F801F10144FC6F08FF00FF127
:2004D000534F20F0911001F8D9FFF07910FF54F0C610B014024FC2F4EEEE82F2C6023C0136
:2004F00000903B4002406DFFE5FF3C010090544F745F4C416C514C426C524C436C534C4498
:200510006C544C456C55094FD808AC5C094FDA08AC5D4C476C574C486C584C496C5900909E
:20053000604402546DFFC6FF3C010090910000F7D9FF040054F23C010090205049A4000AD5
:200550006D007E01DF12058009A224093C0382023C010090205049A4000A6D007101DF029A
:200570002C8049A4000A82043B0005506D007F2DBB505AFA9BAFA5F574AFDA007801DA0006
:200590007802DA007803DA007804DA007805DA00ACACDA00ACADDA017807DA007808DA01DB
:2005B000780949A4000A49A5280A6DFFA2FF49A4000A6D00E001910000F7D9FF0400580184
:2005D00074FF0090F6447B2000083C037B000108B70008FC7B00001AA61F8B0F02F060FC6B
:2005F0008B0002F060FF54FF1EF68B0002F060FF54FFEE031D00F9004DC0E2FF3C010D003A
:20061000400300003C016D002F27022802846D008025910080FF39FF29229680910080FF0C
:20063000E9FF2922910080FF39FF2D229680910080FFE9FF2D2202846D00362782014DC0A3
:20065000E1FF8F7F00213C01913000FFD9FF004653C220F010FF54F037006E018FF083310F
:200670003C01913000FFD9FF004653C220F010FF54FF2E1B8F2320F0960154F03700700833
:200690008F002100A6F074F08F2320F0960254F0370070088F002100A60F74FF3C0154FFEB
:2006B0001601DF1FFE7FDA00761382003C028210370F81F0CD0F04090D00C004913000FFB2
:2006D000D9FF004653C220F010FF54FF2E1B8F2320F0960154F0370070088F002100A60F6B
:2006F00074FF86238F3340F154F0370070088F002100A60F74FF3C0154FF6F0FFF7F0D0077
:20071000C00482017617DA009601CD4F20090D00C0044DC0E1FF8F7F00213C01913000FF55
:20073000D9FF004653C220F010FF54F037006E018FF083313C01913000FFD9FF004653C20A
:2007500020F010FF54FF2E1B8F2320F0960154F0370070088F002100A6F074F08F2320F016
:20077000960254F0370070088F002100A60F74FF3C0154FF1601DF1FFE7FDA0076138200FF
:200790003C028210370F81F0CDCF20090D00C004913000FFD9FF004653C220F010FF54FFC7
:2007B0002E1B8F2320F0960154F0370070088F002100A60F74FF86238F3340F154F03700A5
:2007D00070088F002100A60F74FF3C0154FF6F0FFF7F0D00C0040D0080040D00C0042D0CC1
:2007F00000003C013C0000902050024F0258EE047B2000483C037B000148EE047BE0005050
:200810003C037B0001506DFF8DFE022949A4000A6D001600DF121380EE0689A9080989A835
:2008300010093C0589A90C0989A814095807C21F780749A4000A6D009A0000902028404C98
:200850009100F0FA9100F0DA49DD004A8208820954F0BB505AFA9BAFA5F57E0740F46DFF81
:2008700042FE488F7E22821854D0BB505AFA9BAFA5F57E0D49A5000A40D46DFF3AFE49A488
:20089000000A6DFF30FE58087E228219DF082400DF092200487F09D01C093F0F10803B8096
:2008B000024040C440F56D00B02B49C4280A3B80024040D56D00A92B3C0C40D440C56DFF06
:2008D00018FE49C4280A3B80024040D56D009D2B82123C1F768E3B80024040C440F56D00D6
:2008F000942B49C5280A40C46DFF03FE82123C11769E40D440C56DFFFCFD49C4280A3B800B
:20091000024040D56D00812B82123C0382023C0100902050024849A4000A6DFF91FFDF1295
:20093000128089A80409DA00ACAC5807C21F780749A4000A6D001B00910000F7D9FF040003
:2009500074F800902050024F49A4000A6DFF78FFDF120C806E025E1978095807C21F78074C
:2009700049A4000A6D00030000906D0004003C01009020A0404549A4000A3B0005406D0009
:20099000442B49A4000A6DFFAEFD89A2200949A4000A49A5280A6DFFACFD3B0005807B000F
:2009B000F04A6D002C0EDA008210EE0C3C01910080FF19FF100282110F011010261FEEF87B
:2009D0003C023C040D0080043C017B00F04A49A4000A02856D00D80E3B0010409B04F04AD1
:2009F00049A4004A02856D00CF0EDA008210EE0C3C01910080FF19FF100282110F0110103F
:200A1000261FEEF83C023C040D0080043C0149A4101A6DFF15FFDF120D8049A4101A49A535
:200A3000000A3B8002406D00E32AF62382123C0382023C0100909140004FD944000A3B80E6
:200A500000403B0008506D00471F914000FFD9FF000A7B1000F08F8F20F06CF13C0100905B
:200A700091000047D944EC923B40064082556D00B327F62C914000FFD9FF000ADA088210CC
:200A90009B1000000FF0100068100090910000FFBCF16D003020913000FF39FF3506160F32
:200AB0004B0F41F14BF251F03C013C014B0F3121910000F7D9FF48A0BB0010FE9B5F5FF09C
:200AD0004BF201020B00000889F04009910000F7D9FF48A0BB0068F99B8F09F04BF201022A
:200AF0000B00000889F04809910000F7D9FF48A03B90D0F3066F4BF201020B00000889F0F2
:200B10005009910000F7D9FF48A03B50C3F0065F4BF201020B00000889F05809910000F7CC
:200B3000D9FF48A03B0071F24BF201020B00000889F06009910000F7D9FF48A03B803EF0E1
:200B50004BF201020B00000889F06809910000F7D9FF48A0DA644BF201020B00000889F0F6
:200B70007009910000F7D9FF48A0DA0A4BF201020B00000889F07809910000F7D9FF48A02B
:200B9000531220F00BF0000889F04019910000F7D9FF48A053A220F00BF0000889F04819D1
:200BB000910000F7D9FF48A0534226F00BF0000889F050190090911001F8D9FF80C909F009
:200BD00040090B0410F10B1580F2EE08911001F8D9FF80C909F240093C274DC0E2FF370F8E
:200BF000E1F78B0F20F23C010D00400300003C013C0185F010008203020285F12C00820028
:200C1000A620A6313C01911001F8D9FF80C909F24009262026316E030D0000033C010B4045
:200C300040200B5150303C013C01911001F8D9FF80C909F040090B0210F10B1380F2EE0362
:200C5000DA003C294DC0E2FF370FE1F78B0F20F23C010D00400300003C013C0185F0100001
:200C70008205020485F12C008200A640A6513C01911001F8D9FF80C909F4400926402651BB
:200C90006E030D0000033C010B2050F10B3100F20B1390F23C016ECA009020189100004737
:200CB000D94460B049A5000A6D007E2ADF022B0009AFC0083BF07D003E0609AFC0083BC0F7
:200CD0007400FE01910000F7D9FF300054FF6E0A910000F7D9FF3000D4FF49A4000A2D0FA0
:200CF00000003C10910000F7D9FF2C0054FF6E0A910000F7D9FF2C00D4FF49A4000A2D0FAF
:200D1000000091000047D94458C049A50C0A6D004B2A762549A40C0A6D007C000090910028
:200D300000F7D9FF3000F4F4009082003C1B53C020F0910000F7D9FF080010FF09FFC208E7
:200D50003BF07D103E1D53C020F0910000F7D9FF080010FF09FFC2083BC074107E123C01B8
:200D7000C210911001F8D9FF307A09FFC0083FF0E07F82003C3D53C020F0910000F7D9FF99
:200D9000200010FF09FFC2083BC075107E123C2FF64B53C020F0910000F7D9FF200010FFD4
:200DB000DA002CF43C24DF140C8053C020F0910000F7D9FF200010FFDA012CF43C18DF2446
:200DD0000C8053C020F0910000F7D9FF200010FFDA022CF43C0CDF340B8053C020F091002F
:200DF00000F7D9FF200010FFDA032CF4C210911001F8D9FF327A09FFC0083FF0BE7F00902C
:200E1000404591000047D94458C06D00AA2900902010404F09F4C0086D00CB00BF0256008D
:200E300053C220F091000027D922200010220C241E3A53C220F091000027D92220001022C6
:200E50000C245E1382123C4391000027D922D87049243C0A6D00A919762382023C38082038
:200E7000083F8F8F20F0A6F0084F8F0F21F0A6F0085F8F8F21F0A6F00861087F8F8F20F071
:200E9000A6F1088F8F0F21F0A6F1089F8F8F21F0A6F149A2000A09F2C008DA08742289A008
:200EB000060989A10A092CA4DA002CAE3C01910000F7D9FFD87049F43C0A49A5000A6D0085
:200ED000C819DA205F2FF57F82123C010090DA003E44DA043E4D3C16914000FFD9FF400BBA
:200EF00082407B1000F00F0F10F06CF13C0C914000FFD9FF400B8240DA010F0F10F06CF1D7
:200F10003C023C010090DA003E4ADA01BE4BDA025F4F2D00DA045F4F35003C48914000FFA4
:200F3000D9FF008A8230DA010F0F10F06CF1914000FFD9FF008A8220DA010F0F10F06CF10D
:200F50003C36914000FFD9FF008A82307B1000F00F0F10F06CF1914000FFD9FF008A822061
:200F7000DA010F0F10F06CF13C22914000FFD9FF008A82207B1000F00F0F10F06CF13C1790
:200F9000914000FFD9FF008A82307B1000F00F0F10F06CF1914000FFD9FF008A82207B1008
:200FB00000F00F0F10F06CF13C023C01009082F282003C0D53C020F0910000F7D9FF2000C9
:200FD00010FF09FFC2087E420202C210911001F8D9FF327A09FFC0083FF0EE7F3C01009033
:200FF00020100D00000282093C4C530921F0910000F7D9FFD87010FFD9F4BC006D00A918B4
:20101000DF123D80530921F0910000F7D9FFD87010FFD9F4BC0091000057D955C8706D00AA
:20103000F018DA405F2F2B00910000F7D9FFC87054FF3BF07D803E89910000F7D9FFC87053
:2010500054FF3BC07480FE8A910000F7D9FFC87054FFB4AF49A4020A91000057D955C87021
:20107000B0653B8000406D00562891000047D94460B049A5000A6D007428C219370968904C
:20109000911001F8D9FF307A09FFC0083FF9AFFF0D004002008020100D000002910000F7D8
:2010B000D9FFD870D9F43C016D005318DF124280910000F7D9FF54D0820082018202DA087C
:2010D00074F089F1060989F20A092CF4DA002CFE910000F7D9FF50D091000027D922D870E6
:2010F000D9243C0191000057D95554D06D008918B4F2910000F7D9FF54D054FF3BB02B804B
:20111000FE88910000F7D9FF54D049FF000A49A2000AA03444FF642FFC4E910000F7D9FF1A
:2011300064D0D9F424806D004101F6236D00BB070D004002008082003C06014000F6DA550A
:201150002CF8C2103B0020F03FF0F9FF00902020404C405F8218DA007802DA00780314FFC6
:2011700037F90894081F37F9089009FFC408FF8F5C80DA003C0610A23B5005003420C21FD3
:20119000BF8FFBFF09FFC40834AFDA003C0A10A210F40940480889200108C21F370F68F0A0
:2011B00009F0C4083F0FF5FFDA007802DA00780382003C0C01A000F614F15802538020209C
:2011D0000F210010A61F7802C210BF40F5FFDA003C0D10AF084009A10C09538F20200F2081
:2011F0000000A60189A10C09C21FBF4FF4FF580209A00C0949AF100A3B80001074F989AF7D
:20121000160989A01A0989A11408DA0089AF1E083C0149A5100A40C46D001B18DA205F2F64
:20123000FA7F1D00C00009FFC408868F8B0F01F034AF09FFC4082CA1DA003C0810A210F47C
:201250000940480889200208C21FBF6FF9FFDA007802DA00780382003C0C01A000261421BC
:201270005802538020200F210010A61F7802C210BF40F5FFDA003C0E10A20920440809A1B8
:201290000C09538F20200F200000A60189A10C09C21FBF4FF3FF580209A00C0949A2100AF4
:2012B0003B800010742989AF160989A01A0989A11408DA0089AF1E0849A5100A40C46D001C
:2012D000C81782146D00FE00DA06ACF3DA212CF3DA003C0510A282003420C21FBF8FFCFFB8
:2012F0003C5B083F34AF82003C0D01A0002609FFC60810F40C482C2109FFC608C21FACF3BA
:20131000C210BF70F4FFDA007802DA00780382003C0C01A0002614215802538020200F21BD
:201330000010A61F7802C210BF40F5FFDA003C0E10A20920440809A10C09538F20200F202E
:201350000000A60189A10C09C21FBF4FF3FF580209A00C0949A2100A3B800010742989AFF9
:20137000160989A01A0989A11408DA0089AF1E08083F3BF002003F0F0580DA202CF33C04D4
:20139000083FC21F2CF349A5100A40C46D00611782146D00970009FFC60809F0C4083F0F82
:2013B000A2FF02823C010090200882125802370F68043440370F68F02C4109A00E09DA004A
:2013D0003C0810AF538F20105700681134F1C21FBF4FF9FF09A0120982013C0901A100F6E8
:2013F000538120F0570068FF2CF4C211BF41F8FF14AF86CF2C420C42EE1514AF160FAC42A4
:20141000DA003C0A104F10A2092041082880AC43C21F370F68F00940C4083F0FF5FF820228
:201430003C4E0C42DE1714AF160F8F8F20000CA1A6F089408408DA003C07104F10A20920BA
:2014500042082880C21FBF6FFAFFDA06AC4382223C360C42DF2F3180094FC4080940C60855
:20147000A20F370F7000FF80168082013C0F094FC608104F01A100260C212CF8094FC6084E
:20149000C21FAC43C211370168103F01F2FF82023C1282003C0D094FC608104F01A00026CF
:2014B0000C212CF8094FC608C21FAC43C210BF70F4FF82223C040C425E3282423C0100908E
:2014D000910000F7D9FF48A009F06809820702460B0110486DFF8EF5911001F8D9FF80C96B
:2014F00009F040090B0210F10B1380F2EE08911001F8D9FF80C909F440093C274DC0E2FFB4
:20151000370FE1F78B0F20F23C010D00400300003C013C0185F010008205020485F12C0036
:201530008200A640A6513C01911001F8D9FF80C909F44009264026516E030D0000033C0163
:201550000B2040400B3150503C013C01911001F8D9FF80C909F040090B0410F10B1580F2DB
:20157000EE03DA003C294DC0E2FF370FE1F78B0F20F23C010D00400300003C013C0185F0F7
:2015900010008203020285F12C008200A620A6313C01911001F8D9FF80C909F2400926205F
:2015B00026316E030D0000033C010B4050F10B5100F20B1590F23C016ECA3C010090202008
:2015D000404C405F0CC982103E0C82205F0F260082305F0FC70082405F0FE1001D00E000F4
:2015F00009CFC408BF3F0A8009C448083B30015040F46D003E063C0F91000027D9223400BF
:20161000DA00342FDA502CF80CC92CF9822440F46D0045061D00CC000CCA3B000100FE0B9F
:2016300091000027D9223400DA01342FDA502CF80CC92CF90CCA2CFA91300027D922FCFD55
:201650000C212CFB142F2CFC825440F46D0027061D0087000CCA3B000A005F0F21809100B8
:201670000027D9223400DA00342FDA502CF80CC92CF90CCA2CFABB302BFB91300027F92F62
:20169000FCFD91300027D922FCFD0C212CFB142F2CFC825440F46D0002063C620CCA3B0078
:2016B0000F005F0F5E809100F02A542FEE036DFF0AF69120002AD9220008092FC008EE3434
:2016D0009120002A192F000874AF54AFBBA0550A7E03DA003C28BB0000489B14004A6D00C7
:2016F000330882003C07534020F010A2DA00742FC210BF80FAFFBBA055FA74AFBB0000482E
:201710009B14004A49A4000A3B0002506D00A5099120002A192F0008BBA0550A7E03DA00E1
:201730003C02DA033C02DA02EE1491300027D922FCFDDA502CF80CC92CF9DAF02CFA0C2121
:201750002CFB142F2CFC825440F46D00A8053C0809C448083B30015040F46D008A053C2713
:2017700009CFC408BF3F0A8009C448083B30015040F46D007E053C1191000027D9223400FC
:20179000DA01342F0CC88B0F04F02CF80CC92CF9822440F46D0083053C0A3C0909C4480804
:2017B0003B20015040F46D0064053C010090404F405C09FFC408BF3F098008843B300150C8
:2017D00040C46D0056053C25088F8B0F04F02CC8089F2CC9822440C46D006105089F821061
:2017F0003E0482303E0C3C0E914000FFD9FF000A8270DA010F0F10F06CF13C0B6DFF20F68E
:201810003C0808843B20015040C46D0032053C0100902008404F405C08CF8F0F210008DFF7
:201830008F8F20F042F008EF42F074A09100F02A542F54A0FE0691000027D92240A0DA0068
:201850002C24DA0078017B00F04A6D00D8067B00F04A49A4000A3B8000506D0095073C15C4
:2018700091000027D92240A0DA012C24DA0178017B00F04A6D00C3067B00F04A49A4000AAF
:201890003B8000506D00800709FFC408BF9F0A8008843B30015040C46D00EB041D00B70001
:2018B0000890DA0C5F0F9300DAF13E031D00A80008A0DA86BE01DA875F0F3000DA885F0F32
:2018D0003A00DA895F0F4400DA8A5F0F4E00DA905F0F58003C7308BF82203E023C16088F18
:2018F0008B0F04F02CC8089F2CC908AF2CCA08BF2CCB08CF2CCC08DF2CCD08EF2CCE8274B9
:2019100040C46D00CC043C0808843B30015040C46D00AF043C013C5908BF82203E023C020D
:201930003C0808843B30015040C46D00A2043C013C4C08BF82203E023C023C0808843B300D
:20195000015040C46D0095043C013C3F08BF82203E023C023C0808843B30015040C46D0080
:2019700088043C013C3208BF82203E023C023C0808843B30015040C46D007B043C013C251F
:2019900008BF82203E023C12DA102CC8DA0A2CC9088F8B0F04F02CCA089F2CCB08AF2CCC21
:2019B000825440C46D007B043C0808843B30015040C46D005E043C013C0808843B20025038
:2019D00040C46D0056043C013C2108AF82403E023C0E088F8B0F04F02CC8089F2CC908AF23
:2019F0002CCA824440C46D005A043C0808843B20025040C46D003D043C013C0808843B20B5
:201A1000025040C46D0035043C0100902008404F405CDA0074AFDA00780191000027D92297
:201A30003400DA01342F40C46DFF87FB089F8FFF0081089F16F086CF49F40A0A49A5000A31
:201A500002846D00B404022901F8002649240A0A49A5040A02F46D00AA04A6298E98088472
:201A70003B30015040C46D0004043C0754A409A504096D00350402298E9808843B1003500A
:201A900040C46D00F6033C1BDA632CC809AFC408C21FACC254AF60F282003C079A1010CFCE
:201AB000142F2CF8B012C21058013FF0F9FF09CFC408370F684040C46D00F1033C010090D7
:201AD000404F405C089F82204B0F0102DA003E15DA015F1F2E003C4A09FFC408BF5F098070
:201AF00008843B30015040C46D00C3033C20088F2CC8089F2CC908AF08A46D006F043E2D26
:201B100008BF08B46D006A043E2808843B50035040C46D00AE033C0B910000F7D9FF3C0082
:201B3000DA0134FF822440C46D00B9033C2609FFC408BF3F098008843B30015040C46D003E
:201B500098033C13088F8B0F04F02CC8089F2CC96D00470489C20A086D00430489C20B08AF
:201B7000824440C46D009B033C0808843B20015040C46D007E033C010090094FC408BF4F13
:201B90000A80094448083B30015040546D0071033C620C4982303E023C560C4A82103E0A36
:201BB0008220BE0B82305F0F2C0082405F0F36003C41910000F7D9FF3400DA0134FF0C4885
:201BD0008B0F04F02C580C492C590C4A2C5A823440546D0064033C36910000F7D9FF340009
:201BF000DA0034FF0C488B0F04F02C580C492C590C4A2C5A823440546D0051033C230C48EE
:201C10008B0F04F02C580C492C590C4A2C5A823440546D0044033C160C488B0F04F02C5836
:201C30000C492C590C4A2C5A823440546D0037033C09094448083B20015040546D00190342
:201C50003C013C09094448083B20025040546D0010033C010090404F405C08AF8F8F2000A7
:201C700008BF42F009FFC408FF2F0A8008843B30015040C46D00FD021D00B50009FFC40871
:201C9000BF9F0A8008843B30015040C46D00F1021D00A900089F82113E131D009D00BB00DA
:201CB000F0FF5F0F398008CF8F8F200008DF42F0FF200A8008843B20025040F46D00D90272
:201CD0001D009100538020F091100128D92288E9102254246D00380537026850DF0517806D
:201CF00040C46DFF2AFADA712CC8DA013C0810C210F40940480889200808C21FBF6FF9FFB3
:201D1000826440C46D00CB023C05088440F46D00B0023C60BBA0DFFE5F0F2F8008CF8F8F89
:201D3000200008DF42F0538020F091100128D92288C9102254246D00620437026850DF050F
:201D5000178040C46DFFF9F9DA712CC8DA013C0810C210F40940480889200808C21FBF6FE5
:201D7000F9FF826440C46D009A023C05088440F46D007F023C2F3B3020F05F0F2C809100E8
:201D90000027D9223800DA01342FDA712CC8DA013C0810C210F40940480889200808C21F34
:201DB000BF4FF9FF913000F7B9FFFCFD8F8F3F0089C00C082CCD912000F809FFC0088F8F5A
:201DD0003F0089C00E082CCF3B80004040C46D0066023C0808843B20015040F46D0049021E
:201DF0003C010090094FC408FF3F0A80094448083B30015040546D003C023C5E0C493BF068
:201E10000F003FF053800C4A3BF00F003FF04E80094FC408FF9F42800C4B3BF00F003FF0D0
:201E30003580910000F7D9FF3C0014FFDF1F2680DA016E1BDA016E110C488B0F04F02C5866
:201E50000C49160F2C590C4916F086CF2C59826440546D0024023C08094448083B000750BE
:201E700040546D0006023C08094448083B20025040546D00FE013C08094448083B3003501C
:201E900040546D00F6013C08094448083B10035040546D00EE013C08094448083B3001502E
:201EB00040546D00E6013C08094448083B10035040546D00DE010090404C405D8204820505
:201ED0000CC98FFF00810CC916F08FCF3F9082003C088F8400409A2010CF088F42F4C210B5
:201EF0003F80F9FF82003C0D8F852010370170109A28420F10CF088F42F137017050C210CE
:201F10003F90F4FF91000027D922A0E082003C0A012000469A28429F420F10CF088F344FA0
:201F3000C2103F50F7FF911001F8D9FF88E954FF3FF41980911001F8D9FF88E909FF143900
:201F50007FF41180910000F7D9FF40A0DA0234FF91000047D944A0E06D007F05370268F027
:201F70003C02DA02EE1D40D46DFFE7F89A28429FACD282003C0801D0002601C000F6088FA1
:201F90002C28C21009DFC4083FF0F7FF0CD88B0F04F02CD8826440D46D0081013C1F40D464
:201FB0006DFFCBF8DA7F2CD8DA013C0910D210CF087089200808C21F370F68F009D0C4084F
:201FD000C2103F0FF57F0CC88B0F04F0370F68403B40025040D46D004C010090094FC408BE
:201FF000BF3F0A80094448083B30015040546D0040013C1A0C49EE0C0C488B0F04F02C58A3
:202010000C492C59822440546D0049013C0D0C493B0008007E023C08094448083B200150F7
:2020300040546D0026010090094FC408BF3F0A80094448083B30015040546D001A013C314A
:202050000C4982103E048220BE033C23910000F7D9FF0010DA0134FF0C488B0F04F02C58A1
:202070000C492C59822440546D0019013C1A910000F7D9FF0010DA0034FF0C488B0F04F000
:202090002C580C492C59822440546D0008013C09094448083B20015040546D00EA003C016C
:2020B00000908208910000F7D9FF64D039F02C80DA105F0F2200DA115F0F2F00DA225F0F21
:2020D0003C00DA235F0F4900DA275F0F5500DA285F0F6100DA315F0F6D00DA345F0F790090
:2020F000DA3D5F0F8500DA3E5F0F9100DA855F0F9D001D00AA00910000F7D9FF64D0D9F41D
:202110002480910000F7D9FF64D049F51C0A6DFF58FA1D00AB00910000F7D9FF64D0D9F42C
:202130002480910000F7D9FF64D049F51C0A6DFF40FB1D009B00910000F7D9FF64D0D9F433
:202150002480910000F7D9FF64D049F51C0A6DFF62FB1D008B00910000F7D9FF64D0D9F401
:202170002480910000F7D9FF64D049F51C0A6DFF4FFC3C7B910000F7D9FF64D0D9F4248040
:20219000910000F7D9FF64D049F51C0A6DFF9AFC3C6C910000F7D9FF64D0D9F424809100F7
:2021B00000F7D9FF64D049F51C0A6DFFE8FC3C5D910000F7D9FF64D0D9F42480910000F732
:2021D000D9FF64D049F51C0A6DFF47FD3C4E910000F7D9FF64D0D9F42480910000F7D9FFE0
:2021F00064D049F51C0A6DFFFFFD3C3F910000F7D9FF64D0D9F42480910000F7D9FF64D0BB
:2022100049F51C0A6DFF5AFE3C30910000F7D9FF64D0D9F42480910000F7D9FF64D049F543
:202230001C0A6DFFDDFE3C21910000F7D9FF64D0D9F42480910000F7D9FF64D049F51C0AC7
:202250006DFFF4FE3C12910000F7D9FF64D049F41C0A910000F7D9FF64D039F42C803B2003
:2022700002506D0006003C0102823C0100904045DA03345FDAAA2C51DA03AC52DA7F2C584D
:202290008954090889550A08910000F7D9FFD870D9F40C116DFF5DF700904045DA03345F79
:2022B000DAAA2C51FF640580DA06AC523C03895484083C08015400F6DA552CF8C2143704AC
:2022D0006840095FC4083FF4F7FF910000F7D9FFD870D9F40C116DFF3CF700900243025F82
:2022F00082027B0000073F031980BBF0FF0D9B2000073F30138082404B03110276138F1225
:202310004021423FC2FFBBF0FF0D9B2000077FF004808F2240213C48911001F8D9FF88E925
:2023300054F03F031E80911001F8D9FF88E909F014393F30168082404B03110276138F12EE
:202350004021423FC2FF911001F8D9FF88E909F01439C2F03F0F04808F2240213C25911009
:2023700001F8D9FF88C954F03F031D80911001F8D9FF88C909F03C193F30158082404B03E3
:20239000110276138F12402142F3C2F3911001F8D9FF88C909FF3C197F3F04808F22402131
:2023B0003C038F1240213C010090DA008200BF141180FF540F80DA003C07104F14F18F80CD
:2023D00000004210C21F3F4FFA7F745082023C038F2F40213C01009002423C010090A0048B
:2023F0006D00861E370268406D007D1E8208DAFF6D00681EC20FC21F4BF2010242183708F2
:2024100068203C0100906D001B1C00906D002C1802246D00D5166D003B1802246D00141776
:202430006D00831A6D00EC1C6DFF07F36DFF94F0910000F7D9FFE4609130002F192F1016B5
:2024500074FF910000F7D9FFE06091000027D922E460542F16018B0F20F234FF6DFF68EE27
:202470000D0000033C056DFFCAEE6DFFFBF23CFC0090910000F7D9FF281054FF6E2D91009F
:2024900000F7D9FF281054FF910000F7D9FF081010F48204910000F7D9FF281054FF8B0F4B
:2024B00002516D00E41D910000F7D9FFE860C86F91000027D9220410542491000047D94438
:2024D00008103B0002502D0F0000910000F7D9FF2810DA0074FF00909100014791000158D3
:2024F000D9552C833B0010406D008F1D910000F7D9FFE86091000127F4F29100014749449E
:20251000004A91000158D95534933B0010406D007C1D910000F7D9FFE86091000127492225
:20253000004AE81291000147D944008091000158D95536733B0010406D00671D910000F70C
:20255000D9FFE86091000127D9220080E82291000147D94400C091000158D9551E933B0053
:2025700010406D00521D910000F7D9FFE86091000127D92200C0E83291000147D9444000B3
:2025900091000158D9551AA33B0010406D003D1D910000F7D9FFE86091000127D922400068
:2025B000E84291000147D944404091000158D95564923B0020406D00281D910000F7D9FFB0
:2025D000E86091000127D9224040E85291000147D94440C091000158D955B0323B002040AA
:2025F0006D00131D910000F7D9FFE86091000127D92240C0E8623C010090024F6D0048179E
:2026100002284DC0E20F3C010D00400300003C0102846D00A61582109110F0FAD9FF909AEB
:202630009110F02AD922989A9110F04AD944A8AA9110F05AD955A8AA74FF7420DA80744FC9
:20265000DA50745F0D00800402846D00541782023C010090913000FFD9FF303654FF370F96
:202670006EF18FFF83813C01913000FF19FF30366F1F12008F2820F09601913000FF19F017
:202690003036370070088F002100A60F913000FF59FF30368F2820F09602913000FF19F00A
:2026B0003036370070088F002100A60F913000FF59FF30363C01913000FF19FF3036160180
:2026D000DF1FFB7F910000F7D9FFE860D4FF82152D0F0000913000FF19FF30366F1F120046
:2026F0008F2820F09601913000FF19F03036370070088F002100A60F913000FF59FF3036AB
:2027100086288F3840F1913000FF19F03036370070088F002100A60F913000FF59FF303642
:202730003C01913000FF19FF30366F0FFC7F910000F7D9FFE860C81F820482352D0F00000D
:202750003C01009002484DC0E2FF370FE1F78B0F20F23C010D00400300003C016DFFBEFEA8
:20277000910000F7D9FFE860C85F02842D0F00006E030D00000382023C0100906DFFAEFECE
:202790003C0100900248404C913000FFD9FF303654FF370F6EF18FFF83913C01914000FFE1
:2027B000D9FF000ADA018F8F20F06CF1DA008210EE0C3C01910080FF19FF100282110F0141
:2027D0001010261FEEF83C023C040D0080043C01DA084BF511A2820C3C76DA0803FC0AD87A
:2027F0009100F0FAD9FF5455B70D18007B0000FA7E04DA5074FF3C0CB70D18007B00F0FAD4
:202810007E04DA5D74FF3C040D0080043C01DA008210EE0C3C01910080FF19FF10028211FE
:202830000F011010261FEEF83C023C040D0080043C01532C20F0534F20F010CF54F0532CFE
:2028500020F0C21F534F20F010CF54FF76D19100F0FAD9FF707574F0B04F74FF0D008004AD
:2028700002946D007E149110F0FAD9FF909A9110F02AD922989A9110F04AD944A8AA911053
:20289000F05AD955A8AA74FDDA00742FDAA0744FDAAA745F0D00800402946D002C16DA002C
:2028B0008210EE0C3C01910080FF19FF100282110F011010261FEEF83C023C040D00800408
:2028D0003C01C21C3FAC8BFF914000FFD9FF000A7B1000F08F8F20F06CF182023C0100904F
:2028F0000248404C913000FFD9FF303654FF370F6EF18FFF83C13C01DA204BF511A2820D71
:202910001D00A700DA2003FD0A98910000F7D9FFE860C82F02942D0F0000910000F7D9FF76
:20293000E860C81F820482352D0F0000820E3C20910000F7D9FFE860C83FDA0882404B0E47
:20295000110203FD0AF0534F20F010C25425DA0882404B0E110203FD0AF0C21F534F20F0C0
:2029700010C2542602942D0F00008B8E00E0DA203FFEE0FF913000FF19FF30366F1F12003C
:202990008F2C20F09601913000FF19F03036370070088F002100A60F913000FF59FF303604
:2029B0008F2C20F09602913000FF19F03036370070088F002100A60F913000FF59FF3036E3
:2029D0003C01913000FF19FF30361601DF1FFB7F910000F7D9FFE860C84F02942D0F00004C
:2029F000913000FF19FF30366F1F12008F2C20F09601913000FF19F03036370070088F001A
:202A10002100A60F913000FF59FF30368F2C20F09603913000FF19F03036370070088F0081
:202A30002100A60F913000FF59FF30363C01913000FF19FF30366F0FFC7F910000F7D9FF5E
:202A5000E860C81F820482352D0F0000C21D3FAD5BFF3C0100900248404C0259914000FFCB
:202A7000D9FF000ADA018F8F20F06CF14DC0E2FF370FE1F78B0F20F23C010D0040030000B9
:202A90003C016DFF2BFD910000F7D9FFE860C86F028440C402952D0F00006E030D00000398
:202AB000914000FFD9FF000A7B1000F08F8F20F06CF182023C0100900249404C025A820840
:202AD000910000F7D9FF281054F0BF109A80910000F7D9FF041054F0910000F7D9FF2810D1
:202AF00054F142105F093680910000F7D9FF281054F08B00024102A56D00C600022B9100CF
:202B100000F7D9FF281054FF910000F7D9FF081010F440C502B46D00781A910000F7D9FFB5
:202B3000E860C86F91000027D9220410542491000047D94408103B0002502D0F000042B8F7
:202B500042B9910000F7D9FF2810DA0074FF3C58910000F7D9FF041054FF8B0F02F07F9F80
:202B700005806DFF88FC3C4C910000F7D9FF041054FF8B0F02B0A29B0BBA10486D008400EA
:202B9000022C8B0B02F1910000F7D9FF281054F07FF03580910000F7D9FF08108B0B00F16F
:202BB00010FF49F4200A40C502C46D002E1A3FBA1D80910000F7D9FFE860C86F91000027E2
:202BD000D9220410542491000047D94408103B0002502D0F000042C842C9910000F7D9FF13
:202BF0002810DA0074FF3C09910000F7D9FF2810A2AB8B0B02F174FF3C0382023C433C118B
:202C1000910000F7D9FFE860C86F01C800463B00025002942D0F00008B0802808B0902901C
:202C30008B0802F07FFAEEFF7FA82B80910000F7D9FF281054FFEE24910000F7D9FF041056
:202C500074F9910000F7D9FF28105A8A74FF82003C0A910000F7D9FF081001F000F6DA0007
:202C700034FFC210DA203FF0F6FF91000047D944081001C800560B8A80406D00C6198212C0
:202C90003C0100907F54048002423C0302523C010090913000FFD9FF004654FF370F6EF186
:202CB0008FFF83813C01913000A7D9AA408B0D0080043B0098F0CD4FE00F0D00C0044D0002
:202CD000E0FFB70F14F0CD0FE00F0D00C00482117617DA009601CD4F20090D00C0044DC0EB
:202CF000E1FF8F7F00213C01913000FFD9FF004653C220F010FF54F037006E018FF0833149
:202D10003C01913000FFD9FF004653C220F010FF54FF2E1B8F2320F0960154F0370070086C
:202D30008F002100A6F074F08F2320F0960254F0370070088F002100A60F74FF3C0154FF24
:202D50001601DF1FFE7FDA00761382003C028210370F81F0CDCF20090D00C004913000FF0F
:202D7000D9FF004653C220F010FF54FF2E1B8F2320F0960154F0370070088F002100A60FA4
:202D900074FF86238F3340F154F0370070088F002100A60F74FF3C0154FF6F0FFF7F0D00B0
:202DB000C00482114DC0E1FF8F7F00213C01913000FFD9FF004653C220F010FF54F03700C6
:202DD0006E018FF083313C01913000FFD9FF004653C220F010FF54FF2E1B8F2320F09601FD
:202DF00054F0370070088F002100A6F074F08F2320F0960254F0370070088F002100A60F74
:202E100074FF3C0154FF1601DF1FFE7FDA00761382003C028210370F81F0CD0F04090D00AB
:202E3000C004913000FFD9FF004653C220F010FF54FF2E1B8F2320F0960154F037007008C4
:202E50008F002100A60F74FF86238F3340F154F0370070088F002100A60F74FF3C0154FF93
:202E70006F0FFF7F0D00C004913000FFD9FF004654FF2E1B8F2820F0960154F037007008AA
:202E90008F002100A60F74FF8F2820F0960254F0370070088F002100A60F74FF3C0154FF90
:202EB0001601DF1FFE7F918001F8D9FF000880FFCD4FE20F0D00C004917001F8D9FF000057
:202ED00080FFCD0FE20F0D00C004913000F7D9FF80CB80FFCD8FE20F0D00C004913000FF8D
:202EF000D9FF004654FF2E1B8F2820F0960154F0370070088F002100A60F74FF8F2820F018
:202F1000960354F0370070088F002100A60F74FF3C0154FF6F0FFF7F91000000D900000047
:202F300091000010D911000091000080D988000091000090D9990000913000F7D9FFC00B96
:202F500091300027D922C00DA004802080FFA2F0DA404BF0114282003C1E80FFB70F1CF087
:202F70008F4F1F1080FFBBF0FF2F0662262F06AFA6F1F606CD81E30F0D00C0043C027441D3
:202F90009AD47E05CDC1E30F0D00C00440F449FF001AC2103F40E3FFDA00744F6D00781282
:202FB000022F02846D000C1102F46D004D116DFF2CFA02846D00AD1102F46D00EF119100C8
:202FD00001F8D9FF5C02DC0F0090200840BF3C0180F2370368F4B75F08F037F3083437041C
:202FF00068F037F308304DC0E1FF16073C013703680837F003F037F308383C0189A24009E1
:2030100009A0400900A00D00400200800090200840BF3C0180F2370368F4B74F08F037F31B
:203030000834370468F037F308304DC0E1FF16073C013703680837F003F037F308383C019D
:2030500089A2400909A0400900A00D00400200800090200840BF3C0180F2370368F4B73F99
:2030700008F037F30834370468F037F308304DC0E1FF16073C013703680837F003F037F3B8
:2030900008383C0189A2400909A0400900A00D00400200800090200840BF3C0180F237032E
:2030B00068F4B72F08F037F30834370468F037F308304DC0E1FF16073C013703680837F053
:2030D00003F037F308383C0189A2400909A0400900A00D00400200800090200840BF3C017D
:2030F00080F2370368F4B71F08F037F30834370468F037F308304DC0E1FF16073C0137030E
:20311000680837F003F037F308383C0189A2400909A0400900A00D004002008000902008E1
:2031300040BF3C0180F2370368F4B70F08F037F30834370468F037F308304DC0E1FF160718
:203150003C013703680837F003F037F308383C0189A2400909A0400900A00D0040020080E2
:203170000090200840BF3C0180F2370368F4B77F08F037F30834370468F037F308304DC0AD
:20319000E1FF16073C013703680837F003F037F308383C0189A2400909A040090D004002C5
:2031B00000800090200840BF3C0180F2370368F4B76F08F037F30834370468F037F308300A
:2031D0004DC0E1FF16073C013703680837F003F037F308383C0189A2400909A040090D00BA
:2031F0004002008000909100F0FAD9FF5455B70418F07B00000A7E05DA5074FF82023C0E3B
:20321000B70418F07B00F00A7E05DA5D74FF82023C050D00800482123C0100909110F0FAF7
:20323000D9FF909A9110F02AD922989A9110F04AD944A8AA9110F05AD955A8AA74F47425DE
:20325000DA80744FDA50745F0D008004009076419100F0FAD9FF707574F5B04F74F60D0055
:2032700080040090F64C3C01910080FF19FF100282100F501000260FEEF83C0382123C0541
:203290000D00800482023C0100909110F0FAD9FF909A9110F02AD922989A9110F04AD944CF
:2032B000A8AA9110F05AD955A8AA74F4DA00742FDAA0744FDAAA745F0D0080040090DA01CC
:2032D0000F4F00F06C470090404F405C823440F46DFFF7FF484F89CF0609485F89CF0A09C6
:2032F000083F160F3C012CC44860370068FC2E53DA003C02DA1237007D00325F0FF0100009
:203310003C0174C0009009421C093C010090404F405C09FF5C086F3F2E0040F440C56DFF47
:20333000D5FF4878370868F02E243B0008903C18370868F06F3F13003B00089040F440C575
:203350006DFFC4FF4870370068F0AE37370068F0AE248F0950913C013C033B001090370892
:2033700068F02E47824440F46DFFABFF8F0948913C033B00049002923C010090404F405C55
:20339000820809F05D086F001A003B000280910000F7D9FF2C1091000027D9222C105420F0
:2033B000C21074F0910000F7D9FF2C1054F03B803E103F10038082083C3791000027D9225C
:2033D0002C1082007420825440F46DFF7AFF09CF06096CF409CF0A096CF509FF5B08370F58
:2033F000E1F28B0F20F23C0154C06E0382013C033B200110486F0F100000370F1DF06CF6C3
:2034100009C04408083F370F04F02CF3823440F46D000E00825440F46D000A003B80004006
:2034300040F46D00050002823C010090DA018B0401000F0F00F06C470090404F405C820814
:2034500009FF5D082E043B0002803C373B90004040F46DFF36FF09CF06096CF409CF0A097B
:203470006CF53B90004040F46DFFE2FF09F05B083700E1028B0020F23C0154C06E038201F7
:203490003C033B200110486F0F100000370F1DF06CF609C04408083F370F04F02CF382347B
:2034B00040F46DFFC5FF825440F46DFFC1FF3B80004040F46DFFBCFF02823C010090404C2F
:2034D000405F0258C82408CF3704685002F46D00030AC82408C402856D00360A0CCC09F000
:2034F0005008370F03F02CCC82123C010090405F0258C82408CF09F55008A64502F46D0072
:20351000EB09C82408C402856D001E0A82123C01009002483B000490DA108B8F0000C21083
:203530003B8000308204821A3B8000B04B056111BBD0CC2C9BC2D4234B214120821C3C4083
:203550004B0C41114B1851D04B0561114B1D51104B0131E1F6E23C364B0E41114B1D51D0C7
:203570004B0561116B0131FD82014B1F01F0AE064B0561F16B0F311D3C074B0561F16B0F84
:2035900031FD67FFBF1F7F3E03003C1C3FE018004B1201F016068B0F20F26E1102C402EB12
:2035B0000212DA143FEF0C00BBD0CCFC9BCFDCF34BF101F0370F61F06E023C04C21C7FC999
:2035D000C17FF6459A197EC3029402EBF6457F3E0400821402EB4B0661F1BBA099099B909F
:2035F000E1034B0F41503B00018002893C1C9A193B007102E2F04BB001220B6280000B0004
:20361000C0014B0041114B1501F0370F61F16E0402984B0041517F620600DA107E923C014C
:203630003C04C2F9FF39E57FDA03C2FF7E94DA107E8282385A8B92F3DA087F3F04003B80C6
:203650000030FF23030082233B0000249BC2612482153C143B007102E2504BB00102A27048
:203670000B00C0014B0041114B120110370161F16E04025A4B004121C2157F53ED7FDA006F
:20369000C2F437046800370F06F0C2FA370A6800370F02F3C2F837086800370F04F4C2F391
:2036B00037036800370F03F68200370F81F76C44009002483B000490DA108B8F0000C210AA
:2036D0003B8000308204821A3B8000B04B056111BBD0CC2C9BC2D4234B214120821C3C40E2
:2036F0004B0C41114B1851D04B0561114B1D51104B0131E1F6E23C364B0E41114B1D51D026
:203710004B0561116B0131FD82014B1F01F0AE064B0561F16B0F311D3C074B0561F16B0FE2
:2037300031FD67FFBF1F7F3E03003C1C3FE018004B1201F016068B0F20F26E1102C402EB70
:203750000212DA143FEF0C00BBD0CCFC9BCFDCF34BF101F0370F61F06E023C04C21C7FC9F7
:20377000C17FF6459A197EC3029402EBF6457F3E0400821402EB4B0661F1BBA099099B90FD
:20379000E1034B0F41503B00018002893C1C9A193B007102E2F04BB001220B6280000B0062
:2037B000C0014B0041114B1501F0370F61F16E0402984B0041517F620600DA107E923C01AB
:2037D0003C04C2F9FF39E57FDA03C2FF7E94DA107E8282385A8B92F3DA087F3F04003B8025
:2037F0000030FF23030082233B0000249BC2612482153C143B007102E2504BB00102A270A7
:203810000B00C0014B0041114B120110370161F16E04025A4B004121C2157F53ED7FDA00CD
:20383000C2F437046800370F06F0C2FA370A6800370F02F3C2F837086800370F04F4C2F3EF
:2038500037036800370F03F66C4E009002483B000490DA408B0F0200C2103B80003082041B
:20387000821A3B8000B04B056111BBD0CC2C9BC2D4234B214120821C3C404B0C41114B18A5
:2038900051D04B0561114B1D51104B0131E1F6E23C364B0E41114B1D51D04B0561116B0162
:2038B00031FD82014B1F01F0AE064B0561F16B0F311D3C074B0561F16B0F31FD67FFBF1FFD
:2038D0007F3E03003C1C3FE018004B1201F016068B0F20F26E1102C402EB0212DA143FEF11
:2038F0000C00BBD0CCFC9BCFDCF34BF101F0370F61F06E023C04C21C7FC9C17FF6459A1958
:203910007EC3029402EBF6457F3E0400821402EB4B0661F1BBA099099B90E1034B0F4150BA
:203930003B00048002893C1C9A193B007102E2F04BB001220B6280000B00C0014B0041112E
:203950004B1501F0370F61F16E0402984B0041517F620600DA407E923C013C04C2F9FF3904
:20397000E57FDA03C2FF7E94DA407E8282385A8B92F3DA207F3F04003B000230FF23030097
:2039900082233B0000249BC2612482153C143B007102E2504BB00102A2700B00C0014B0043
:2039B00041114B120110370161F16E04025A4B004121C2157F53ED7FDA00C2F437046800EA
:2039D000370F06F0C2FA370A6800370F04F4C2F837087000370F06FBC2F337036800370FAB
:2039F00005F88200370F81F76C440090534420F060FF9140003F30F3D93280483C01009061
:203A1000370668F037FF08F837056800370F08FC37046800370F08F0894F04793C01094F12
:203A300045786F0FFEFF00902010F4A4405CD4C2F4424CC1D4A26C2109CFC808AC24DA001C
:203A5000892F0A09D42FD4FDD4AF481F530F22F010DFD9FF00013C010CCDBF9F04808218FF
:203A70003C028208820909CF5C086E0709CF5C081E3409CF5C085E228219820A09CF5C0885
:203A90001E1709CF5C081E3409CF5C085E2609CF6C0816011E12821A09CF6C082E04DA010B
:203AB00078033C03DA007803DA007801820B09CF6C0816019E11DA00780109CFC808BF2F0C
:203AD00005807693DA017801820B09C0C808BF20048076A2821B820C09C0C808BF2005802B
:203AF00058036E02821C820D4CCDEE044CC1921E3C0309CE340909C0C8089AF042EF7802D5
:203B1000825440F46DFFDDFB820440F46DFFD9FB821440F46DFFD5FB822440F46DFFD1FB35
:203B3000823440F46DFFCDFB824440F46DFFC9FB826440F46DFFC5FB3B80004040F46DFF4C
:203B5000C0FB8224D4A2D42209250808C215D4A20926040940D46DFF55FF768F82248205BB
:203B700009C6100940D46DFF4DFF8224820509C6140940D46DFF46FF09CFC808BF2F13807A
:203B9000DA003C0C12E68224D4A2D42209250808C21540D46DFF36FFC21F09C0C8083F0F57
:203BB000F3FF09CF5C086E0409CF5C085E35827440F46DFF3DFCDF0A180009CF6C08160153
:203BD0009E133B90004040F46DFF32FC3BA0004040F46DFF2DFC826440F46DFF29FC8254E6
:203BF00040F46DFF25FC09CF5C081E1409CF5C085E3B09CF6C0816011E173BB0004040F4BA
:203C10006DFF16FC3C063BB0004040F46DFF59FB09CFC808DF1F228058036E0FDA0414F0B3
:203C300037F004F034FF4CCCEE05D4A24C21921D3C0309CD30093C10D4C20C296E087687B1
:203C5000DA0514F037F004F034FF3C06DA0014F037F004F034FF3C1758016E07DA0114F0B5
:203C700037F004F034FF3C0F76B7DA0214F037F004F034FF3C0876C7DA0414F037F004F0C2
:203C900034FF3C01820009CF68086E0376928210020F6E0382103C028200082F370F01F08D
:203CB0002CF2820009CF6A086E0376A28210020F6E0382103C028200082F370F81F02CF20F
:203CD00009CF5C08BA3F6E0382103C028200082F370F81F22CF2D4C20C296E1EDF081D0073
:203CF000DA016E03DA013C02DA0014F037F001F334FF09C04D08083F370F04F02CF309CF8D
:203D1000580816016E03DA013C02DA0014F037F081F234FF3C0709C04D08083F370F04F005
:203D30002CF309CFC808DE195803EE170CCC370FE1F06E0382103C028200082F370F81F3B2
:203D50002CF20CCC16016E0382103C028200082F370F01F32CF23C13DA006E0382103C028A
:203D70008200082F370F81F32CF2DA006E0382103C028200082F370F01F32CF209CFC808CE
:203D9000DE1EDF0811004CC50840370F68F037F008F02CF44CC40850370F68F037F008F0C4
:203DB0002CF53C0C58036E08086F370D6800370F08F02CF63C03DA006CF13C20084F370EC8
:203DD0006800370F08F02CF4D4A2892E0A0908500CA837F008F02CF5086F370E6800370F17
:203DF00008F02CF65801EE0276B9580292F0087F37006800370F08F02CF709C01E090CCEF4
:203E100016016E0382013C033B200110483F0F100000370F1DF06CF30CCE370FE10008FF7C
:203E3000370F81F22CFF09C022090CCE16016E0382013C033B200110486F0F100000370FEE
:203E50001DF06CF60CCE160109F05B0837F081F289FF1B0809CF660809F05B0837F002F393
:203E700089FF1B08DA006CF4DA006CF509C06908088F370F04F02CF809C06B08088F370FCA
:203E900004F22CF8D4A24C210890370F68F037F008F02CF958016E1D82083C171A8E530FD0
:203EB00022F010D2D92E00013C01827440E46DFF08FA09C04D080CE3370F04F02CE3DA0001
:203ED0006CE4DA006CE5C21809CFC8083FF8E8FFDF0B7F0082083C780B8E0090530922F079
:203EF00010D2D92E00013C01823014E1370104F034EFD4A24C2109E04608370F68F037F0B6
:203F100008F02CE609C04D080CE3370F04F02CE3DA006CE4DA006CE509C01E090CCE1601FB
:203F30006E0382013C033B2001104CE30F100000370F1DF06CE30CCE370FE1000CEF370FA0
:203F500081F22CEF09C022090CCE16016E0382013C033B2001104CE60F100000370F1DF09B
:203F70006CE60CCE160109E05B0837F081F289EF1B0809CF660809E05B0837F002F389EF47
:203F90001B083B90004040E46DFF52FA825440E46DFF4EFA5FE908803BA0004040E46DFFDE
:203FB00047FA3C063BA0004040E46DFF8AF909CF5C081E1409CF5C085E363BB0004040E4B3
:203FD0006DFF36FAC21809CFC8083FF887FF09CF5C08EE09826440F46DFF2AFA825440F40F
:203FF0006DFF26FA09CFC808BF2F248082093C1D0B9E0080530822F010D2D92E00013C014A
:20401000F6B5825440E46DFF13FAF6CE09C0C8089AF07E9302E83C02C2180CE437086800E1
:20403000370F08F02CE4C21909CFC8083FF9E2FF58036E3009CF6E0816016E0382103C02E7
:204050008200081F370F01F12CF109CF6E08370FE1F06E0382103C028200081F370F81F14B
:204070002CF109CF6E08370F61F16E0382103C028200081F370F81F02CF109CF6E08370FDB
:20409000E1F16E0382103C028200081F370F01F02CF182023C010090F445DA006C41DA0114
:2040B000AC44DA082C4DDAFC6C44DAFD6C45094F5808B70F01F0894F18080C4EB70F01F01F
:2040D0002C4E0C4EB70F81F02C4E0C4CB70F01F02C4C0C4CB70F81F02C4CBBF0FFFF9BFF7A
:2040F000FFF7894F1E09DA00894F2209DA00894F1C08DA02894F2608DA00894F2808DA006A
:20411000894F2908DA00894F2A08DA00894F2B08DA006C4D094F6C08B70F01F0894F2C089B
:20413000094F6E089601894F2E08094F6E089602894F2E08094F6E089604894F2E08094FBA
:204150006E089608894F2E08DA006C4C0090094FC808BF2F1680D44FD4FF094F0A09530F9C
:2041700022F010FFD9F400013C016DFFCEF8370268F02E0382123C0282023C013C14D44F09
:20419000D4FF4C41530F22F010FFD9F400013C016DFFBBF8370268F02E0382123C028202EA
:2041B0003C013C010090094FC808BF2F1680D44FD4FF094F0A09530F22F010FFD9F4000187
:2041D0003C016DFFA2F8370268F42E0382123C0282023C013C14D44FD4FF4C41530F22F0EC
:2041F00010FFD9F400013C016DFF8FF8370268F42E0382123C0282023C013C010090404CF0
:20421000405D09CFC808BF2F058009CF0A093C024CC1D4C2D422530F22F0102FD9FF000188
:204230003C01820440F46DFF4CF840F440D56DFF70F86F820C0009CFC808BF2F0880084F38
:2042500016FF3C0189CF0A093C013C010090404F405C09FFC808BF2F118009F80A09D4F22B
:20427000D422481F530F22F01022D92400013C0182546DFFDDF83C024818D4F2D422530824
:2042900022F01022D92400013C0191000027D922C470F42409FFC808BF2F068040C56DFFD3
:2042B000CEF83C0440C56DFF6BF8DF02118009FFC808BF2F0D8091000027D922C470D42272
:2042D0000C2416FF3C0189FF0A093C013C0100902008404C405DD4D209DF04083B00100071
:2042F000E20F1022D92F00803C018208D4D2F4C2ECC109DF04082CC8DA002CC9DA4174FFEE
:2043100009DF76086E03DA013C02DA0014F037F081F034FF09DF78086E03DA013C02DA0028
:2043300014F037F001F134FF09DF7A086E03DA013C02DA0014F037F081F134FF0CD514F09A
:204350008B0F20F237F081F334FF14FFB70F01F034FFDA006CF209D07708089F370F04F065
:204370002CF909D07908088F370F04F22CF809D07B08088F370F04F02CF809D07D08089F61
:20439000370F04F22CF909D07F0808AF370F04F02CFA7B0006F06CF509FF5408B70F08F041
:2043B00089FF140809FF5508B70F08F089FF150809DF750809F0560837F008F089FF160800
:2043D0000CD608D08B0F20F237F001F02CFD4CDC6E0F09D5B00909D4740809D5401840F427
:2043F0006DFF87F87623DA003C02DA04A6F84CDA6E0F09D5A80909D42C0809D5401840F4E8
:204410006DFF5FF87623DA003C02DA04A6F8D4C2F4A249A4000A6D001A01022909DF500886
:20443000EE0C09D5080909D6CC0809D7CE0840F402946DFF70F83C3F821014FF960134FF92
:20445000760382103C028200081F370F81F02CF114FFB70F01F034FFDA012CC909D51409BE
:2044700009D6DA0809D7D80840F402946DFFF0F909D51C0909D6E20809D7E00840F402942E
:204490006DFF19F909DFE4086E1609DFE40809F07D08370F68F037F004F089FF3D08DA0183
:2044B0006E03DA013C02DA0009F07D0837F081F389FF3D08DA0109F05A0837F082F189FF4A
:2044D0001A0809DF7C086E03DA013C02DA0009F05A0837F001F389FF1A0814FFB70F01F3ED
:2044F00034FF02823C010090D45FF44FDA002C44DA002C46DA002C453B90D0F3065F6C4230
:204510003B00F4F1AC463B007DF0AC47DA00894F10083B90D0F3065F6C453B007DF0AC4CD0
:204530003B00F4F1AC4D3B90D0F3066F6C473B007DF0894FA0083B00F4F1894FA208DA00F8
:20455000894FA408A00FEC4ADA10894F2C08A00FEC4CDA80894F3408DA01894F0018DA00F2
:20457000894F3608DA00894F3708DA00894F3808DA00894F3908DA00894F3A08DA00894F99
:204590003B08DA00894F3C08DA00894F3D08DA00894F3E08DA00894F3F08DA60894F35089B
:2045B0000090404C405DD4C2092F4878160F3C012CD4DF1F3C806D009E029130002F392F23
:2045D0003406160FEE0382003C0A913000FF39FF3406160F4B0F41F14BF251003C01D4CF62
:2045F00008DF370F62F33C01D4CF09F1CC0837016A103C015E1B3B0040F0A21F4B0F41F15B
:204610004BF051F089DF06093C105E2C4B0161F14BF041F07B0048044B0F51F089DF0609DE
:204630003C04DA0089DF06093C105E266D00C70189D206093C0A5E466D00E80189D20609C0
:204650003C04DA0089DF06090090205049A5000A6DFFA9FF09A206093C010090404C405DFD
:20467000D4DFF4CF0CD4DF1FD2806D005C0202287B0048F409D006094B0851006B0031FFB1
:2046900082004B0F01F0AE0A7B0048F409D006094B0851006B0031FF3C02DA00BB00000CC8
:2046B0009BF047044B0F01F0370F61F06E187B0048F409D006094B0851006B0031FF82004C
:2046D0004B0F01F0AE0A7B0048F409D006094B0851006B00314F3C0282043C05BB00004C8D
:2046F0009BF447446D00960A02293B0040F0A29F4B0F41F14BF851A009DF06097B0048042E
:204710004B0F41F04B8F51F0BB00000C9BF047044B0F01F0AE06BB00004C9BF447443C09E1
:2047300009DF06097B0048044B0F41F04B8F51406D00700A4B0261F14BF841F07B004804F4
:204750004B0F513009DF06096B0A31FF82004B0F01F0AE0609DF06096B0A310F3C0709DF7A
:2047700006096B0A31FF67FFBF0F09DF06096B0331FF82014B1F01F0AE0609DF06096B03B5
:2047900031FF3C0709DF06096B0331FF67FFBFFF4BF001F016038B0F20F26E023C02022913
:2047B0006E0382183C0282286D005E06022A02A46D00AF0414FFB70F01F034FF14FF960885
:2047D00034FF3C0114FF370FE1F0BA0F3C016EFBDA0009F0487837F004F089FF0878DA012F
:2047F00009F0487837F004F089FF087809FFCC08379F0AF0ACF608DF37086800370F02F3B6
:204810002CFD02A46D0050063C01D4C23C01092F45786F0FFEFF82003C08534020F010F20B
:20483000DA00892F0059C210BF80F9FF09FF4978B70F04F289FF097882FF89FF00798208DA
:204850003C2B40F402846DFFD3F8534820F010D409404C08534820F010D4094FCA081421D6
:20487000370F68F037F108F0342F0C21370F81F12C210C2396022C23534820F010D4094FD8
:20489000CA086E050C2196042C213C050C21B70F01F12C21C218DA103FF8D5FF82023C01AC
:2048B0000090404CF4C5DA012CC46D003C0189C2060982003C0C534020F010CFDA00ACF57D
:2048D000534020F010CFDA002CFCC210DA103FF0F4FF0090404F0B4510A849FC100A82401E
:2048F0004B0A01828F3A00F1538F20C09140002FD922000E7D2F08009140002FD922004E4E
:204910007D2F15806D00B005022F02F46D00010409F0201982110FA1101082F2C621261065
:2049300089F0201902F46D00BF05534820F010CFDAFF0FCF00F00FCB10B002F302B249F2DF
:2049500040080090404F0B4510886D008D05022A02A46D00DE0349FF001ADA084BF801024F
:204970008F7800F1534F2040534020F010FFDA0F0F4F00F00F49109002F3029249F2400840
:2049900002A46D009105009002486D000B018200DA003E823C06913000FF19F000263C037F
:2049B00082023C0176094B0061F17B0028044B0F51F04BF241203C010090910000F7D9FFFD
:2049D000301054FF4B0F61213C010090913000FF39FF3706370F62F2EE06BB00C22B9BE2A3
:2049F000CB243C11913000FF39FF3706370F62F25E19910000F7D9FF301054FF4B0F612156
:204A10003C0282023C010090913000FFD9FF00066DFFDEFF09FF640816015E1A09FF6E088F
:204A3000167FC21F4B0F41F14BF251203C2409FF6408370FE1F15E1EBB00C20B9BE0CB047C
:204A500009FF6C08167FC21F4B0F41F14BF051203C1209FF6908370FE5F0C21F4B0F41F1CD
:204A70004BF2410009FF6C08167FC21F4B0F41F14BF051203C010090913000FFD9FF000613
:204A90006DFFA6FF09FF540816015E1A09FF5E08167FC21F4B0F41F14BF251203C2909FF77
:204AB0005408370FE1F15E1EBB00C20B9BE0CB0409FF5C08167FC21F4B0F41F14BF051200A
:204AD0003C1709FF5908370FE7F0C21F4B0F41F14BF2411009FF5C08167F921009FF5B08E4
:204AF000160FC21FE2F04B0041F14BF151203C010090913000FF39FF3306370F62F282008A
:204B10003E0482103E083C0ABB00C22B9BE2CB243C013C066DFFB2FF3C0382023C013C0138
:204B300000906DFFE8FF913000FF39FF3106370F6402DA003E0CDA01BE0CDA02BE0FDA0358
:204B50005F0F2200DA045F0F24003C27913000FF39FF3206160FEE0382023C0A913000FF12
:204B700039FF3206160F4B0F41F14BF251203C177B001FF44BF251203C127B0027F44BF2A6
:204B900051203C0D7B002FF44BF251203C087B0037F44BF251203C0382023C013C0100909A
:204BB0006DFFA9FF913000FF39FF3106370F6402DA003E0CDA01BE0CDA02BE0FDA035F0F39
:204BD0002200DA045F0F24003C27913000FF39FF3106160FEE0382023C0A913000FF39FFC9
:204BF0003106160F4B0F41F14BF251203C177B001FF44BF251203C127B0027F44BF25120EE
:204C10003C0D7B002FF44BF251203C087B0037F44BF251203C0382023C013C010090404FFB
:204C3000820891000027D922301009FF0019742F6D001A0402296D002B04022A02946D00A2
:204C500068029130002F392F3046370FE1B19130002F392F304696089130002FE92F30464A
:204C700002946D00210402A46D007B023C019130002F392F3306370FE1F3EEFA9130002FAC
:204C9000392F3306B70F02F29130002FE92F33069130002F392F330696409130002FE92FF9
:204CB00033069130002F392F180696109130002FE92F18063C019130002F392F3306370F55
:204CD000E1F3EEFA9130002F392F3706B71F02F29130002FE92F37069130002F392F3706CF
:204CF00096409130002FE92F37066D009B01A62802A46D000004DF08698102A46D00310284
:204D10003C019130002F392F1406370FE1F26EFA9130002F39201C0608AF37F007F0913052
:204D3000002FE92F1C069130002F39201B06088F37F004F09130002FE92F1B069130002FC5
:204D500039201906089F37F087F09130002FE92F19069130002F392F180696409130002F23
:204D7000E92F18069130002F392F1A06B70F01F09130002FE92F1A069130002F392F180620
:204D900096209130002FE92F18069130002F392F1A0696019130002FE92F1A069130002F00
:204DB000392F1A0696049130002FE92F1A06BB70714B9B1485436D0092013C019130002F0E
:204DD000392F1406370F61F16EFA9130002F392F1806B70F01F09130002FE92F18063C01B1
:204DF0009130002F392F3306370FE1F3EEFA9130002F392F3306B71F02F29130002FE92FAD
:204E100033063C019130002F392F3306370FE1F3EEFA48346D0063019130002F19203006CD
:204E3000485F82F1C61F26F0485F4841261FA6F0DA0137F0020EDA0137F0010F9130002F2E
:204E5000D922300674203C019130002F392F3706370FE1F3EEFA9130002F19203406487F7F
:204E700082F1C61F26F0487F4861261FA6F0DA0137F0020EDA0137F0010F9130002FD9225A
:204E9000340674203C019130002F392F0316370FE1F3EEFA9130002F19200016489F82F1EB
:204EB000C61F26F0489F4881261FA6F0DA0137F0010F9130002FD922001674203C019130B7
:204ED000002F392F0F16370FE1F3EEFA9130002F19200C1648BF82F1C61F26F048BF48A154
:204EF000261FA6F0DA0137F0010F9130002FD9220C1674209130002F1920002648DF82F12B
:204F1000C61F26F048DF48C1261FA6F09130002FD9220026742002A46D00ED029100802F94
:204F30001920140248FF82F1C61F26F048FF82F1C61F26F048FF48E1261FA60F02946D003B
:204F5000E8009100802FD9221402742F02946D00AB02820C3C3702A46D0003013C0191309F
:204F7000002F392F1406370FE1F26EFA9130002F39201C0653CC20F0C8121022142F37F0DF
:204F900007F09130002FE92F1C0602A46D00B30253CC20F0C81210224C226E0953CC20F0C9
:204FB000C8121022092288092D02000053CC20F0C8121022092402096D009100C21C370C58
:204FD00068C014FF3FFCC9FF02A46D00CA00913000FF39FF1806B70F01F3913000FFE9FF2E
:204FF000180602A46D00870202946D009200913000FF39FF2C469608913000FFE9FF2C4630
:20501000913000FF39FF304637BF81F1913000FFE9FF304602946D00470202823C010090EF
:205030003B00288082096D001F02022A913000FF39F01006B7008202913000FFE9F010064F
:20505000913000FF39F01206910000F7D9FF301054F13B005AF29B6F02F04BF111229AF2DC
:20507000370F68F037F005F0913000FFE9FF1206913000FF39FF10069604913000FFE9FF56
:2050900010063C05C2F8F68382193C0D913000FF39FF10066F1FF87F913000FF39FF110670
:2050B0006F0FF27F02A46D003400913000FF39FF2C469608913000FFE9FF2C46913000FFC8
:2050D00039FF30469608913000FFE9FF304602A46D00EA0102923C01009002486DFF0BFD39
:2050F000913000FF39FF3506160F4B0F41F14BF251F03C014B8F41F04B0F71F185F11000B4
:205110003C0185F01000A2103FF0FDFF00904DC0E1FF16073C0153CF20F060FF9130003F78
:2051300030F3D93F004654FF2E1B8F2420F0960154F0370070088F002100A60F74FF862473
:205150008F2440F154F0370070088F002100A60F74FF3C0154FF1601DF1FFE7F009091301D
:2051700000FF19FF30366F1F12008F2420F09601913000FF19F03036370070088F0021001A
:20519000A60F913000FF59FF303686248F2440F1913000FF19F03036370070088F002100B0
:2051B000A60F913000FF59FF30363C01913000FF19FF30361601DF1FFB7F00904DC0E1FF25
:2051D00016073C01913000FFD9FF004653CF20F010FF54FF2E1B8F2420F0960154F03700D5
:2051F00070088F002100A60F74FF8F2420F0960254F0370070088F002100A60F74FF3C01EC
:2052100054FF1601DF1FFE7F084F96082CF454FF2E1B8F2420F0960154F0370070088F000C
:205230002100A60F74FF86248F3440F154F0370070088F002100A60F74FF3C0154FF6F0F9E
:20525000FF7F0090913000FF19FF30366F1F12008F2420F09601913000FF19F03036370092
:2052700070088F002100A60F913000FF59FF30368F2420F09602913000FF19F03036370002
:2052900070088F002100A60F913000FF59FF30363C01913000FF19FF30361601DF1FFB7F99
:2052B000913000FF39FF34369608913000FFE9FF3436913000FF19FF30366F1F12008F243B
:2052D00020F09601913000FF19F03036370070088F002100A60F913000FF59FF30368624AC
:2052F0008F3440F1913000FF19F03036370070088F002100A60F913000FF59FF30363C01AC
:20531000913000FF19FF30366F0FFC7F00904DC0E1FF16073C01913000FFD9FF004653CF6F
:2053300020F010FF54FF2E1B8F2420F0960154F0370070088F002100A60F74FF8F2420F0BA
:20535000960254F0370070088F002100A60F74FF3C0154FF1601DF1FFE7F084FB70F81F129
:205370002CF454FF2E1B8F2420F0960154F0370070088F002100A60F74FF86248F3440F19E
:2053900054F0370070088F002100A60F74FF3C0154FF6F0FFF7F0090913000FF19FF3036D8
:2053B0006F1F12008F2420F09601913000FF19F03036370070088F002100A60F913000FFE0
:2053D00059FF30368F2420F09602913000FF19F03036370070088F002100A60F913000FFA1
:2053F00059FF30363C01913000FF19FF30361601DF1FFB7F913000FF39FF3436B70F81F13B
:20541000913000FFE9FF3436913000FF19FF30366F1F12008F2420F09601913000FF19F069
:205430003036370070088F002100A60F913000FF59FF303686248F3440F1913000FF19F0FD
:205450003036370070088F002100A60F913000FF59FF30363C01913000FF19FF30366F0F4B
:20547000FC7F00904DC0E1FF16073C0153CF20F060FF9130003F30F3D93F004654FF370F1F
:205490006EF18FFF83213C013C010090913000FFD9FF303654FF370F6EF18FFF83213C01FC
:2054B0003C0100904DC0E1FF16073C0153CF20F060FF9130003F30F3D93F004654FF2E1B1A
:2054D0008F2420F0960154F0370070088F002100A60F74FF86248F3440F154F03700700806
:2054F0008F002100A60F74FF3C0154FF6F0FFF7F0090913000FF19FF30366F1F12008F2417
:2055100020F09601913000FF19F03036370070088F002100A60F913000FF59FF3036862469
:205530008F3440F1913000FF19F03036370070088F002100A60F913000FF59FF30363C0169
:20555000913000FF19FF30366F0FFC7F0090F647094F40189601894F00183C08DF14078042
:20557000094F40189604894F00180090208049A4000A91000057D955D8706DFFB7F73B9077
:20559000D0F3065F7802DA012CA4911001F8D9FFF419F80ADA1089AF2C08911001F8D9FF65
:2055B000DC29F80CDA8089AF3408910000F7D9FFD87049F4100A49A5000A6DFF8BF649A433
:2055D000041A910000F7D9FFD87049F5100A6DFF65F5DA0178123BB02BF089AF2619BBF04A
:2055F000FFFF9BFFFFF789AF2219DA0089AF2018DA0889AF111809AF5218B70F01F089AFFC
:20561000121809AF5218960289AF121809AF5C18B70F01F089AF1C18DA0189AF2C18DA03B1
:2056300089AF2D18910000F7D9FFD870D9F43C0149A5041A6DFFFAF149A4041A910000F735
:20565000D9FFD87049F5100A6DFF28F5DA0078123BA03AF089AF2619BBF0FFFF9BFFFFF720
:2056700089AF2219DA0189AF2018DA0889AF111809AF5218B70F01F089AF121809AF5218BC
:20569000960289AF121809AF5C18B70F01F089AF1C18910000F7D9FFD870D9F40C1149A531
:2056B000041A6DFFC3F19140004FD944400B8244DA803B000850A6F56DFF0EF982046DFF61
:2056D00008DC0090208049A4000A91000057D955D8706DFF0BF73B90D0F3065F7802DA009C
:2056F0002CA4911001F8D9FFE019F80ADA1089AF2C08911001F8D9FFC829F80CDA8089AF0E
:20571000340891000047D944D870B04449A5000A6DFFE0F549A4041A91000057D955D8706A
:20573000B0456DFFBBF482083C4353C820F0910000F7D9FF200010FF09FFC008781253C811
:2057500020F0910000F7D9FF200010FF09FFC20889AF2619BBF0FFFF9BFFFFF789AF2219A5
:20577000DA0189AF2018DA0889AF111809AF5218B70F01F089AF121809AF5218960289AF5E
:20579000121809AF5C18B70F01F089AF1C18530821F0910000F7D9FFD87010FF49F43C0ADA
:2057B00049A5041A6DFF42F1C21837086880911001F8D9FF327A09FFC0083FF8B8FF49A464
:2057D000041A91000057D955D870B0456DFF66F482083C4953C820F0910000F7D9FF0800E0
:2057F00010FF09FFC008781253C820F0910000F7D9FF080010FF09FFC20889AF2619BBF09A
:20581000FFFF9BFFFFF789AF2219DA0089AF2018DA0889AF111809AF5218B70F01F089AFD9
:20583000121809AF5218960289AF121809AF5C18B70F01F089AF1C18DA0189AF2C18DA0191
:2058500089AF2D18530821F0910000F7D9FFD87010FFD9F4BC0049A5041A6DFFE7F0C218E6
:2058700037086880911001F8D9FF307A09FFC0083FF8B2FF9140004FD944008A8234DA8046
:205890003B000850A6F56DFF27F89140004FD944008A8224DA803B000850A6F56DFF1CF8CA
:2058B0009140004FD944008A82443B0001506DFF13F882046DFF29DB0090205049A4000A5B
:2058D0009120005FD95500086DFFEDF7DA28ACA7DA0089AF1008DA29ACA9DA0089AF14081D
:2058F000DA2AACABDA0089AF1808DA2BACADDA0089AF1C0891000047D944D87049A5000A42
:205910006DFFAEF66DFF34FE6DFFDEFE91000047D94460B06D00430491000047D94458C0BB
:205930006D003D04009091000047D94434106DFF78F9910000F7D9FFF4826DFF9FF84B02DD
:2059500071F16CF34DC0E1FF8F7F00413C01910000F7D9FFF4826DFF19F84B0271F16CF49B
:20597000910000F7D9FFF4826DFFDDF84B0271F16CF16DFFC0F8913000FF39FF3506370F57
:2059900064F24B0F41F14BF251F03C01910000F7D9FFF4824B0F71F16CF2910000F7D9FF0A
:2059B000F4826DFFFFF84B0271F16CF66DFFA3F8913000FF39FF3506160F4B0F41F14BF2C5
:2059D00051F03C01910000F7D9FFF4824B0F71F16CF70090404C0B451068821809C44009B0
:2059F000911001F8D9FF80C909F040090B0410F10B1580F2EE03DA003C294DC0E2FF370F94
:205A1000E1F78B0F20F23C010D00400300003C013C0185F010008203020285F12C008200B9
:205A3000A620A6313C01911001F8D9FF80C909F24009262026316E030D0000033C010B40D7
:205A500050F10B5100F20B1590F23C016E4A82050264538720F0910000F7D9FF48A010FFE2
:205A700009F640096DFFC6D2911001F8D9FF80C909F040090B0210F10B1380F2EE08911098
:205A900001F8D9FF80C909F040093C274DC0E2FF370FE1F78B0F20F23C010D0040030000F2
:205AB0003C013C0185F010008205020485F12C008200A640A6513C01911001F8D9FF80C951
:205AD00009F44009264026516E030D0000033C010B2040000B3150103C0189C04009820875
:205AF00002823C0100906DFFD3D7910000F7D9FF48A009F46809FBA000606DFF7BD2911024
:205B100001F8D9FF80C909F040090B0210F10B1380F2EE08911001F8D9FF80C909F0400988
:205B30003C274DC0E2FF370FE1F78B0F20F23C010D00400300003C013C0185F01000820527
:205B5000020485F12C008200A640A6513C01911001F8D9FF80C909F44009264026516E03A2
:205B70000D0000033C010B2040000B3150103C01910000F7D9FFE49289F04009910000F764
:205B9000D9FF48A009F46809FB4006606DFF32D2911001F8D9FF80C909F040090B0210F1AB
:205BB0000B1380F2EE08911001F8D9FF80C909F040093C274DC0E2FF370FE1F78B0F20F237
:205BD0003C010D00400300003C013C0185F010008205020485F12C008200A640A6513C015E
:205BF000911001F8D9FF80C909F44009264026516E030D0000033C010B2040000B315010F2
:205C10003C01910000F7D9FFEC9289F040090090B70408FC3704E80BB71F811BDA7F3FF020
:205C30000580DA967F0F0480820200908B6009F1325F0FF100103701702000909110014871
:205C5000D944B41A1D0002008208404F8209820A820BC81CC82D483C09FF1001DF1F238056
:205C700080CF160180D08F100001FE046E04C2FC04DF24CF76CF8F3C00018FEC1FF06E09A4
:205C900002F140D2C2F16014442164C1FC4E90DD020CDF0CE07FC2FC60C204DF24CFFC2E4F
:205CB0003CD9DE2580CF2E03C2FC24C9DF0CD37F8F3C00F106EC76C5C2FC60C264CAFC2F32
:205CD0006EC9C2FF60F224CBFC2F3CC48F0F1F00DF002E008F3F0001DF102B8080CF8F3F00
:205CF00000D180DF1603FEDB76DB02D440C440D56D00530001CD00C601DD00D6A2DC76CF67
:205D10008F3C00018FEC1FF06E0902F140D2C2F16014442164C1FC4E90DD020CDF0C9B7F26
:205D300002C440C440D56D0038003C9400901603DF2F91FF80CF16036E0702F440C46D0074
:205D5000150010CCA2FCDF0C867F8F3C004106EC76C5C2FC60C264C8FC2FDF047C7F40C462
:205D70006D0004001DFF77FF3BF00F00804F1603063F0FF0100082FFC6F0C2F4604F804F2F
:205D9000B70F02F060F2B014542F260F742F77000004FCF60090804F16033BF00F008F3FDD
:205DB00000100F10100082F1C610C2F4604F8041B7010220095101008F3F0030B0140F31EE
:205DD00010106022C21F542216032602A612742277000004FDF0ED7F00904DC0E2FFB70F13
:205DF0008107CDC0E20F0D00C00485F2100085F32C00CDCFE20F0D00C00400906DFF48D619
:205E10000090910000F7D9FF48A009F06809820702460B0110486DFFEDD00B2310486DFFE0
:205E3000CCD60090911001F8D9FFD43954FF744F911001F8D9FFD439481F745F82123C0101
:205E500000902008DA0074AFDA00780149A4000A49A5040A6DFFE8FFDF120A8054AF60F412
:205E70008204580154A052056D00221A0090910000F7D9FFD8A209F264383C0100909100E0
:205E900000F7D9FFD8A2DA0034FF910000F7D9FFD8A2081F5E196DFFD6FF910000F7D9FF83
:205EB000D8A2DA002CF182046D006C008204A0043BF00F50A0056D006C00910000F7D9FF70
:205ED000D8A291000027D922F49289F2B039910000F7D9FFD8A249F4343A82043B400150C4
:205EF0006D00E61991000047D944F4923BF00F403B4002506D00DC190090024F404F025838
:205F10006DFFB7FFDF120200A0027DF2028002F440F402856DFFD2E537026880DF1810804D
:205F30008224A0043BF00F50A0056D003200910000F7D9FFD8A2DA012CF23C07910000F79B
:205F5000D9FFD8A2DA002CF202823C010090910000F7D9FFD8A289F40C39910000F7D9FF9A
:205F7000D8A289F51039910000F7D9FFD8A289F41439910000F7D9FFD8A289F518390090F3
:205F9000910000F7D9FFD8A289F424380090910000F7D9FFD8A289F42538910000F7D9FF9A
:205FB000D8A22835910000F7D9FFD8A289F5AC39910000F7D9FFD8A289F4A8390090911054
:205FD00001F8D9FF88E954FF3FF40C80911001F8D9FF88E909FF14397FF4048082123C035B
:205FF00082023C01009082123C0100903C09144F1450C2F43E0352020090B014B015DF048C
:20601000F8FF82020090DF043000404FBF842780804F8F3F000180518F3100115F101F808B
:206030002E06C2F4045F344F494F010A80FF2E16045F24FFC2E4045F24FF8F7400018FD401
:206050001FF06E0B02F14052C2F160160922480189F24801FC6CD05502047646C2F460421B
:20607000045F24FFFC2E40420090404FBF852380804F2E05C2F53444494F010A80FF2E1443
:2060900024F4C2E524F48F7500F106D5DF051200D200764A370468008F802010A6108F009A
:2060B0002110A6100201C2F5605289F04801FC2E02F57655C2F5605224F4FC2F4042009011
:2060D0003BD0E604910000F79B601C0419FF04303B900313030F0AF159FF0430370F6F2875
:2060F0000090910000F759F404300090404F6DFF76FE0B23104891000027192F00301EF62E
:2061100061FF0FD06DFF8ECF422FBCF274FF02F20090014530F4EE06015400F6014F30F434
:20613000EE0B3C06095F0008344FB015B014024FC2F4EEF93C0D3C0A014400F60154002665
:20615000092F3FF889FF3FF8C2F4FF14F77F00903C033444B014025FC2F5EEFC0090404F96
:20617000405C481FC21F82404B0F010254FF7E1440F46D001400481F53CF20F010F249246A
:20619000080A3BC0004040C56DFFC5FF481FC21F82404B0F010268110090DA006C41DA009C
:2061B000744F0090404F481F54F07E0382023C1554FF53CF20F010F24922080A3BC00040AD
:2061D000405440256DFFA7FF54FFC21F82404B0F010274F182123C01009002523C0100906A
:2061F000DA003C1A104F14F0861037006800104F14F1911001F8D9FF3A7A10FF14F2C62141
:20621000911001F8D9FF3A7A10FF14F2C620105F420134F1C21FBF4FE7FF00902008DA000F
:206230003C0D10AF1042142091100128D9223E7A10221421C61034F0C21FBF4FF4FF0CA252
:206250008FFF00010CA216F0A6F0345014AF160F8F4F20000CA116F086CFA6F0895001086B
:206270000CA18F0F0F010CA316F086CFA6F08950020814AF160F8F4F20000CA3160FA6F0E0
:2062900089500308009020080248404F8219820034A07684A0027DF2038082096D00F90BFE
:2062B00091000027D922E0E254208F000100A602820034A03C0C14AF10F214AF531F20F005
:2062D000570268FF342F14AFC21F34AF14AF3F8FF4FF02923C01009082186DFF30D1820492
:2062F0006DFF32D35E13DA0B3C02DA0A8F882020A6F23C0100900C5514408B0004008950CC
:2063100004082C5582208950820882003E0882103E0D8220BE028230BE073C1D910000F77C
:20633000D9FF2830DA0034FF3C1D910000F7D9FF2830DA0134FF3C16910000F7D9FF2830E7
:20635000DA0234FF3C0F910000F7D9FF2830DA0334FF3C0814443B20015040546D00E305DA
:206370003C01910000F7D9FF283014F46DFFDFD40090144F8B0F04F02C540C550950C2086C
:20639000BF30098014443B30015040546D00CB053C1F5E1CDA012C55DA02AC51910000F7FE
:2063B000D9FF2040DA0134FF3C135E2CDA022C55DA02AC51910000F7D9FF2040DA0234FFA9
:2063D0003C0714443B20025040546D00AC050090404C405F0858DA01BE8082205F802600D8
:2063F00082305F804100DA81BE85DA825F8F3400DA835F8F43003C4914C08B0004F02CF419
:206410002858DA02ACF182146D00870582146D00930582146D00810582146D008D05DA81D0
:206430007E83DA00ACF13C3882346D00B600DF12090014C43B30035040F46D0074053C2C75
:2064500014CF8B0F04F02CF42858DA02ACF182246D00630582246D006005DA827E83DA0078
:20647000ACF13C1A14CF8B0F04F02CF42858DA02ACF182446D00510582446D004E05DA8323
:206490007E83DA00ACF13C0814C43B20015040F46D0049053C010090F6466DFF49D0022409
:2064B0006DFF92D000900C5514408B000400895004082C5582003E0682103E0582303E0633
:2064D0003C083C0E6D003D0A3C0B6DFFB9CF3C0814443B20015040546D0025053C010090EF
:2064F0008F842080A658DA1B3FF805003BE00F203C1EFF8805803BC00F203C1902846D0088
:206510009B00F6243BD00F203C12538820F0911001F8D9FF88E910FF54F46DFF15E137026E
:2065300068F06E0382023C0382123C010090DA0C344F91100128D922FC593C01009091007D
:2065500000F7D9FF144009F2C4083C010090910000F7D9FF144009F2C6083C010090910099
:2065700000F7D9FF144014FF5E1382123C0282023C010090910000F7D9FF1440081F26F44C
:20659000910000F7D9FF1440081F7E4382123C0282023C010090910000F7D9FF1440082F41
:2065B000264F7E4382123C0282023C010090910000F7D9FF144014FF26F4910000F7D9FF31
:2065D000144014FF7E4382123C0282023C0100902008404C911001F8D9FF028A49FF000A5C
:2065F00049A2000AA03404FF242FFC4EDF14098049AF000A405440F56DFFF4FD3C0CDF2433
:20661000098049AF000A405440F56DFF09FE3C0382023C10DA003C0A10CF14F010AF14F1CD
:206630005F10040082023C06C21FBF4FF7FF82123C01009002486DFF82CFDF120B808202C4
:20665000DA173FF80680DA1A3F8F038082123C098202BF880680DA163F8F038082123C01FB
:206670000090404C405F820808A982003C088F88008001F000260C26A6F8C210BF40F9FF07
:206690000B8910486DFF2CDE762714C43B10035040F46D00480414C08B0004F02CF4608233
:2066B00082003C079A1010F4142F2C44B012C2103F90FAFF9A19ACF100902050404C405DCF
:2066D00082180CD68FFF009116F08FCF1FA009D1C2089A3912A07F010980820814C43B30ED
:2066F000015040D46D001F04DF189F8091000027D92208408200742082003C1E91000027DA
:20671000D9220840910000F7D9FF084054FF8F8F00F0742F91000027D9220840910000F7F7
:20673000D9FF084054F101D000F6087FA6F17421C210370068003F90E3FF910000F7D9FFE8
:20675000084091000027D9220840542FB70F08FC7B00000AA60F74FF910000F7D9FF084044
:2067700054FF7B000002A20F7B0001083F0F0A807B0002087F0F068082146DFFE5D03C049C
:2067900082046DFFE1D06DFFDACE022F6DFFD0CE5F2F2180DA0049A4000A6DFF51D0DF1279
:2067B00012806DFFCCCEF62858023BA05A059BA05A053A0F3C0758033BA05A059BA05A052A
:2067D0003A0F6E0814C43B20025040D46D00AB038208910000F7D9FF0840DA006CF282004A
:2067F0003C2191000027D9220840910000F7D9FF0840482F8F8F00F06C2291000027D922C3
:206810000840910000F7D9FF084048229A30129101D100F6084FA6F289220809C210370025
:2068300068003FA0E0FF910000F7D9FF084054F46DFFC7FBDF120B80910000F7D9FF0840E0
:2068500048246DFFD2FBDF120B00DF18098014C43B10035040D46D0066038208DF18228084
:2068700082146DFF8FFB910000F7D9FF084054F4910000F7D9FF084048256DFF6AFB14CFC3
:206890008B0F04F02CD4DA102CD5DA802CD6DA03ACD1910000F7D9FF0440DA0174FF3C0685
:2068B0006DFFEFFA82046DFF6DFB0090404C405FDA016DFFDEFADF220900DA0014C43B4008
:2068D000025040F46D002F035E1B82346DFF5AFB14CF8B0F04F02CF4DA01ACF13C036DFFDF
:2068F000D0FA0090910000F7D9FF144091100128D922347A092FC40891100128D922347A90
:2069100014204B0F0102A8200090404D405F085F09F0C208FF200A8014D43B30015040F4A7
:206930006D0001031D000D0282103E0982205F0F740182305F0FC5011D00FC016DFF9BDD68
:2069500009FFC208FF4F0A8014D43B30015040F46D00E9021D00F501086F8F8F2000087FFE
:20697000A6F0BBF0FFFD5F0FED00BB00F0FF5F0F4700BB10F0FF5F0FB900BBD0FFFF3E0365
:206990001D00420182346DFF08FEDF120A0014D43B30035040F46D00C6021D003C0109FFF3
:2069B000C208FF4F0A8014D43B30015040F46D00BA021D003001910000C7D9CC10306DFF2D
:2069D0008DFCB4C2DA712CF4DA012CF5DAFF2CF6DAFD2CF791000027D9221030092FC00859
:2069F000868F2CF891000027D9221030092FC00816FF2CF9DA06ACF11D000D0182746DFF17
:206A1000CCFDDF120A0014D43B30035040F46D008A021D00000109FFC208FF6F0A8014D4FF
:206A30003B30015040F46D007E021D00F400910000C7D9CC1030088408956DFF53FDB4C2C0
:206A500091000027D92210300920C008DAFE7E0914D43B10035040F46D0065021D00DB005D
:206A700091000027D92210300920C008DAFC7E0914D43B30035040F46D0055021D00CB003F
:206A900091000027D92210300920C008DAFD7E0914D43B40025040F46D0045021D00BB002F
:206AB00091000027D9221030092FC008EE0914D43B20075040F46D0036021D00AC00DA7155
:206AD0002CF4DA012CF5088F8F8F2000089FA6F0288091000027D9221030092FC0082CF9B8
:206AF000DA06ACF11D00970082746DFF56FDDF120A0014D43B30035040F46D0014021D002B
:206B10008A0009FFC208FF4F098014D43B30015040F46D0008023C7EDA712CF4DA012CF5C2
:206B3000088F8F8F2000089FA6F0288091000027D9221030092FC0082CF9DA06ACF13C6A50
:206B500082746DFF2AFDDF12090014D43B30035040F46D00E8013C5E09FFC208FF8F0980EF
:206B700014D43B30015040F46D00DD013C536DFFE6CC0228088F8F8F0100089F8F0F0110FF
:206B9000A61008AF8F8F0010A61008BFA60FF6867B2000487BE000503C057B0001487B008E
:206BB00001506DFFBFCCBE2491000027D9221030DA00B42FDA712CF4DA012CF5DADF2CF6A9
:206BD000DAFF2CF7DA002CF8DA05ACF13C237B10005002846DFF0ACE02846DFF9CCE91003E
:206BF0000027D9221030DA01B42FDA712CF4DA012CF5DADF2CF6DAFF2CF7DA012CF8DA0549
:206C1000ACF13C0814D43B20015040F46D008B013C011D00960091000027D9220C30086F6C
:206C3000342F086FEE0914D43B20025040F46D007A011D00860009FFC208FF3F098014D49E
:206C50003B30015040F46D006E013C7A0860DA90BE0FDAA03E023C3382746DFF9EFCDF12ED
:206C7000090014D43B30035040F46D005C013C27DA712CF4DA022CF5DAA02CF6DA03ACF176
:206C900091000128D922682689F29C293C18BB504AFA91300027F92FFCFD91300027D922D2
:206CB000FCFDDA712CF4DA022CF5DA902CF60C212CF70C222CF8DA05ACF13C013C4191006E
:206CD0000027D9220C30142FEE0814D43B20025040F46D0028013C34DA712CF4DA032CF5D5
:206CF00091000027D9221030092FC0088F8F3EF016FF2CF691000027D9221030092FC0081B
:206D10008F0F3FF016FF2CF791000027D9221030092FC008868F16FF2CF891000027D9226A
:206D30001030092FC00816FF2CF9DA06ACF13C0814D43B20015040F46D00F5003C01009011
:206D5000024F6D0094117E28910000F7D9FF1440DA012CF13C116D0082117E28910000F7F3
:206D7000D9FF1440DA022CF13C07910000F7D9FF1440DA002CF10090404C405F085F82103C
:206D90003E0C82205F0F2A0082305F0F4B0082405F0F68001D008A0014CF8B0F04F02CF424
:206DB000824491000047D94408306DFF6EFADF120E8049F4060A91000057D955083082441C
:206DD0006D005412DA06ACF13C0714C43B50035040F46D00A8003C7049F4060A9100005730
:206DF000D955083082146DFFF5FBDF12148014CF8B0F04F02CF4DA02ACF191000047D944A7
:206E10000830821482456D00531282346D0094003C0714C43B50035040F46D0084003C4C9E
:206E300014CF8B0F04F02CF4824491000047D94408306DFF2AFADF120E8049F4060A9100D1
:206E50000057D955083082446D001012DA06ACF13C0714C43B50035040F46D0064003C2C2D
:206E700049F4060A91000057D955083082246DFFB1FBDF12148014CF8B0F04F02CF4DA02B7
:206E9000ACF191000047D9440830821482456D000F1282746D0050003C0714C43B50035081
:206EB00040F46D0040003C0814C43B20015040F46D0039003C0100902018911001F8D9FFC8
:206ED000068A49FF000A49A2000AA07404FF242FFC4EDA00ACA4DA00ACA53B80004049A4DA
:206EF000000A49A5080A49A60A0A6D00A710DF12138009AFC808ACA649A40E0A49A5000AF6
:206F10003B8000406DFF07F949A40C0A6DFF7ACF6D00AA0D0090910000F7D9FF144034F4B2
:206F30000090DA7F2C448944050889450608DA03AC410090910000F7D9FF14402824009048
:206F5000910000F7D9FF144091000027D9221440092FC408A24FACF20090910000F7D9FFE3
:206F7000144091000027D9221440092FC608A24FACF30090095FC2081E2814443B300150F4
:206F900040546DFFD0FF3C1F0C5582003E053B0008003E0D3C1114408B00040089500408EE
:206FB0002C55DA02AC516DFF9FFC3C0DDA00AC516DFF9AFC3C0814443B20015040546DFFF6
:206FD000B2FF3C010090404C405D82196DFF51F7DF120B00DF190980820914C43B400250FE
:206FF00040D46DFFA0FF91000027D922044091000047D94404405440C210742009D0C20895
:20701000C2E037006880910000F7D9FF084054F449D4060A02856DFF72F7DF120C00DF1931
:207030000A80820914C43B20025040D46DFF7BFF3C17910000F7D9FF084091000027D922FE
:2070500008405420428074F091000027D9220840910000F7D9FF0840482FA28F6C229100D4
:2070700000F7D9FF0840482FEE0CDF190B80910000F7D9FF0440DA0074FF82246DFF82F779
:20709000DF19098014CF8B0F04F02CD4DA04ACD13C0C6DFFF6F682046DFF74F7910000F70E
:2070B000D9FF0440DA0074FF009020A88208911001F8D9FFDC3949FF000A49A2000AC504DE
:2070D000270044FF642FFC4E8209820089A0202849A4000A49A5020A49A6040A6D00D70F9A
:2070F000DF120D806DFF3DFADF1204006DFFFCFB09A4C0086DFF26FE3C031D00850049A434
:20711000202A6DFF16FA402C09A044083C5B538820F010CF14F15F1053808219538820F00A
:2071300010CF08246DFF28FADF120B0009A444083B10015049A4000A6DFFF5FE3C4A53885E
:2071500020F010CF08146DFF34FADF120B0009A444083BF0075049A4000A6DFFE4FE3C3949
:20717000538820F010CF08346DFF17FADF120B0009A444083B30035049A4000A6DFFD3FE95
:207190003C28A00FF827A002538820F010CFC81F7DF20E00538820F010CFC81F538820F041
:2071B00010C449A5000A2D0F00003C0809A44408824549A4000A6DFFB6FE3C0BC21837083C
:2071D000688009AF60287FF80580A00F7DCFA1FFDF190A0009A444083B10015049A4000A52
:2071F0006DFFA1FE09AFC2086E0E6D00480FB4A209A4C00809A49C2909A5C20849A5040A01
:207210006D00F00F00906DFF9CF9762482146DFF99FE6DFF9EF9762482146DFFA0FE009061
:20723000404C405D820014CF8B0F04F02CD40CD58F8F20800CD6A6F809DFC208FF4F0A8079
:2072500014C43B30015040D46DFF6DFE1D00FC0082091D00E90053C920F091000027D92216
:207270002C301022092FC0085F8FDA8009D0C208C2D053C920F0910000F7D9FF2C3010FFFC
:2072900008BF7F0F0A0014C43B30015040D46DFF4AFE1D00D90053C920F0910000F7D9FFA1
:2072B0002C3010FF082FEE0914C43B20025040D46DFF39FE1D00C80053C920F0910000F750
:2072D000D9FF2C3010FF083FDF1F3B8053C920F0910000F7D9FF2C3010FF09F4060949D43B
:2072F000070A09DFC208C2DF370F68506D00AD00F62914C43B20075040D46DFF14FE1D00AA
:20731000A30053C920F0910000F7D9FF2C3010FF082F5E2A53C920F0910000F7D9FF2C301C
:2073300010FFDA002CF253C920F0910000F7D9FF2C3010FF09DFC208C2DF2CFA3C6553C909
:2073500020F0910000F7D9FF2C3010FF083FDF2F3A8053C920F0910000F7D9FF2C3010FF3C
:2073700009F4060949D4070A09DFC208C2DF370F68506D006A00F62814C43B20075040D4DF
:207390006DFFD1FD3C6053C920F0910000F7D9FF2C3010FF082F5E2A53C920F0910000F79D
:2073B000D9FF2C3010FFDA002CF253C920F0910000F7D9FF2C3010FF09DFC208C2DF2CFA12
:2073D0003C2382003C1153C920F0910000F7D9FF2C3010FF09FF0609600F10F201D000F629
:2073F000087F342FC21009DFC208C2DF3FF0ED7F53C920F0910000F7D9FF2C3010FF09DFF4
:20741000C208C2DF2CFABB00F0FF268F868F2CD58FF80FF12CD6DA03ACD13C15C210370019
:207430006800C219BF2919FF760814C43B10035040D46DFF78FD3C0714C43B20025040D434
:207450006DFF71FD0090404F025840F402856DFFC6F6F629DA003C0510F282003420C21FF3
:207470003F8FFC7F3C010090A00F7D6F03803C23A00F7D5F0500A00F7D4F0580DA04346F58
:207490003C1AA00FD4527D2F0680F454DA00346F3C12D45F3C077DF40580DA05346F3C0B37
:2074B000C84FA002C8457D52F8FFE844A00FEC44DA00346F009020080B451088404CA00FCD
:2074D000F4AFA00F7DCF04801D00A5003B004A00910000F7D9FF487009F1C008A210910016
:2074F00000F7D9FF284001F000F680FF16038B48010042F0910000F7D9FF487009F1C008E6
:207510007F010680DA0334CF1D00850049A4000A029440C56D009B0014C0F604DA0534CF89
:207530003C796E0D910000F7D9FF487091000027D92248700920C008A2F0B4F03B004AF0EC
:20755000910000F7D9FF487009F0C008A20F910000F7D9FF284010FFF4AFD4AFB4F9D4AF64
:20757000A002E842D4AFA818D4AFDA00ACF2D4AFDA00ACF3D4A23B004AF0910000F7D9FFAA
:20759000487009F0C008A20F910000F7D9FF284010FF49FF140AEC23D4AFDA002CF83B00A9
:2075B0004AF0910000F7D9FF487009F0C008A20F910000F7D9FF284010FF49FF140A3B007F
:2075D0004AF091000027D92248700920C008A20F91000027D92228401022012F20F080FF48
:2075F000370F70F042F837087000910000F7D9FF487091000027D9224870092FC008A20FB8
:20761000B4FFD4A491000057D955244040C66DFF2DFF00902008404CA00FF4AFA00F7DCF86
:2076300003803C1349A4000A40C56D00100014CF6E023C0BD4AFDA002CF8D4AFD4A2092FA3
:20765000C608ACF2DA0034CF0090A00F7D5F03803C1AA00F7D4F0580DA04345F3C1491008B
:2076700000F7D9FF2440D4FF3C0909FFC0087E45DA00345FF44F3C07C84FA0027DF2F7FF0B
:20769000DA02345F00902008404C405DA00FF4AFA00F7DDF03803C3BA00F7DCF0580DA04D5
:2076B00034DF3C3549A4000A40D56DFFD0FF14DF6E023C2DD4AF088FDE1ED4AF09FFC408B6
:2076D000D4AF09F0C6087FF00E80D4AF09FFC208D4AF09F0C408A20FD4AF09F0C608420F6A
:2076F0003C08D4AF09FFC608D4AF09F0C408A20FB4CF3C0BD4AF088F5E26D4AF09FFC20827
:20771000B4CF3C03DA00B4CFDA0034DF00902008404C405DA00FF4AFA00F7DDF03803C3B15
:20773000A00F7DCF0580DA0434DF3C3549A4000A40D56DFF8CFF14DF6E023C2DD4AF088F6E
:20775000DE1ED4AF09FFC408D4AF09F0C6087FF00A80D4AF09FFC408D4AF09F0C608A20F31
:207770003C0CD4AF09FFC208D4AF09F0C408420FD4AF09F0C608A20FB4CF3C0BD4AF088FE4
:20779000EE06D4AF09FFC208B4CF3C03DA00B4CFDA0034DF009020080B451088404C405DBB
:2077B000406EA00FF4AFDA00ACA2A00F7DEF03803C61A00F7DCF0600A00F7DDF0300F694BD
:2077D000DA0434EF3C5749A4040A028440E56DFF5CFF14EF6E023C4E49A4000A028440E5F9
:2077F0006DFF35FF14EF6E023C4509AFC4087FF903803C0309A9C40889A98408B4D98200DC
:207810003C2501C00026D4AFC83FD4A4094FC40810FF14FF342FD4AFD4A2092FC408C21F87
:20783000ACF2D4AF09FFC408D4AF09F1C2083F1F0B80D4AFD4A2092FC408D4A20921C208AC
:20785000A21FACF2C2103700700009AFC4083FF0DAFFD4AF09FFC608D4AF09F0C4087E0590
:20787000D4AFDA002CF83C04D4AFDA012CF8DA0034EF009020080248404C0259405DA00F83
:20789000F4AFDA00ACA2A00F7DDF03803C58A00F7DCF0580DA0434DF3C5249A4040A02846B
:2078B00040D56DFF36FF14DF6E023C4909AFC4087F9F0580DA0334DF3C4249A4000A028408
:2078D00040D56DFFC4FE14DF6E023C3982003C25D4AFC83FD4A2092FC60810FF01C000269E
:2078F000142F34FFD4AFD4A2092FC608C21FACF3D4AF09FFC608D4AF09F1C2083F1F0B80FA
:20791000D4AFD4A2092FC608D4A20921C208A21FACF3C210370070003F90DCFFD4AF09FFE0
:20793000C608D4AF09F0C4087E05D4AFDA022CF83C04D4AFDA012CF8DA0034DF009091301B
:2079500000FF39FF20169602913000FFE9FF20163C013C003C013C000090024F0B56108868
:2079700091000148D944A6676DFFDBC90BF8104802966D00380900906D009D00DF12068031
:207990006D00D20B6DFF41FC6D0080096DFF8FFB6DFF94FA00900944C0083B800050B0247A
:2079B0006D00EB0800900D0000026D002D00910000F7D9FFD492D4F4910000F7D9FFD492CA
:2079D00008446DFFC6ED910000F7D9FFD492D4FD910000F7D9FFD4920848910000F7D9FF1F
:2079F000D4924829534820F010DC534820F010DF48CF534820F010DF48CF429F6CCC0D0081
:207A100040020080910000F7D9FF507054FFC21F370F70F06E1A910000F7D9FF5070910061
:207A30000027D9225070542FC21F74FF910000F7D9FF507054FF82E03F0F0880910000F74A
:207A5000D9FF5070DA0174FF910000F7D9FF4C7054FFC21F370F70F06E1A910000F7D9FF52
:207A70004C7091000027D9224C70542FC21F74FF910000F7D9FF4C7054FF82E03F0F08804D
:207A9000910000F7D9FF5070DA6474FF009085FF100085F02C008200A60F3C01911001F832
:207AB000D9FF80C909F040090F0F80203C013C0100908202910000F7D9FF507054FF6E0D19
:207AD0008212910000F7D9FF507091000027D9225070542FC2FF74FF3C010090A00F9100AB
:207AF0000027D9225890D4227D2F0F00910000F7D9FF5890D4FF2D0F0000910000F7D9FF04
:207B10006090A002F4F26D000500DF120200009020088208DA0034AF3B40074049A4000AC0
:207B30006DFF7AFD14AFEE02821802823C01009020100B451088404CDA00ACA1F6938202DC
:207B50003C353B20054049A4020A49A5000A6DFFE0FD14AFEE0709AFC2088B8900007F0FEE
:207B7000048082023C2389A8840889A98608A00FF8023B20054049A4040A3B80005049A5D4
:207B9000000A6DFF79FE14AF6E0382023C0F3B20054049A5000A40C402956DFF6DFE14AF18
:207BB0006E0382023C0382123C0100902010404F405C406DDA00ACA13B40054049A4020A38
:207BD00049A5000A6DFF61FD14AFEE0809AFC2086E0509AFC208FF8F048082023C353B4021
:207BF00005403B80005049A4040A49A5020A49A6000A6DFFD2FD14AFEE0509A0C208DA08F1
:207C10003E0382023C213B40054009A5C60849A5020A49A6000A40D46DFFBFFD14AFEE0610
:207C300009AFC60809A0C2083E0382023C0D09AFC408B4FF09AFC60834CF09A488096D00C2
:207C50006D0A82123C0100902008404F405C91000027D9220813092FCC0834AF9100004754
:207C7000D944E4E282043B400A506DFF73F291000047D944081382043B400A506DFF6AF2B2
:207C900091000027D9227C70DA00742FA0046D00450A14FFEE16085F86CFEE03DA013C027B
:207CB000DA005E14DA0134CF3C0B085F86CF5E13DA013C02DA005E14DA0234CF3C013C2534
:207CD000910000F7D9FF081349F4080A49A5000A910000F7D9FF081349F60E0A6DFF68FF2D
:207CF000DF121480910000F7D9FF081314AFACF614AFBF8F0480DA013C02DA005E14DA0635
:207D100034CF3C03DA0534CF82023C010090404C405D91000027D922E4E2092FC408EE0347
:207D3000DA013C02DA005E16DA0034DF82321D0021010CC46E0314CF5E1482021D001A019A
:207D50000CC586CFEE03DA013C02DA001E180CC586CF5E13DA013C02DA005E16DA0034DFE8
:207D700082621D00070191000027D922E4E2092FC80809C0C2083E053B9000201D00FA0091
:207D90000CC586CF5E23DA013C02DA001E153B9000201D00EF00910000F7D9FFE4E214F0E5
:207DB0000CC5160F7E03DA013C02DA001E1482421D00E000910000F7D9FFE4E209F0CA0865
:207DD0000CC4C2FF42F0910000F7D9FFE4E209FFCC083FF00400DA013C02DA00DF1F3880F2
:207DF000910000F7D9FFE4E209FFCA08910000F7D9FFE4E210FF49F40E0A49C5060A91003A
:207E100000F7D9FFE4E209F4CC08910000F7D9FFE4E209FFCA08A2F46D00280A910000F72F
:207E3000D9FFE4E209F4C808910000F7D9FFE4E209F5CC08910000F7D9FFE4E249F40E0A54
:207E50006DFF78FEDA0034DF1D009200910000F7D9FF547009FFC8086E10910000F7D9FFBA
:207E7000E4E2081F910000F7D9FF547009F0C8083F0F0480DA013C02DA00DF1F2280910022
:207E900000F7D9FFE4E291000027D9225470092FD20891000027D922547014204B0F0102AC
:207EB000A820910000F7D9FF7C7091000027D922E4E2092FC40874FFDA0734DF3C379100B6
:207ED00000F7D9FFE4E291000027D922E4E2142FC21F34FF910000F7D9FFE4E214F0DA0F1A
:207EF0007F0F0880910000F7D9FFE4E2DA0034FF910000F7D9FFE4E291000027D92254708C
:207F1000092FD60891000027D922547014204B0F0102A820910000F7D9FF7C709100002767
:207F3000D922E4E2092FC40874FF910000F7D9FFE4E209FFCA08910000F7D9FFE4E210FFC4
:207F500049F40E0A49C5060A0CC492F46D008E09910000F7D9FFE4E291000027D922E4E2A5
:207F70000920CA080CC4C2FF42F0A85082023C010090910000F7D9FF081309FFC408EE03AA
:207F9000DA013C02DA005E15DA00345F82323C6D0C446E03144F5E1382023C670C4586CF3F
:207FB0005E33DA013C02DA001E143B9000203C5D0C45160F5E26DA00345F3B8000203C55A4
:207FD000DF1F2180910000F7D9FF081391000027D9225470092FD00891000027D922547079
:207FF00014204B0F0102A820910000F7D9FF7C7091000027D9220813092FC40874FF820203
:208010003C34EE2B910000F7D9FF08130C462CF1910000F7D9FF68900C47B4FF910000F7F7
:20803000D9FF081391000027D9225470092FD40891000027D922547014204B0F0102A820E2
:20805000910000F7D9FF7C7091000027D9220813092FC40874FF3C05DA00345F82523C05BC
:20807000DA08345F82023C0100902008404F405CDA0074AF084F6E0314FF5E143B900020A2
:208090003C67085F86CF5E13DA013C02DA001E143B9000203C5D084440F4B05449A5000ADB
:2080B0006D005B07DF1205003B9000203C5191000027D922E4E209FFC208AC2491000027A0
:2080D000D922E4E254AFAC2691000027D922E4E291000047D9445470094FD20891000047BE
:2080F000D944547014404B0F01028920840891000027D9227C7091000047D944E4E2094FF7
:20811000C408742F91000027D922E4E249240E0A49F5070A084F92E46D00A80891000027F1
:20813000D922E4E291000047D944E4E20940CA08084FC2EF42F089208A08DA0734CFDA0164
:2081500034FFDA002CF4DA00ACF182023C0100902008404F405CDA00B4AF084F6E0314FFAF
:208170005E143B9000203C27085F86CFEE03DA013C02DA001E143B9000203C1D084440F499
:20819000B05449A5000A6D000F07DF1205003B9000203C1109F4C20809A5C00849F4060A98
:2081B0006DFFC8FCF6243B9000203C05DA0034CF82023C010090910000F7D9FF509014FFB8
:2081D000DE17A00F91000027D9225C90D4227D2F0F00910000F7D9FF5C90D4FF2D0F000040
:2081F000910000F7D9FF5C90A002F4F23C0F5E2E910000F7D9FF5090DA0034FF910000F7EF
:20821000D9FF5C90A002F4F23C0100902008405C911001F8D9FF0E8A49FF000A49A2000A20
:20823000A07404FF242FFC4E910000F7D9FF081309FFC208EE03DA013C02DA00EE048202D3
:208250001D00E600910000F7D9FF081309FFC408EE03DA013C02DA005E16DA0034CF8222E3
:208270001D00D600822449A4000A6D00F805910000F7D9FF081314F014AF16F0A6F034A042
:20829000910000F7D9FF081309FFCC08910000F7D9FF081309F0CA08A20F370F68F082342C
:2082B0006D00F00591100148D9445E086D005A05BF7F488049A4010A910000F7D9FF08139A
:2082D00009FFCA08910000F7D9FF081310FF49F50E0A82746D00CA07910000F7D9FF54707C
:2082F000C872910000F7D9FF081309F4C8083B80005049A4000A91100158D955D8D8910081
:2083100000F7D9FF547048662D020000DF120D0082246D00B705A0046D002405DA0034CFF9
:208330003B9000203C74910000F7D9FF081391000027D9220813092FCA08C27FACF53C46DB
:2083500049A4010A910000F7D9FF081309F0CA08910000F7D9FF081301F000F649F50E0A17
:2083700002F46D0083079215910000F7D9FF5470C872910000F7D9FF081309F4C80849A4C6
:20839000000A91100158D955D8D8910000F7D9FF547048662D020000DF120D0082246D00D9
:2083B0007105A0046D00DE04DA0034CF3B9000203C2E910000F7D9FF081391000027D922E4
:2083D00008130920CA0842F0A850910000F7D9FF081391000027D9225470092FCC089100BE
:2083F0000027D922547014204B0F0102A820910000F7D9FF7C7091000027D9220813092FDC
:20841000C40874FFDA0934CF82023C010090910000F7D9FF081309FFCA08910000F7D9FF21
:20843000081309F0CC083F0F0480DA013C02DA005E1C82046D00EC05910000F7D9FF5490DD
:20845000DA0034FF1D008E00910000F7D9FF081391000027D9226890092FC0089100002776
:20847000D922547014204B0F0102A810910000F7D9FF0813081F6E36910000F7D9FF081323
:2084900091000027D92208130C21C2FF2CF1910000F7D9FF0813081FEE25910000F7D9FFDE
:2084B0005490DA0334FF910000F7D9FF081391000027D9225470092FD00891000027D92203
:2084D000547014204B0F0102A820910000F7D9FF7C7091000027D9220813092FC40874FFDE
:2084F0003C40910000F7D9FF081391000027D9220813142FC21F34FF910000F7D9FF0813D5
:2085100014F0DA0F7F0F0880910000F7D9FF0813DA0034FF910000F7D9FF0813910000278D
:20853000D9225470092FD40891000027D922547014204B0F0102A820910000F7D9FF7C703C
:2085500091000027D9220813092FC40874FF82146DFF59EC910000F7D9FF5490DA0834FF26
:2085700000902008405C911001F8D9FF0E8A49FF000A49A2000AA07404FF242FFC4E910001
:2085900000F7D9FFE4E209FFC408EE03DA013C02DA001E1482021D00A200823449A4000A5C
:2085B0006D005D04910000F7D9FFE4E209F0CC08DA967F0F07800CA116F096022CA13C040D
:2085D0000CA116F02CA1910000F7D9FF547009FFC8082CA1910000F7D9FF547009FFC80846
:2085F0006E0C910000F7D9FFE4E291000027D922E4E20C21C21F2CF1910000F7D9FFE4E201
:2086100091000027D922E4E2142FC21F34FF910000F7D9FFE4E214F0DA0F7F0F08809100C0
:2086300000F7D9FFE4E2DA0034FF910000F7D9FF547009FFCA082CA2910000F7D9FFE4E296
:2086500091000027D9225470092FCE0891000027D922547014204B0F0102A820910000F72D
:20867000D9FF7C7091000027D922E4E2092FC40874FF82346D00060491100148D9446CB8DE
:208690006D007003910000F7D9FF5470C872910000F7D9FF547009F4C6083B80005049A4A5
:2086B000000A91100158D955D8D8910000F7D9FF547048662D020000DF120680DA0934CF6A
:2086D00082023C0C82246D00DD03A0046D004A03DA0034CF3B9000203C010090910000F750
:2086F000D9FFE4E209F0CC08DA967F0F0980910000F7D9FF5490DA0034FF3C24910000F73F
:20871000D9FFE4E291000027D9225470092FD60891000027D922547014204B0F0102A8204E
:20873000910000F7D9FF7C7091000027D922E4E2092FC40874FF910000F7D9FF5490DA04CB
:2087500034FF00902008405C911001F8D9FF0E8A49FF000A49A2000AA07404FF242FFC4E7D
:20877000910000F7D9FF081309FFCC08BF8F0480DA013C02DA001E16DA0534CF3B800020DC
:208790003C78821449A4000A6D00690314AF16F034AF14AF910000F7D9FF081309F0CC08F8
:2087B0008680A60F34AF0CA1910000F7D9FF081309F0CC08A60F2CA182346D00630391106A
:2087D0000148D94482286D00CD0249A4020A910000F7D9FF081349F50E0A82646D004605D5
:2087F000910000F7D9FF5470C872910000F7D9FF081309F4C8083B80005049A4000A911020
:208810000158D955D8D8910000F7D9FF547048662D020000DF120D0082246D003303A00425
:208830006D00A002DA0034CF3B9000203C22910000F7D9FF081391000027D9225470092FC9
:20885000CC0891000027D922547014204B0F0102A820910000F7D9FF7C7091000027D92265
:208870000813092FC40874FFDA0934CF82023C010090910000F7D9FF081391000027D922F1
:208890000813092FCA08C26FACF5910000F7D9FF081391000027D9225470092FD00891003E
:2088B0000027D922547014204B0F0102A820910000F7D9FF7C7091000027D9220813092F17
:2088D000C40874FF910000F7D9FF081391000027D9220813142FC21F34FF910000F7D9FF49
:2088F000081314F0DA0F7F0F0880910000F7D9FF0813DA0034FF910000F7D9FF5490DA03A1
:2089100034FF00902008405C911001F8D9FF0E8A49FF000A49A2000AA07404FF242FFC4EBB
:20893000910000F7D9FF081309FFCC08BF8F0480DA013C02DA005E17DA0634CF3B900020C8
:208950001D008700910000F7D9FF081309FFCC08EE03DA013C02DA005E16DA0034CF3B900C
:2089700000203C76820449A4000A6D00780214AF16F034AF14AF910000F7D9FF081309F0CE
:20899000CC08A60F34AF14AFC21F370F68F049A4010A910000F7D9FF081349F50E0A9100BF
:2089B00000F7D9FF081309F4CC086D005F0482346D00680291100148D944A0986D00D20110
:2089D000910000F7D9FF5470C872910000F7D9FF081309F4C80849A4000A91100158D955C2
:2089F000D8D8910000F7D9FF5470486602F52D020000DF120D0082246D004402A0046D0057
:208A1000B101DA0034CF3B9000203C22910000F7D9FF081391000027D9225470092FCC0870
:208A300091000027D922547014204B0F0102A820910000F7D9FF7C7091000027D92208133C
:208A5000092FC40874FFDA0934CF82023C01009082046D00DD02910000F7D9FF5490DA0068
:208A700034FF0090A00F91000027D9226090D4227D2F0F00910000F7D9FF6090D4FF2D0FC1
:208A90000000910000F7D9FF6090A002F4F20090405C910000F7D9FF7C7054FFEE03DA0157
:208AB0003C02DA00DE1BA002910000F7D9FF5470C89F7DF20900910000F7D9FF5470C89F65
:208AD0002D0F000082246D00A30282246D00DA01A0046D004701DA0034CF82023C0100901D
:208AF00020100248404F405C82098200B4A03B40074049A4000A49A5020A6DFFC6F50CA2D8
:208B1000EE3809A0C008BF9035803B4007403B80005049A4040A49A5000A49A6020A6DFF83
:208B30003CF60CA2EE0609A0C008DA087E028219DF1920803B40074049A5000A49A6020A96
:208B5000028540F46DFF29F60CA2EE1309AFC008FE8009AFC6083FF80D80821909A2C409B5
:208B700089C2C009910000F7D9FF6090580274FF02923C01009020180B451088404FDA00CA
:208B9000B4AF824ABF9903803C2C3B20074049A4000A49A5020A6DFFBCF50CA2EE229A4902
:208BB00009A0C0083FF01E0089A8860889A984083B20074049A4040A49A5020A02A56DFFC0
:208BD0005BF60CA26E023C0D3B20074009A5C40849A5020A40F46DFF4FF60CA26E023C0177
:208BF00000902008910000F7D9FF5470A814910000F7D9FF5470A825910000F7D9FF5470B8
:208C1000A8363B6009403B20055049A4000A6DFF54F414AF6E033C013C003B6009403B401B
:208C3000055049A4000A6DFF48F414AF6E033C013C003BC012403B20075049A4000A6DFF21
:208C50003CF414AF6E033C013C003BC012403B40075049A4000A6DFF30F414AF6E033C0110
:208C70003C0000908202910000F7D9FF547009FFC2083E48910000F7D9FF547009FFC40820
:208C90007E4282123C01009020108208911001F8D9FFDC7949FF000A49A2000AA03444FFC4
:208CB000642FFC4E8209910000F7D9FF549014F0DA09BE08910000F7D9FF5470C88F49A4E3
:208CD000020A49A5040A49A6050A2D0F0000DF120A8009A4C2086DFFC7FFDF120480820027
:208CF00034A03C3A910000F7D9FF549014F0538820F0910000F7D9FF408010FF14F15F1044
:208D10001E80A002538820F0910000F7D9FF408010FFC81F7DF21300538820F0910000F70D
:208D3000D9FF408010FFC81F49A4000A91000057D95554902D0F00000229DF690D007697DB
:208D5000910000F7D9FF5490DA0034FFC218370868803C028208BFA8C7FF6DFF2EFA009098
:208D7000910000F7D9FF5C90F4F400902008404C405D406EDA00B4AFDA00ACA182483B2097
:208D9000074049A4000A49A5040A6DFF7EF40CA4EE5D09AFC0083F8F5A803B200740910055
:208DB0000047D9446C9049A5020A49A6040A02856DFFF3F40CA4EE4909AFC0083F8F468077
:208DD0003B200740910000F7D9FF6C9009F5C00891000047D9446C90B04449A5000A49A6F3
:208DF000040A6DFFDAF4910000F7D9FF6C9009F4C2086DFF39FFDF12040082023C2E9100E0
:208E100000F7D9FF6C9009FFC208B4CF910000F7D9FF6C9009FFC00834DFDA003C0C10E2CF
:208E3000910000F7D9FF6C9010FF08403420C21F370F68F0910000F7D9FF6C9009F0C0087F
:208E50003F0FEFFF82123C093C0609AFC008EE030CA46E0182023C0100907647DF14060014
:208E7000DF340400DF240B80144F160F344F144F8644A64F344F82123C0382023C01009069
:208E9000910000F7D9FF509034F4009020180248025A404C405DDA00B4AF911001F8D9FF14
:208EB0000E8A49FF000A49A2030AA07404FF242FFC4E3B000190BF9A048082023C453B40E3
:208ED000074049A4000A49A5020A6DFF22F40CA2EE3909AFC0083F9F368089A88C08DA0838
:208EF000ACA780DF780449A4030A40C502A46D00BD013B40074049A40C0A3B80005049A5A6
:208F1000020A6DFFB9F40CA26E093B40074049A4020A6DFF81F382023C173B40074049A4D6
:208F3000030A3B80005049A5020A6DFFA5F40CA26E093B40074049A4020A6DFF6DF38202DA
:208F50003C0382123C010090910000F7D9FF5090DA0134FF0090BF840980144F86CF5E138E
:208F7000DA013C02DA001E1382023C1C144F160F8F8F20000C41A6F0F60C82013C088F8060
:208F90000000014100F6082FA6F0C211BF41F9FFFF80048082023C028212DF120380745060
:208FB0003C0100908202BF240980144F86CFEE03DA013C02DA001E1382023C28FF9411800B
:208FD000144F160FFF8F0C806E0A82107605C2F40BF450213C04C2E40BF450213C13144F2C
:208FF000160FEE100C413BE003003FF00C806E0A82107605C2F40BF450213C04C2E40BF488
:209010005021DF120380B45F3C010090A00F91000027D9226490D4227D2F0F00910000F7EC
:20903000D9FF6490D4FF2D0F0000910000F7D9FF6490A002F4F200902008405F406C49A578
:20905000000A6DFF4FFDDF12088009AFC008B4FF09AFC208B4CF3C010090910000F7D9FF60
:20907000547009F2C2083C010090910000F7D9FF547009F2C4083C010090910000F7D9FF72
:20909000547009F2C6083C0100902010404F405C406DDA00ACA13B20054049A4020A49A5B0
:2090B000000A6DFFF2F214AFEE0509AFC208FF8F048082023C313B2005403B80005049A473
:2090D000040A49A5020A49A6000A6DFF66F314AFEE0509A0C208DA083E0382023C1D3B2036
:2090F000054009A5C60849A5020A49A6000A40D46DFF53F314AFEE0609AFC60809A0C20836
:209110003E0382023C0909AFC408B4FF09AFC608B4CF82123C010090910000F7D9FF649040
:20913000F4F40090910000F7D9FFE4E209FFC2086E0D910000F7D9FFE4E291000027D9225B
:20915000E4E2092FC208C2FFACF1910000F7D9FFE4E209FFC4086E0D910000F7D9FFE4E23E
:2091700091000027D922E4E2092FC408C2FFACF2910000F7D9FF081309FFC2086E0D9100AA
:2091900000F7D9FF081391000027D9220813092FC208C2FFACF1910000F7D9FF081309FF24
:2091B000C4086E0D910000F7D9FF081391000027D9220813092FC408C2FFACF2910000F724
:2091D000D9FF7C7054FF6E0C910000F7D9FF7C7091000027D9227C70542FC2FF74FF0090BC
:2091F00020100B451088405FDA00ACA18B8900A089A8840889A9860889A488096DFF3FFFE8
:209210005F28040082023C30F69382023C2D3B40054049A4020A49A5000A6DFF7AF214AF01
:20923000EE0509AFC2087FAF048082023C1D3B40054049A4040A3B80005049A5000A6DFFF0
:209250001BF314AF6E0382023C0F3B40054049A5000A40F402956DFF0FF314AF6E03820244
:209270003C0382123C010090404F014530F4EE0601540026014230F4EE0B3C06095F0008C4
:2092900034FFB015B01F024FC2F4EEF93C0D3C0A014400F601540026092F3FF889FF3FF896
:2092B000C2F4FF14F7FF40423C010090404F3C0334F4B01F025FC2F5EEFC40423C0100907A
:2092D00000000000000000000000000000000000000000000000000000000000000000007E
:2092F00000000000000000000000000000000000000000000000000000000000000000005E
:2093100000000000000000000000000000000000000000000000000000000000000000003D
:2093300000000000000000000000000000000000000000000000000000000000000000001D
:209350000000000000000000000000000000000000000000000000000000000000000000FD
:209370000000000000000000000000000000000000000000000000000000000000000000DD
:209390000000000000000000000000000000000000000000000000000000000000000000BD
:2093B00000000000000000000000000000000000000000000000000000000000000000009D
:2093D00000000000000000000000000000000000000000000000000000000000000000007D
:2093F00000000000000000000000000000000000000000000000000000000000000000005D
:2094100000000000000000000000000000000000000000000000000000000000000000003C
:2094300000000000000000000000000000000000000000000000000000000000000000001C
:209450000000000000000000000000000000000000000000000000000000000000000000FC
:209470000000000000000000000000000000000000000000000000000000000000000000DC
:209490000000000000000000000000000000000000000000000000000000000000000000BC
:2094B00000000000000000000000000000000000000000000000000000000000000000009C
:2094D00000000000000000000000000000000000000000000000000000000000000000007C
:2094F00000000000000000000000000000000000000000000000000000000000000000005C
:2095100000000000000000000000000000000000000000000000000000000000000000003B
:2095300000000000000000000000000000000000000000000000000000000000000000001B
:209550000000000000000000000000000000000000000000000000000000000000000000FB
:209570000000000000000000000000000000000000000000000000000000000000000000DB
:209590000000000000000000000000000000000000000000000000000000000000000000BB
:2095B00000000000000000000000000000000000000000000000000000000000000000009B
:2095D00000000000000000000000000000000000000000000000000000000000000000007B
:2095F00000000000000000000000000000000000000000000000000000000000000000005B
:2096100000000000000000000000000000000000000000000000000000000000000000003A
:2096300000000000000000000000000000000000000000000000000000000000000000001A
:209650000000000000000000000000000000000000000000000000000000000000000000FA
:209670000000000000000000000000000000000000000000000000000000000000000000DA
:209690000000000000000000000000000000000000000000000000000000000000000000BA
:2096B00000000000000000000000000000000000000000000000000000000000000000009A
:2096D00000000000000000000000000000000000000000000000000000000000000000007A
:2096F00000000000000000000000000000000000000000000000000000000000000000005A
:20971000000000000000000000000000000000000000000000000000000000000000000039
:20973000000000000000000000000000000000000000000000000000000000000000000019
:209750000000000000000000000000000000000000000000000000000000000000000000F9
:209770000000000000000000000000000000000000000000000000000000000000000000D9
:209790000000000000000000000000000000000000000000000000000000000000000000B9
:2097B000000000000000000000000000000000000000000000000000000000000000000099
:2097D000000000000000000000000000000000000000000000000000000000000000000079
:2097F000000000000000000000000000000000000000000000000000000000000000000059
:20981000000000000000000000000000000000000000000000000000000000000000000038
:20983000000000000000000000000000000000000000000000000000000000000000000018
:209850000000000000000000000000000000000000000000000000000000000000000000F8
:209870000000000000000000000000000000000000000000000000000000000000000000D8
:209890000000000000000000000000000000000000000000000000000000000000000000B8
:2098B000000000000000000000000000000000000000000000000000000000000000000098
:2098D000000000000000000000000000000000000000000000000000000000000000000078
:2098F000000000000000000000000000000000000000000000000000000000000000000058
:20991000000000000000000000000000000000000000000000000000000000000000000037
:20993000000000000000000000000000000000000000000000000000000000000000000017
:209950000000000000000000000000000000000000000000000000000000000000000000F7
:209970000000000000000000000000000000000000000000000000000000000000000000D7
:209990000000000000000000000000000000000000000000000000000000000000000000B7
:2099B000000000000000000000000000000000000000000000000000000000000000000097
:2099D000000000000000000000000000000000000000000000000000000000000000000077
:2099F000000000000000000000000000000000000000000000000000000000000000000057
:209A1000000000000000000000000000000000000000000000000000000000000000000036
:209A3000000000000000000000000000000000000000000000000000000000000000000016
:209A50000000000000000000000000000000000000000000000000000000000000000000F6
:209A70000000000000000000000000000000000000000000000000000000000000000000D6
:209A900000000000000000000000000000000000000002800004000000800280000400002A
:209AB000000003800004000000800380000400000000048000040000008004800004000078
:209AD0000000058000040000008005800004000000000680000800000000078000080000C7
:209AF00000000880000800000000098000080000FFFFFFFFFFFFFF7F000000AFFF1F00AF41
:209B1000002000AFFF3F00AF004000AFFF5F00AF006000AFFF7F00AF008000AFFF9F00AFC5
:209B300000A000AFFFBF00AF00C000AFFFDF00AF00E000AFFFFF00AF000001AFFF1F01AFA3
:209B5000002001AFFF3F01AF004001AFFF5F01AF006001AFFF7F01AF008001AFFF9F01AF7D
:209B700000A001AFFFBF01AF00C001AFFFDF01AF00E001AFFFFF01AF000000A0FF3F00A05D
:209B9000004000A0FF7F00A0008000A0FFBF00A000C000A0FFFF00A0000001A0FF3F01A0BB
:209BB000004001A0FF7F01A0008001A0FFBF01A000C001A0FFFF01A0000002A0FF7F02A053
:209BD000008002A0FFFF02A0000003A0FF7F03A0008003A0FFFF03A0000004A0FF7F04A065
:209BF000008004A0FFFF04A0000005A0FF7F05A0008005A0FFFF05A0000006A0FFFF06A0B5
:209C1000000007A0FFFF07A0000008A0FFFF08A0000009A0FFFF09A000000AA0FFFF0BA0F7
:209C300000000CA0FFFF0DA000000EA0FFFF0FA0000010A0FFFF13A0000014A0FFFF17A098
:209C5000000018A0FFFF1BA000001CA0FFFF1FA0008001F00000000000A203F00100000003
:209C700000000000008001F00100000000B403F00100000001000000008001F00000000048
:209C900000A203F000000000A8000000008001F00100000000B403F000000000A8000000B6
:209CB000040017B7D138000000000000030017B7D138000000000000020017B7D138000006
:209CD000000000001080FF1F1088FF1F000000000000000000000000000000000000000010
:209CF000000000000000000000000000000000000000000000000000000000000000000054
:209D1000000000000000000000000000000000000000000000000000000000000000000033
:209D3000000000000000000000000000000000000000000000000000000000000000000013
:209D50000000000000000000000000000000000000000000000000000000000000000000F3
:209D700000000000000000000000000010070301E063108011070301B664108027060101F0
:209D9000886D1080280703030663108023050301726610802E0601033072108031070103C6
:209DB0001A69108034070307CA66108036070307D66F108037070307BC68108085070303D1
:209DD000826310803E070301846F1080010000000000000000000000000000000C00000025
:209DF00000000000963007772C610EEEBA51099919C46D078FF46A7035A563E9A395649ECB
:209E10003288DB0EA4B8DC791EE9D5E088D9D2972B4CB609BD7CB17E072DB8E7911DBF90EA
:209E30006410B71DF220B06A4871B9F3DE41BE847DD4DA1AEBE4DD6D51B5D4F4C785D3830A
:209E500056986C13C0A86B647AF962FDECC9658A4F5C0114D96C0663633D0FFAF50D088D2A
:209E7000C8206E3B5E10694CE44160D5727167A2D1E4033C47D4044BFD850DD26BB50AA54A
:209E9000FAA8B5356C98B242D6C9BBDB40F9BCACE36CD832755CDF45CF0DD6DC593DD1AB6A
:209EB000AC30D9263A00DE518051D7C81661D0BFB5F4B42123C4B3569995BACF0FA5BDB88A
:209ED0009EB802280888055FB2D90CC624E90BB1877C6F2F114C6858AB1D61C13D2D66B6AA
:209EF0009041DC760671DB01BC20D2982A10D5EF8985B1711FB5B606A5E4BF9F33D4B8E84A
:209F1000A2C9077834F9000F8EA8099618980EE1BB0D6A7F2D3D6D08976C6491015C63E669
:209F3000F4516B6B62616C1CD83065854E0062F2ED95066C7BA5011BC1F4088257C40FF589
:209F5000C6D9B06550E9B712EAB8BE8B7C88B9FCDF1DDD62492DDA15F37CD38C654CD4FBA9
:209F70005861B24DCE51B53A7400BCA3E230BBD441A5DF4AD795D83D6DC4D1A4FBF4D6D3C9
:209F90006AE96943FCD96E34468867ADD0B860DA732D0444E51D03335F4C0AAAC97C0DDDE9
:209FB0003C710550AA41022710100BBE86200CC925B56857B3856F2009D466B99FE461CE09
:209FD0000EF9DE5E98C9D9292298D0B0B4A8D7C7173DB359810DB42E3B5CBDB7AD6CBAC029
:209FF0002083B8EDB6B3BF9A0CE2B6039AD2B1743947D5EAAF77D29D1526DB048316DC7339
:20A01000120B63E3843B64943E6A6D0DA85A6A7A0BCF0EE49DFF099327AE000AB19E077D58
:20A0300044930FF0D2A3088768F2011EFEC206695D5762F7CB67658071366C19E7066B6E78
:20A05000761BD4FEE02BD3895A7ADA10CC4ADD676FDFB9F9F9EFBE8E43BEB717D58EB06098
:20A07000E8A3D6D67E93D1A1C4C2D83852F2DF4FF167BBD16757BCA6DD06B53F4B36B248B8
:20A09000DA2B0DD84C1B0AAFF64A0336607A0441C3EF60DF55DF67A8EF8E6E3179BE6946D8
:20A0B0008CB361CB1A8366BCA0D26F2536E2685295770CCC03470BBBB91602222F260555F8
:20A0D000BE3BBAC5280BBDB2925AB42B046AB35CA7FFD7C231CFD0B58B9ED92C1DAEDE5B18
:20A0F000B0C2649B26F263EC9CA36A750A936D02A906099C3F360EEB8567077213570005B8
:20A11000824ABF95147AB8E2AE2BB17B381BB60C9B8ED2920DBED5E5B7EFDC7C21DFDB0BD7
:20A13000D4D2D38642E2D4F1F8B3DD686E83DA1FCD16BE815B26B9F6E177B06F7747B718F7
:20A15000E65A0888706A0FFFCA3B06665C0B0111FF9E658F69AE62F8D3FF6B6145CF6C1617
:20A1700078E20AA0EED20DD75483044EC2B30339612667A7F71660D04D476949DB776E3E37
:20A190004A6AD1AEDC5AD6D9660BDF40F03BD83753AEBCA9C59EBBDE7FCFB247E9FFB53057
:20A1B0001CF2BDBD8AC2BACA3093B353A6A3B4240536D0BA9306D7CD2957DE54BF67D92377
:20A1D0002E7A66B3B84A61C4021B685D942B6F2A37BE0BB4A18E0CC31BDF055A8DEF022D97
:20A1F00002000100010310278813A9C6139199CD439500000000AA0000000000000000007B
:06A2100000000000000048
:20A218001400DF07000000000000000015004C0700000000000000000A005C070000000057
:20A2380000000000000000000000000003000000B09C1080013B050017B751391001120269
:20A25800F00F3F0312221402FFFFFF0F020000000F000000010000000F000000000000002E
:20A278003F000000D5140000FF7F0000002D310100E1F505000000005AF1010000001C017D
:20A298000070040490F101000100D400007010100000000000000000000000000100010045
:20A2B8000000000000000000010000000000000000000100190019004B0000001900960058
:20A2D800320000009C8E10807C8D1080EC7A108000000000587C1080010000006081108015
:20A2F800020000007A8010800700000072851080040000001E7D10800500000014891080CB
:20A31800060000005487108003000000827F1080080000001C82108009000000A08A108027
:20A33800000000000000000000000000000000000000000000000000000000000000000005
:20A358000000000000000000000000000000000000000000002D3101FFFFFFFF0100000089
:20A3780000000000000000000000A004000000000000000000000000000000000000010020
:20A398000000000000000000000000000000000000000000000000000000000000000000A5
:20A3B8000000000057304C30303034334D42353431333236000001000000000000000000F6
:20A3D800000000000000000000000000000000000000000000000000000000000000000065
:20A3F800000000000000000000000000000000000000000000000000000000000000000045
:20A41800000000000000000000000000000000000000000000000000000000000000000024
:20A43800000000000000000000000000000000000000000000000000000000000000000004
:20A458000000000000000000000000000000000000000000000000000000000000000000E4
:20A478000000000000000000000000000000000000000000000000000000000000000000C4
:20A498000000000000000000000000000000000000000000000000000000000000000000A4
:20A4B800000000000000000000000000000000000000000000000000000000000000000084
:20A4D800000000000000000000000000000000000000000000000000000000000000000064
:20A4F800000000000000000000000000000000000000000000000000000000000000000044
:20A51800000000000000000000000000000000000000000000000000000000000000000023
:20A53800000000000000000000000000000000000000000000000000000000000000000003
:20A558000000000000000000000000000000000000000000000000000000000000000000E3
:20A578000000000000000000000000000000000000000000000000000000000000000000C3
:20A598000000000000000000000000000000000000000000000000000000000000000000A3
:20A5B800000000000000000000000000000000000000000000000000000000000000000083
:20A5D800000000000000000000000000000000000000000000000000000000000000000063
:20A5F800000000000000000000000000000000000000000000000000000000000000000043
:20A61800000000000000000000000000000000000000000000000000000000000000000022
:20A63800000000000000000000000000000000000000000000000000000000000000000002
:20A658000000000000000000000000000000000000000000000000000000000000000000E2
:20A678000000000000000000000000000000000000000000000000000000000000000000C2
:20A698000000000000000000000000000000000000000000000000000000000000000000A2
:20A6B800000000000000000000000000000000000000000000000000000000000000000082
:20A6D800000000000000000000000000000000000000000000000000000000000000000062
:20A6F800000000000000000000000000000000000000000000000000000000000000000042
:20A71800000000000000000000000000000000000000000000000000000000000000000021
:20A73800000000000000000000000000000000000000000000000000000000000000000001
:20A758000000000000000000000000000000000000000000000000000000000000000000E1
:20A778000000000000000000000000000000000000000000000000000000000000000000C1
:20A798000000000000000000000000000000000000000000000000000000000000000000A1
:20A7B800000000000000000000000000000000000000000000000000000000000000000081
:20A7D800000000000000000000000000000000000000000000000000000000000000000061
:20A7F800000000000000000000000000000000000000000000000000000000000000000041
:20A81800000000000000000000000000000000000000000000000000000000000000000020
:20A83800000000000000000000000000000000000000000000000000000000000000000000
:19A8580000000000000000000000000000000000000000000000000000E7
:20A87400010000000000007092A310800100000001000000040000705CA310800400000085
:20A89400010000000800007018A210802C000000010000003400007093A310800100000049
:20A8B400010000003800007094A3108001000000010000003C00007095A31080010000009D
:20A8D400010000004000007096A3108001000000010000004400007060A31080040000009D
:20A8F400010000004800007097A3108020000000010000006800007064A310800C00000025
:20A91400010000007400007044A210804C00000001000000C000007070A3108008000000A0
:20A9340001000000C8000070B7A310800500000001000000D000007078A3108002000000ED
:20A9540001000000D4000070BCA310801100000001000000E8000070CDA310800100000044
:20A9740001000000EC00007090A210801800000001000000040100707AA310800400000065
:20A994000100000008010070A8A2108014000000010000001C0100707EA3108004000000F8
:20A9B4000100000020010070CEA31080010000000100000024010070BCA210800400000067
:20A9D4000100000028010070CFA31080A004000001000000C805007082A31080020000002E
:20A9F40001000000CC05007084A310800800000001000000D4050070C0A2108028000000DE
:20AA140001000000FC0500708CA31080040000000100000000060070E8A21080500000000C
:20AA340001000000500600706FA8108001000000010000005406007070A81080010000001F
:20AA5400010000005806007038A3108010000000010000006806007090A3108002000000F4
:20AA7400010000006C06007048A31080140000000200000080060070000000000600000052
:20AA9400020000008806007000000000CA0000000200000054070070000000004D060000B8
:20AAB40002000000A40D0070000000004823000000000000000000000000000000000000F4
:02000004801763
:0A050000910001E8D9EEF0F0DC0EE6
:0A054000910001E8D9EE2621DC0E3F
:0A0C8000910001E8D9EEB667DC0E22
:20800000910001F8D9FF2E430D00000202F4DC0F000000000000000000000000000000009D
:20802000910001F8D9FF2A330D00000202F4DC0F0000000000000000000000000000000091
:20804000910001F8D9FF26230D00000202F4DC0F0000000000000000000000000000000085
:20806000910001F8D9FF22130D00000202F4DC0F0000000000000000000000000000000079
:20808000910001F8D9FF1E030D00000202F4DC0F000000000000000000000000000000006D
:2080A000910001F8D9FFDAF20D00000202F4DC0F00000000000000000000000000000000A2
:2080C000910001F8D9FF34630D00000202F4DC0F00000000000000000000000000000000B7
:1280E000910001F8D9FF32530D00000202F4DC0F009027
:040000058010002047
:00000001FF
