:0200000480106A
:1200000073646820737468A0036568CA0BC30030009078
:0C002000910001F8D9FFC872DC0F0090BD
:200030003256FF0626003B00FEFF3FF617000F6510308B0602601745802600903256FF06B3
:2000500018003B00FEFF3FF60F000F6500308B060260174580260090A2F63705C13F0F658B
:2000700010200090A2F682030F6500200090DA207FF60700174580360F6400200090A2F62C
:2000900082020F6400300090820C822D3C130757FFCF8755BFDFCE57460546048B1480404E
:2000B0008B05A050CE77460746068B1680608B07A07082028203820082013A260B2700F21D
:2000D0006E023C4F0B6430F10B7500F20B75A0F26E04024002513C453A640B7500F26E03F8
:2000F00082123C3F3B0004E00B6030F10B7100F20B71A0F2DE1087559FFF06116701801F34
:200110008B1FE0060248025906156745805F0614C2FE3CEB0284029506F067101F0006F153
:20013000C21E82087AE86E1D87559FFF06116701801F8B1FE0060B60C0A00B71D0B007BBA7
:200150009FFF06156745805F061406136723803F8B1FE0266E0302A002B1C2183FE8E67FF3
:2001700076C7460346028B1280208B03A030DF2D0B00071DE0FF76F7460146008B108000D7
:200190008B01A010009091000027D92208300926400900706D00573E6D000405912000FF88
:2001B00039FF04C8370FE1F35E1E912000FF39FF04C816075E58910000F7D9FF0000DA01D3
:2001D00034FF3C26912000FF39FF04C8370F61F35E1E912000FF39FF04C816075E389100B8
:2001F00000F7D9FF0000DA0234FF3C12912000FF39FF04C8AE7D912000FF39FF04C8160713
:20021000EE07910000F7D9FF0000DA0034FF912000FF39FF04C8370FE1F35E17912000FF79
:2002300039FF04C816071E5E912000FF39FF04C8370F61F3DE12912000FF39FF04C8160702
:200250005E3C912000FF19FF00C83BE0FB0F260F912000FF59FF00C83C010090D9AAA80F33
:20027000911001F8D9FF141A09F438296D009912911001F8D9FF141A09F400396D00911272
:2002900082246D00C22E8209820A3C29538A20F0911001F8D9FFECD910FF54F8820B3C1473
:2002B000DA2003FB0AF860F4DA20911001F8D9FF141A09F0382903F90A403B0002506D00AC
:2002D0002C14C219C21B538A20F0911001F8D9FFECD910FF481F3FFBE5FFC21A911001F8E8
:2002F000D9FF08BA54FF3FFAD3FF911001F8D9FF5CE949FF000A49A2000AC504337044FF49
:20031000642FFC4E8200911001F8D9FF141A09FF382960FF91100128D922141A092F0019C2
:2003300060F291100148D944141A094F1C29C2CF60F454FF54217E14B04FB0423C0EC2103D
:200350003B301FF03FF004803B301F00534020F010A5F452B04FB042012430F4EEEB19AF5D
:200370004CF0EE163B5062F09B4F02F059AF50F0DA0059AF54F07B00F04A6D0066117B00F2
:20039000F04AD9A450F03B8000506D00C6130090DA008230EE0C3C01910080FF19FF100278
:2003B00082110F011010261FEEF83C023C040D0080043C01DA008210EE0C3C01910080FF40
:2003D00019FF100282110F011010261FEEF83C023C040D0080043C016D00ED2802246D0094
:2003F0005327913000FF39FF20169602913000FFE9FF20163C013C006D00DD2802246D0051
:200410000D29009082F03C118F801F10144FC6F08FF00FF1534F20F0911001F8D9FF0CBA87
:2004300010FF54F0C610B014024FC2F4EEEE82F2C6023C0100903B4002406DFFE5FF3C0189
:200450000090544F745F4C416C514C426C524C436C534C446C544C456C55094FD808AC5CC0
:20047000094FDA08AC5D4C476C574C486C584C496C590090604402546DFFC6FF3C01009099
:20049000205049A4000A6D005E01DF120B80DA00ACAC5807C21F780749A4000A6D00EA015D
:2004B0000090910000F7D9FF040054F23C010090205049A4000A6D004601DF12058009A2E9
:2004D00024093C0382023C010090F6447B2000083C037B000108B70008FC7B00001AA61F9A
:2004F0008B0F02F060FC8B0002F060FF54FF1EF68B0002F060FF54FFEE031D00F9004DC07E
:20051000E2FF3C010D00400300003C016D003F28022802846D009026910080FF39FF2922E6
:200530009680910080FFE9FF2922910080FF39FF2D229680910080FFE9FF2D2202846D006B
:20055000462882014DC0E1FF8F7F00213C01913000FFD9FF004653C220F010FF54F03700B4
:200570006E018FF083313C01913000FFD9FF004653C220F010FF54FF2E1B8F2320F0960185
:2005900054F0370070088F002100A6F074F08F2320F0960254F0370070088F002100A60FFC
:2005B00074FF3C0154FF1601DF1FFE7FDA00761382003C028210370F81F0CD0F04090D0034
:2005D000C004913000FFD9FF004653C220F010FF54FF2E1B8F2320F0960154F0370070084D
:2005F0008F002100A60F74FF86238F3340F154F0370070088F002100A60F74FF3C0154FF1C
:200610006F0FFF7F0D00C00482017617DA009601CD4F20090D00C0044DC0E1FF8F7F00214A
:200630003C01913000FFD9FF004653C220F010FF54F037006E018FF083313C01913000FF41
:20065000D9FF004653C220F010FF54FF2E1B8F2320F0960154F0370070088F002100A6F00A
:2006700074F08F2320F0960254F0370070088F002100A60F74FF3C0154FF1601DF1FFE7FBF
:20069000DA00761382003C028210370F81F0CDCF20090D00C004913000FFD9FF004653C255
:2006B00020F010FF54FF2E1B8F2320F0960154F0370070088F002100A60F74FF86238F33E0
:2006D00040F154F0370070088F002100A60F74FF3C0154FF6F0FFF7F0D00C0040D00800420
:2006F0000D00C0042D0C00003C013C0000902050024F0258EE047B2000483C037B000148E4
:20071000EE047BE000503C037B0001506DFFB4FE022949A4000A6D001600DF121380EE06E6
:2007300089A9080989A810093C0589A90C0989A814095807C21F780749A4000A6D009A0089
:2007500000902028404C9100F0FA9100F0DA49DD004A8208820954F0BB505AFA9BAFA5F543
:200770007E0740F46DFF69FE488F7E22821854D0BB505AFA9BAFA5F57E0D49A5000A40D4CE
:200790006DFF61FE49A4000A6DFF57FE58087E228219DF082400DF092200487F09D01C0951
:2007B0003F0F10803B80024040C440F56D002F2D49C4280A3B80024040D56D00282D3C0CF1
:2007D00040D440C56DFF3FFE49C4280A3B80024040D56D001C2D82123C1F768E3B80024050
:2007F00040C440F56D00132D49C5280A40C46DFF2AFE82123C11769E40D440C56DFF23FE90
:2008100049C4280A3B80024040D56D00002D82123C0382023C0100902050024849A4000A08
:200830006DFF91FFDF12128089A80409DA00ACAC5807C21F780749A4000A6D001B009100EA
:2008500000F7D9FF040074F800902050024F49A4000A6DFF78FFDF120C806E025E19780939
:200870005807C21F780749A4000A6D00030000906D0004003C01009020A0404549A4000A38
:200890003B0005406D00C32C49A4000A6DFFD5FD89A2200949A4000A49A5280A6DFFD3FD90
:2008B0003B0005807B00F04A6D00CF0EDA008210EE0C3C01910080FF19FF100282110F01E9
:2008D0001010261FEEF83C023C040D0080043C017B00F04A49A4000A02856D00B50F3B00D2
:2008F00010409B04F04A49A4004A02856D00AC0FDA008210EE0C3C01910080FF19FF1002FC
:2009100082110F011010261FEEF83C023C040D0080043C0149A4101A6DFF15FFDF120D8078
:2009300049A4101A49A5000A3B8002406D00622CF62382123C0382023C0100909140004F43
:20095000D944000A3B8000403B0008506D005720914000FFD9FF000A7B1000F08F8F20F093
:200970006CF13C01009091000047D944F4C23B40064082556D00C729F62C914000FFD9FFD3
:20099000000ADA0882109B1000000FF0100068100090910000FFBCF16D004021913000FF3C
:2009B00039FF3506160F4B0F41F14BF251F03C013C014B0F3121910000F7D9FF5CA0BB0048
:2009D00010FE9B5F5FF04BF201020B00000889F04009910000F7D9FF5CA0BB0068F99B8FF9
:2009F00009F04BF201020B00000889F04809910000F7D9FF5CA03B90D0F3066F4BF2010232
:200A10000B00000889F05009910000F7D9FF5CA03B50C3F0065F4BF201020B00000889F016
:200A30005809910000F7D9FF5CA03B0071F24BF201020B00000889F06009910000F7D9FFB6
:200A50005CA03B803EF04BF201020B00000889F06809910000F7D9FF5CA0DA644BF201028A
:200A70000B00000889F07009910000F7D9FF5CA0DA0A4BF201020B00000889F07809910043
:200A900000F7D9FF5CA0531220F00BF0000889F04019910000F7D9FF5CA053A220F00BF0D5
:200AB000000889F04819910000F7D9FF5CA0534226F00BF0000889F050190090911001F82E
:200AD000D9FFCCF909F040090B0410F10B1580F2EE08911001F8D9FFCCF909F240093C27B1
:200AF0004DC0E2FF370FE1F78B0F20F23C010D00400300003C013C0185F010008203020219
:200B100085F12C008200A620A6313C01911001F8D9FFCCF909F24009262026316E030D0031
:200B300000033C010B4040200B5150303C013C01911001F8D9FFCCF909F040090B0210F1DD
:200B50000B1380F2EE03DA003C294DC0E2FF370FE1F78B0F20F23C010D00400300003C0143
:200B70003C0185F010008205020485F12C008200A640A6513C01911001F8D9FFCCF909F4A4
:200B90004009264026516E030D0000033C010B2050F10B3100F20B1390F23C016ECA009022
:200BB000201891000047D94474B049A5000A6D00FD2BDF022B0009AFC0083BF07D003E06CF
:200BD00009AFC0083BC07400FE01910000F7D9FF3C0054FF6E0A910000F7D9FF3C00D4FF41
:200BF00049A4000A2D0F00003C10910000F7D9FF380054FF6E0A910000F7D9FF3800D4FF98
:200C100049A4000A2D0F000091000047D9446CC049A50C0A6D00CA2B762549A40C0A6D00FF
:200C30007C000090910000F7D9FF3C00F4F4009082003C1B53C020F0910000F7D9FF080020
:200C500010FF09FFC2083BF07D103E1D53C020F0910000F7D9FF080010FF09FFC2083BC029
:200C700074107E123C01C210911001F8D9FF4CBA09FFC0083FF0E07F82003C3D53C020F04D
:200C9000910000F7D9FF200010FF09FFC2083BC075107E123C2FF64B53C020F0910000F77C
:200CB000D9FF200010FFDA002CF43C24DF140C8053C020F0910000F7D9FF200010FFDA01B7
:200CD0002CF43C18DF240C8053C020F0910000F7D9FF200010FFDA022CF43C0CDF340B806D
:200CF00053C020F0910000F7D9FF200010FFDA032CF4C210911001F8D9FF4CBA09FFC0081B
:200D10003FF0BE7F0090404591000047D9446CC06D00292B00902010404F09F4C0086D00DF
:200D3000CB00BF02560053C220F091000027D922200010220C241E3A53C220F09100002732
:200D5000D922200010220C245E1382123C4391000027D922E8A049243C0A6D00B91A7623BB
:200D700082023C380820083F8F8F20F0A6F0084F8F0F21F0A6F0085F8F8F21F0A6F0086107
:200D9000087F8F8F20F0A6F1088F8F0F21F0A6F1089F8F8F21F0A6F149A2000A09F2C008F5
:200DB000DA08742289A0060989A10A092CA4DA002CAE3C01910000F7D9FFE8A049F43C0A0A
:200DD00049A5000A6D00D81ADA205F2FF57F82123C010090DA003E44DA043E4D3C16914067
:200DF00000FFD9FF400B82407B1000F00F0F10F06CF13C0C914000FFD9FF400B8240DA0131
:200E10000F0F10F06CF13C023C010090DA003E4ADA01BE4BDA025F4F2D00DA045F4F35007E
:200E30003C48914000FFD9FF008A8230DA010F0F10F06CF1914000FFD9FF008A8220DA0135
:200E50000F0F10F06CF13C36914000FFD9FF008A82307B1000F00F0F10F06CF1914000FFEB
:200E7000D9FF008A8220DA010F0F10F06CF13C22914000FFD9FF008A82207B1000F00F0F3D
:200E900010F06CF13C17914000FFD9FF008A82307B1000F00F0F10F06CF1914000FFD9FF10
:200EB000008A82207B1000F00F0F10F06CF13C023C01009082F282003C0D53C020F0910002
:200ED00000F7D9FF200010FF09FFC2087E420202C210911001F8D9FF4CBA09FFC0083FF025
:200EF000EE7F3C01009020100D00000282093C4C530921F0910000F7D9FFE8A010FFD9F425
:200F1000BC006D00B919DF123D80530921F0910000F7D9FFE8A010FFD9F4BC009100005743
:200F3000D955D8A06D00001ADA405F2F2B00910000F7D9FFD8A054FF3BF07D803E899100F6
:200F500000F7D9FFD8A054FF3BC07480FE8A910000F7D9FFD8A054FFB4AF49A4020A910058
:200F70000057D955D8A0B0653B8000406D00D52991000047D94474B049A5000A6D00F3294F
:200F9000C21937096890911001F8D9FF4CBA09FFC0083FF9AFFF0D004002008020100D00F4
:200FB0000002910000F7D9FFE8A0D9F43C016D006319DF124280910000F7D9FF68D0820077
:200FD00082018202DA0874F089F1060989F20A092CF4DA002CFE910000F7D9FF64D0910054
:200FF0000027D922E8A0D9243C0191000057D95568D06D009919B4F2910000F7D9FF68D052
:2010100054FF3BB02B80FE88910000F7D9FF68D049FF000A49A2000AA03444FF642FFC4E7E
:20103000910000F7D9FF78D0D9F424806D004101F6236D00BB070D004002008082003C06FD
:20105000014000F6DA552CF8C2103B0020F03FF0F9FF00902020404C405F8218DA007802C9
:20107000DA00780314FF37F90894081F37F9089009FFC408FF8F5C80DA003C0610A23B50A6
:2010900005003420C21FBF8FFBFF09FFC40834AFDA003C0A10A210F40940480889200108E6
:2010B000C21F370F68F009F0C4083F0FF5FFDA007802DA00780382003C0C01A000F614F18B
:2010D0005802538020200F210010A61F7802C210BF40F5FFDA003C0D10AF084009A10C0966
:2010F000538F20200F200000A60189A10C09C21FBF4FF4FF580209A00C0949AF100A3B80E2
:20111000001074F989AF160989A01A0989A11408DA0089AF1E083C0149A5100A40C46D006B
:201130002B19DA205F2FFA7F1D00C00009FFC408868F8B0F01F034AF09FFC4082CA1DA00AB
:201150003C0810A210F40940480889200208C21FBF6FF9FFDA007802DA00780382003C0CBF
:2011700001A0002614215802538020200F210010A61F7802C210BF40F5FFDA003C0E10A2DC
:201190000920440809A10C09538F20200F200000A60189A10C09C21FBF4FF3FF580209A0F0
:2011B0000C0949A2100A3B800010742989AF160989A01A0989A11408DA0089AF1E0849A58E
:2011D000100A40C46D00D81882146D00FE00DA06ACF3DA212CF3DA003C0510A28200342047
:2011F000C21FBF8FFCFF3C5B083F34AF82003C0D01A0002609FFC60810F40C482C2109FFDF
:20121000C608C21FACF3C210BF70F4FFDA007802DA00780382003C0C01A0002614215802B3
:20123000538020200F210010A61F7802C210BF40F5FFDA003C0E10A20920440809A10C093D
:20125000538F20200F200000A60189A10C09C21FBF4FF3FF580209A00C0949A2100A3B808E
:201270000010742989AF160989A01A0989A11408DA0089AF1E08083F3BF002003F0F058049
:20129000DA202CF33C04083FC21F2CF349A5100A40C46D00711882146D00970009FFC6082C
:2012B00009F0C4083F0FA2FF02823C010090200882125802370F68043440370F68F02C41D2
:2012D00009A00E09DA003C0810AF538F20105700681134F1C21FBF4FF9FF09A0120982012C
:2012F0003C0901A100F6538120F0570068FF2CF4C211BF41F8FF14AF86CF2C420C42EE159E
:2013100014AF160FAC42DA003C0A104F10A2092041082880AC43C21F370F68F00940C40819
:201330003F0FF5FF82023C4E0C42DE1714AF160F8F8F20000CA1A6F089408408DA003C072F
:20135000104F10A2092042082880C21FBF6FFAFFDA06AC4382223C360C42DF2F3180094FFF
:20137000C4080940C608A20F370F7000FF80168082013C0F094FC608104F01A100260C21B6
:201390002CF8094FC608C21FAC43C211370168103F01F2FF82023C1282003C0D094FC608AC
:2013B000104F01A000260C212CF8094FC608C21FAC43C210BF70F4FF82223C040C425E32FA
:2013D00082423C010090910000F7D9FF5CA009F06809820702460B0110486DFF0BF6911063
:2013F00001F8D9FFCCF909F040090B0210F10B1380F2EE08911001F8D9FFCCF909F44009F4
:201410003C274DC0E2FF370FE1F78B0F20F23C010D00400300003C013C0185F0100082058E
:20143000020485F12C008200A640A6513C01911001F8D9FFCCF909F44009264026516E038D
:201450000D0000033C010B2040400B3150503C013C01911001F8D9FFCCF909F040090B04A6
:2014700010F10B1580F2EE03DA003C294DC0E2FF370FE1F78B0F20F23C010D004003000054
:201490003C013C0185F010008203020285F12C008200A620A6313C01911001F8D9FFCCF97F
:2014B00009F24009262026316E030D0000033C010B4050F10B5100F20B1590F23C016ECA8C
:2014D0003C0100902020404C405F0CC982103E0C82205F0F260082305F0FC70082405F0FC6
:2014F000E1001D00E00009CFC408BF3F0A8009C448083B30015040F46D003E063C0F910038
:201510000027D9220010DA00342FDA502CF80CC92CF9822440F46D0045061D00CC000CCAB3
:201530003B000100FE0B91000027D9220010DA01342FDA502CF80CC92CF90CCA2CFA913050
:201550000027D922FCFD0C212CFB142F2CFC825440F46D0027061D0087000CCA3B000A003E
:201570005F0F218091000027D9220010DA00342FDA502CF80CC92CF90CCA2CFABB302BFBF7
:2015900091300027F92FFCFD91300027D922FCFD0C212CFB142F2CFC825440F46D00020618
:2015B0003C620CCA3B000F005F0F5E809100F02A542FEE036DFF54F69120002AD92200085E
:2015D000092FC008EE349120002A192F000874AF54AFBBA0550A7E03DA003C28BB0000480C
:2015F0009B14004A6D00DD0882003C07534020F010A2DA00742FC210BF80FAFFBBA055FA45
:2016100074AFBB0000489B14004A49A4000A3B0002506D00820A9120002A192F0008BBA098
:20163000550A7E03DA003C02DA033C02DA02EE1491300027D922FCFDDA502CF80CC92CF985
:20165000DAF02CFA0C212CFB142F2CFC825440F46D00A8053C0809C448083B30015040F456
:201670006D008A053C2709CFC408BF3F0A8009C448083B30015040F46D007E053C119100F4
:201690000027D9220010DA01342F0CC88B0F04F02CF80CC92CF9822440F46D0083053C0A35
:2016B0003C0909C448083B20015040F46D0064053C010090404F405C09FFC408BF3F0980AF
:2016D00008843B30015040C46D0056053C25088F8B0F04F02CC8089F2CC9822440C46D00B9
:2016F0006105089F82103E0482303E0C3C0E914000FFD9FF000A8270DA010F0F10F06CF1B9
:201710003C0B6DFF47F63C0808843B20015040C46D0032053C0100902008404F405C08CFAE
:201730008F0F210008DF8F8F20F042F008EF42F074A09100F02A542F54A0FE069100002778
:20175000D92254A0DA002C24DA0078017B00F04A6D007B077B00F04A49A4000A3B800050B2
:201770006D0072083C1591000027D92254A0DA012C24DA0178017B00F04A6D0066077B00F1
:20179000F04A49A4000A3B8000506D005D0809FFC408BF9F0A8008843B30015040C46D00B6
:2017B000EB041D00B7000890DA0C5F0F9300DAF13E031D00A80008A0DA86BE01DA875F0F70
:2017D0003000DA885F0F3A00DA895F0F4400DA8A5F0F4E00DA905F0F58003C7308BF822042
:2017F0003E023C16088F8B0F04F02CC8089F2CC908AF2CCA08BF2CCB08CF2CCC08DF2CCD78
:2018100008EF2CCE827440C46D00CC043C0808843B30015040C46D00AF043C013C5908BF47
:2018300082203E023C023C0808843B30015040C46D00A2043C013C4C08BF82203E023C0229
:201850003C0808843B30015040C46D0095043C013C3F08BF82203E023C023C0808843B3008
:20187000015040C46D0088043C013C3208BF82203E023C023C0808843B30015040C46D007B
:201890007B043C013C2508BF82203E023C12DA102CC8DA0A2CC9088F8B0F04F02CCA089FAB
:2018B0002CCB08AF2CCC825440C46D007B043C0808843B30015040C46D005E043C013C08CC
:2018D00008843B20025040C46D0056043C013C2108AF82403E023C0E088F8B0F04F02CC83E
:2018F000089F2CC908AF2CCA824440C46D005A043C0808843B20025040C46D003D043C018E
:201910003C0808843B20025040C46D0035043C0100902008404F405CDA0074AFDA00780120
:2019300091000027D9220010DA01342F40C46DFF87FB089F8FFF0081089F16F086CF49F4AF
:201950000A0A49A5000A02846D00B404022901F8002649240A0A49A5040A02F46D00AA04E8
:20197000A6298E9808843B30015040C46D0004043C0754A409A504096D00350402298E98B4
:2019900008843B10035040C46D00F6033C1BDA632CC809AFC408C21FACC254AF60F2820071
:2019B0003C079A1010CF142F2CF8B012C21058013FF0F9FF09CFC408370F684040C46D00CD
:2019D000F1033C010090404F405C089F82204B0F0102DA003E15DA015F1F2E003C4A09FF23
:2019F000C408BF5F098008843B30015040C46D00C3033C20088F2CC8089F2CC908AF08A4FF
:201A10006D006F043E2D08BF08B46D006A043E2808843B50035040C46D00AE033C0B910043
:201A300000F7D9FF0810DA0134FF822440C46D00B9033C2609FFC408BF3F098008843B301A
:201A5000015040C46D0098033C13088F8B0F04F02CC8089F2CC96D00470489C20A086D0093
:201A7000430489C20B08824440C46D009B033C0808843B20015040C46D007E033C010090A1
:201A9000094FC408BF4F0A80094448083B30015040546D0071033C620C4982303E023C5635
:201AB0000C4A82103E0A8220BE0B82305F0F2C0082405F0F36003C41910000F7D9FF0010DC
:201AD000DA0134FF0C488B0F04F02C580C492C590C4A2C5A823440546D0064033C369100AB
:201AF00000F7D9FF0010DA0034FF0C488B0F04F02C580C492C590C4A2C5A823440546D0017
:201B100051033C230C488B0F04F02C580C492C590C4A2C5A823440546D0044033C160C4842
:201B30008B0F04F02C580C492C590C4A2C5A823440546D0037033C09094448083B2001504E
:201B500040546D0019033C013C09094448083B20025040546D0010033C010090404F405C80
:201B700008AF8F8F200008BF42F009FFC408FF2F0A8008843B30015040C46D00FD021D0006
:201B9000B50009FFC408BF9F0A8008843B30015040C46D00F1021D00A900089F82113E13C7
:201BB0001D009D00BB00F0FF5F0F398008CF8F8F200008DF42F0FF200A8008843B2002507A
:201BD00040F46D00D9021D009100538020F091100128D922141A102254246D00E2053702BE
:201BF0006850DF05178040C46DFF2AFADA712CC8DA013C0810C210F4094048088920080888
:201C1000C21FBF6FF9FF826440C46D00CB023C05088440F46D00B0023C60BBA0DFFE5F0F27
:201C30002F8008CF8F8F200008DF42F0538020F091100128D922D4F9102254246D00050521
:201C500037026850DF05178040C46DFFF9F9DA712CC8DA013C0810C210F409404808892030
:201C70000808C21FBF6FF9FF826440C46D009A023C05088440F46D007F023C2F3B3020F075
:201C90005F0F2C8091000027D9220410DA01342FDA712CC8DA013C0810C210F40940480848
:201CB00089200808C21FBF4FF9FF913000F7B9FFFCFD8F8F3F0089C00C082CCD912000F8AF
:201CD00009FFC0088F8F3F0089C00E082CCF3B80004040C46D0066023C0808843B2001501D
:201CF00040F46D0049023C010090094FC408FF3F0A80094448083B30015040546D003C0297
:201D10003C5E0C493BF00F003FF053800C4A3BF00F003FF04E80094FC408FF9F42800C4B20
:201D30003BF00F003FF03580910000F7D9FF081014FFDF1F2680DA016E1BDA016E110C4834
:201D50008B0F04F02C580C49160F2C590C4916F086CF2C59826440546D0024023C0809448F
:201D700048083B00075040546D0006023C08094448083B20025040546D00FE013C08094449
:201D900048083B30035040546D00F6013C08094448083B10035040546D00EE013C0809442D
:201DB00048083B30015040546D00E6013C08094448083B10035040546D00DE010090404CA4
:201DD000405D820482050CC98FFF00810CC916F08FCF3F9082003C088F8400409A2010CFAB
:201DF000088F42F4C2103F80F9FF82003C0D8F852010370170109A28420F10CF088F42F1FA
:201E100037017050C2103F90F4FF91000027D922B4E082003C0A012000469A28429F420FBC
:201E300010CF088F344FC2103F50F7FF911001F8D9FF141A54FF3FF41980911001F8D9FF11
:201E5000141A09FF14397FF41180910000F7D9FF54A0DA0234FF91000047D944B4E06D0092
:201E70005C06370268F03C02DA02EE1D40D46DFFE7F89A28429FACD282003C0801D00026FD
:201E900001C000F6088F2C28C21009DFC4083FF0F7FF0CD88B0F04F02CD8826440D46D0008
:201EB00081013C1F40D46DFFCBF8DA7F2CD8DA013C0910D210CF087089200808C21F370F5C
:201ED00068F009D0C408C2103F0FF57F0CC88B0F04F0370F68403B40025040D46D004C0176
:201EF0000090094FC408BF3F0A80094448083B30015040546D0040013C1A0C49EE0C0C4802
:201F10008B0F04F02C580C492C59822440546D0049013C0D0C493B0008007E023C080944E2
:201F300048083B20015040546D0026010090094FC408BF3F0A80094448083B300150405444
:201F50006D001A013C310C4982103E048220BE033C23910000F7D9FF0C10DA0134FF0C48B3
:201F70008B0F04F02C580C492C59822440546D0019013C1A910000F7D9FF0C10DA0034FFC5
:201F90000C488B0F04F02C580C492C59822440546D0008013C09094448083B20015040541F
:201FB0006D00EA003C0100908208910000F7D9FF78D039F02C80DA105F0F2200DA115F0F13
:201FD0002F00DA225F0F3C00DA235F0F4900DA275F0F5500DA285F0F6100DA315F0F6D00ED
:201FF000DA345F0F7900DA3D5F0F8500DA3E5F0F9100DA855F0F9D001D00AA00910000F702
:20201000D9FF78D0D9F42480910000F7D9FF78D049F51C0A6DFF58FA1D00AB00910000F705
:20203000D9FF78D0D9F42480910000F7D9FF78D049F51C0A6DFF40FB1D009B00910000F70C
:20205000D9FF78D0D9F42480910000F7D9FF78D049F51C0A6DFF62FB1D008B00910000F7DA
:20207000D9FF78D0D9F42480910000F7D9FF78D049F51C0A6DFF4FFC3C7B910000F7D9FFE5
:2020900078D0D9F42480910000F7D9FF78D049F51C0A6DFF9AFC3C6C910000F7D9FF78D019
:2020B000D9F42480910000F7D9FF78D049F51C0A6DFFE8FC3C5D910000F7D9FF78D0D9F435
:2020D0002480910000F7D9FF78D049F51C0A6DFF47FD3C4E910000F7D9FF78D0D9F42480ED
:2020F000910000F7D9FF78D049F51C0A6DFFFFFD3C3F910000F7D9FF78D0D9F42480910037
:2021100000F7D9FF78D049F51C0A6DFF5AFE3C30910000F7D9FF78D0D9F42480910000F763
:20213000D9FF78D049F51C0A6DFFDDFE3C21910000F7D9FF78D0D9F42480910000F7D9FFEE
:2021500078D049F51C0A6DFFF4FE3C12910000F7D9FF78D049F41C0A910000F7D9FF78D064
:2021700039F42C803B2002506D0006003C0102823C0100904045DA03345FDAAA2C51DA03F5
:20219000AC52DA7F2C588954090889550A08910000F7D9FFE8A0D9F40C116DFF5DF7009054
:2021B0004045DA03345FDAAA2C51FF640580DA06AC523C03895484083C08015400F6DA55ED
:2021D0002CF8C21437046840095FC4083FF4F7FF910000F7D9FFE8A0D9F40C116DFF3CF744
:2021F00000900243025F82027B0000073F031980BBF0FF0D9B2000073F30138082404B032D
:20221000110276138F124021423FC2FFBBF0FF0D9B2000077FF004808F2240213C4891102B
:2022300001F8D9FF141A54F03F031E80911001F8D9FF141A09F014393F30168082404B0370
:20225000110276138F124021423FC2FF911001F8D9FF141A09F01439C2F03F0F04808F2273
:2022700040213C25911001F8D9FFD4F954F03F031D80911001F8D9FFD4F909F03C193F302E
:20229000158082404B03110276138F12402142F3C2F3911001F8D9FFD4F909FF3C197F3FA7
:2022B00004808F2240213C038F1240213C010090DA008200BF141180FF540F80DA003C07AB
:2022D000104F14F18F8000004210C21F3F4FFA7F745082023C038F2F40213C01009002428A
:2022F0003C010090A0046D000520370268406D00FC1F8208DAFF6D00E71FC20FC21F4BF29D
:2023100001024218370868203C0100906D009A1D0090910000F7D9FFE4C2D4FF484F3C015B
:20233000910000F7D9FFF46074FF910000F7D9FFF46091000027D922F46009200409520023
:202350006820910000F7D9FFF4606CF1910000F7D9FF101091000027D922DC905420A20F10
:2023700074FF910000F7D9FF101054FFBB00350C3F0F5280910000F7D9FFDC909100002767
:20239000D922DC90542FBB00350C420F74FF910000F7D9FFE09091000027D922E090542F0D
:2023B000C21F74FF6DFFF8EE910000F7D9FFE09054FF3B803E004B0F1102DF012D809100C0
:2023D00000F7D9FFEC903B3012F0B4FF910000F7D9FFEC90DA012CF2910000F7D9FFEC90D1
:2023F000DA012CF3910000F7D9FFEC90DA012CF4910000F7D9FFEC90DA012CF5910000F79C
:20241000D9FFEC90DA012CF691000047D944EC906DFF83F400906D00BA1802246D0063172B
:202430006D00C91802246D00A2174DC0E2FF3C010D00400300003C016D00CC1B6D00E21D7A
:202450006D001F1C6D00901B6DFF7AF23BF07D403BC074503BC075606D00E62C910000F756
:20247000D9FFE8909130002F192F101674FF910000F7D9FFE49091000027D922E890542FA9
:2024900016018B0F20F234FF6DFFFCEF910000F7D9FFE4C2D4FF484F3C01910000F7D9FFD2
:2024B000DC9074FF0D0000033C056DFF34FF6DFF5CF23CFC0090910000F7D9FF381054FFC0
:2024D0006E2F910000F7D9FF381054FF910000F7D9FF181010F48204910000F7D9FF38109A
:2024F00054FF8B0F02516D00C41E910000F7D9FF141054F491000047D94418106D00840162
:20251000F629910000F7D9FF3810DA0074FF82023C09910000F7D9FF3810DA0074FF821245
:202530003C0100909100014791000158D95512D33B0010406D006B1E910000F7D9FFF8907F
:2025500091000127F4F2910001474944004A91000158D9551AE33B0010406D00581E910008
:2025700000F7D9FFF890910001274922004AE81291000147D944008091000158D9551CC31F
:202590003B0010406D00431E910000F7D9FFF89091000127D9220080E82291000147D944B6
:2025B00000C091000158D95504E33B0010406D002E1E910000F7D9FFF89091000127D9226C
:2025D00000C0E83291000147D944400091000158D95500F33B0010406D00191E910000F719
:2025F000D9FFF89091000127D9224000E84291000147D944404091000158D9557EA23B0064
:2026100020406D00041E910000F7D9FFF89091000127D9224040E85291000147D94440C06F
:2026300091000158D955B0623B0020406D00EF1D910000F7D9FFF89091000127D92240C0B0
:20265000E8623C01009002486D00B51702294DC0E2FF370FE1F78B0F20A23C010D004003B0
:2026700000003C0102946D000F16DA019110F0FAD9FF909A9110F02AD922989A9110F04ABA
:20269000D944A8AA9110F05AD955A8AA74F8742FDA80744FDA50745F0D00800402946D0093
:2026B000BD1776A30D00000382023C010090913000FFD9FF303654FF370F6EF18FFF838134
:2026D0003C01913000FF19FF30366F1F12008F2820F09601913000FF19F030363700700893
:2026F0008F002100A60F913000FF59FF30368F2820F09602913000FF19F0303637007008AA
:202710008F002100A60F913000FF59FF30363C01913000FF19FF30361601DF1FFB7F91002B
:2027300000F7D9FFF890D4FF82152D0F0000913000FF19FF30366F1F12008F2820F0960150
:20275000913000FF19F03036370070088F002100A60F913000FF59FF303686288F3840F102
:20277000913000FF19F03036370070088F002100A60F913000FF59FF30363C01913000FF8B
:2027900019FF30366F0FFC7F910000F7D9FFF890C81F820482352D0F00003C010090024853
:2027B0004DC0E2FF370FE1F78B0F20F23C010D00400300003C016DFFB7FE910000F7D9FF06
:2027D000F890C85F02842D0F00006E030D000003910080FF39FF13026F2F1180910080FF5B
:2027F00039FF1102AE3B910080FF39FF1102AE46910080FF39FF11022E5382F23C03820233
:202810003C0100900248404C910000F7D9FFF890C86F3B000250028440C42D0F0000820011
:202830003C0C600F01F800F614F101C000F614FF3E1382023C07C210DA203FF0F4FF821279
:202850003C0100900248404C913000FFD9FF303654FF370F6EF18FFF83913C01914000FF20
:20287000D9FF000ADA018F8F20F06CF1DA008210EE0C3C01910080FF19FF100282110F0180
:202890001010261FEEF83C023C040D0080043C01DA084BF511A2820C3C76DA0803FC0AD8B9
:2028B0009100F0FAD9FF5455B70D18007B0000FA7E04DA5074FF3C0CB70D18007B00F0FA13
:2028D0007E04DA5D74FF3C040D0080043C01DA008210EE0C3C01910080FF19FF100282113E
:2028F0000F011010261FEEF83C023C040D0080043C01532C20F0534F20F010CF54F0532C3E
:2029100020F0C21F534F20F010CF54FF76D19100F0FAD9FF707574F0B04F74FF0D008004EC
:2029300002946D00B1149110F0FAD9FF909A9110F02AD922989A9110F04AD944A8AA91105F
:20295000F05AD955A8AA74FDDA00742FDAA0744FDAAA745F0D00800402946D005F16DA0038
:202970008210EE0C3C01910080FF19FF100282110F011010261FEEF83C023C040D00800447
:202990003C01C21C3FAC8BFF914000FFD9FF000A7B1000F08F8F20F06CF182023C0100908E
:2029B0000248404C913000FFD9FF303654FF370F6EF18FFF83C13C01DA204BF511A2820DB0
:2029D0001D00A700DA2003FD0A98910000F7D9FFF890C82F02942D0F0000910000F7D9FF76
:2029F000F890C81F820482352D0F0000820E3C20910000F7D9FFF890C83FDA0882404B0E07
:202A1000110203FD0AF0534F20F010C25425DA0882404B0E110203FD0AF0C21F534F20F0FF
:202A300010C2542602942D0F00008B8E00E0DA203FFEE0FF913000FF19FF30366F1F12007B
:202A50008F2C20F09601913000FF19F03036370070088F002100A60F913000FF59FF303643
:202A70008F2C20F09602913000FF19F03036370070088F002100A60F913000FF59FF303622
:202A90003C01913000FF19FF30361601DF1FFB7F910000F7D9FFF890C84F02942D0F00004B
:202AB000913000FF19FF30366F1F12008F2C20F09601913000FF19F03036370070088F0059
:202AD0002100A60F913000FF59FF30368F2C20F09603913000FF19F03036370070088F00C1
:202AF0002100A60F913000FF59FF30363C01913000FF19FF30366F0FFC7F910000F7D9FF9E
:202B1000F890C81F820482352D0F0000C21D3FAD5BFF3C0100900248404C0259914000FFCA
:202B3000D9FF000ADA018F8F20F06CF14DC0E2FF370FE1F78B0F20F23C010D0040030000F8
:202B50003C016DFFF1FC910000F7D9FFF890C86F028440C402952D0F00006E030D000003D2
:202B7000914000FFD9FF000A7B1000F08F8F20F06CF1910080FF39FF13026F1F1180910080
:202B900080FF39FF1102AE3B910080FF39FF1102AE46910080FF39FF11022E5382F23C0394
:202BB00082023C0100900248404C0259820A910000F7D9FF381054F0BF109780910000F79D
:202BD000D9FF141054F0910000F7D9FF381054F142105F083380910000F7D9FF381054F060
:202BF0008B00024102956D00E200022B910000F7D9FF381054FF910000F7D9FF181010F45D
:202C100040C502B46D00031B910000F7D9FF141054F491000047D94418106DFFF5FDF624FD
:202C300082021D00C30042BA42B8910000F7D9FF3810DA0074FF3C58910000F7D9FF14101D
:202C500054FF8B0F02F07F8F09806DFF36FCF62482021D00AB003C48910000F7D9FF1410E2
:202C700054FF8B0F02B0A28B0BB910486D009F00022C8B0B02F1910000F7D9FF381054F0AD
:202C90007FF03180910000F7D9FF18108B0B00F110FF49F4200A40C502C46D00B81A3FB97D
:202CB0001980910000F7D9FF141054F491000047D94418106DFFA8FDF62382023C7642CA16
:202CD00042C8910000F7D9FF3810DA0074FF3C09910000F7D9FF3810A29B8B0B02F174FFBF
:202CF0003C0382023C623C1301CA004602846DFF8BFDF629910000F7D9FF3810DA0074FF75
:202D100082023C538B0A02A08B0802808B0A02F07FF9ECFF7F9A2B80910000F7D9FF3810EE
:202D300054FFEE24910000F7D9FF141074F8910000F7D9FF38105AA974FF82003C0A9100B7
:202D500000F7D9FF181001F000F6DA0034FFC210DA203FF0F6FF91000047D944181001CAA0
:202D700000560BA980406D00521A910080FF39FF13026F1F1180910080FF39FF1102AE3BE0
:202D9000910080FF39FF1102AE46910080FF39FF11022E59910000F7D9FF3810DA0074FFFD
:202DB00082023C0382123C0100907F54048002423C0302523C010090913000FFD9FF004606
:202DD00054FF370F6EF18FFF83813C01913000A7D9AA408B0D0080043B0098F0CD4FE00F07
:202DF0000D00C0044D00E0FFB70F14F0CD0FE00F0D00C00482117617DA009601CD4F20098A
:202E10000D00C0044DC0E1FF8F7F00213C01913000FFD9FF004653C220F010FF54F03700EB
:202E30006E018FF083313C01913000FFD9FF004653C220F010FF54FF2E1B8F2320F096019C
:202E500054F0370070088F002100A6F074F08F2320F0960254F0370070088F002100A60F13
:202E700074FF3C0154FF1601DF1FFE7FDA00761382003C028210370F81F0CDCF20090D006F
:202E9000C004913000FFD9FF004653C220F010FF54FF2E1B8F2320F0960154F03700700864
:202EB0008F002100A60F74FF86238F3340F154F0370070088F002100A60F74FF3C0154FF33
:202ED0006F0FFF7F0D00C00482114DC0E1FF8F7F00213C01913000FFD9FF004653C220F026
:202EF00010FF54F037006E018FF083313C01913000FFD9FF004653C220F010FF54FF2E1BAB
:202F10008F2320F0960154F0370070088F002100A6F074F08F2320F0960254F0370070085E
:202F30008F002100A60F74FF3C0154FF1601DF1FFE7FDA00761382003C028210370F81F01B
:202F5000CD0F04090D00C004913000FFD9FF004653C220F010FF54FF2E1B8F2320F09601A0
:202F700054F0370070088F002100A60F74FF86238F3340F154F0370070088F002100A60F82
:202F900074FF3C0154FF6F0FFF7F0D00C004913000FFD9FF004654FF2E1B8F2820F0960179
:202FB00054F0370070088F002100A60F74FF8F2820F0960254F0370070088F002100A60F7F
:202FD00074FF3C0154FF1601DF1FFE7F918001F8D9FF000880FFCD4FE20F0D00C004917004
:202FF00001F8D9FF000080FFCD0FE20F0D00C004913000F7D9FF80CB80FFCD8FE20F0D001F
:20301000C004913000FFD9FF004654FF2E1B8F2820F0960154F0370070088F002100A60FAC
:2030300074FF8F2820F0960354F0370070088F002100A60F74FF3C0154FF6F0FFF7F9100C5
:203050000000D900000091000010D911000091000080D988000091000090D9990000913036
:2030700000F7D9FFC00B91300027D922C00DA004802080FFA2F0DA404BF0114282003C1E1D
:2030900080FFB70F1CF08F4F1F1080FFBBF0FF2F0662262F06AFA6F1F606CD81E30F0D0018
:2030B000C0043C0274419AD47E05CDC1E30F0D00C00440F449FF001AC2103F40E3FFDA0064
:2030D000744F6D007812022F02846D000C1102F46D004D116DFF1CF902846D00AD1102F4FC
:2030F0006D00EF11910001F8D9FF6602DC0F0090200840BF3C0180F2370368F4B75F08F094
:2031100037F30834370468F037F308304DC0E1FF16073C013703680837F003F037F30838CF
:203130003C0189A2400909A0400900A00D00400200800090200840BF3C0180F2370368F471
:20315000B74F08F037F30834370468F037F308304DC0E1FF16073C013703680837F003F0FB
:2031700037F308383C0189A2400909A0400900A00D00400200800090200840BF3C0180F25D
:20319000370368F4B73F08F037F30834370468F037F308304DC0E1FF16073C01370368084F
:2031B00037F003F037F308383C0189A2400909A0400900A00D00400200800090200840BFB2
:2031D0003C0180F2370368F4B72F08F037F30834370468F037F308304DC0E1FF16073C011A
:2031F0003703680837F003F037F308383C0189A2400909A0400900A00D00400200800090EF
:20321000200840BF3C0180F2370368F4B71F08F037F30834370468F037F308304DC0E1FF1C
:2032300016073C013703680837F003F037F308383C0189A2400909A0400900A00D00400264
:2032500000800090200840BF3C0180F2370368F4B70F08F037F30834370468F037F30830C9
:203270004DC0E1FF16073C013703680837F003F037F308383C0189A2400909A0400900A086
:203290000D00400200800090200840BF3C0180F2370368F4B77F08F037F30834370468F02C
:2032B00037F308304DC0E1FF16073C013703680837F003F037F308383C0189A2400909A0CD
:2032D00040090D00400200800090200840BF3C0180F2370368F4B76F08F037F3083437040B
:2032F00068F037F308304DC0E1FF16073C013703680837F003F037F308383C0189A24009DE
:2033100009A040090D004002008000909100F0FAD9FF5455B70418F07B00000A7E05DA505B
:2033300074FF82023C0EB70418F07B00F00A7E05DA5D74FF82023C050D00800482123C01B0
:2033500000909110F0FAD9FF909A9110F02AD922989A9110F04AD944A8AA9110F05AD955F5
:20337000A8AA74F47425DA80744FDA50745F0D008004009076419100F0FAD9FF707574F557
:20339000B04F74F60D0080040090F64C3C01910080FF19FF100282100F501000260FEEF8BE
:2033B0003C0382123C050D00800482023C0100909110F0FAD9FF909A9110F02AD922989A92
:2033D0009110F04AD944A8AA9110F05AD955A8AA74F4DA00742FDAA0744FDAAA745F0D00A2
:2033F00080040090DA010F4F00F06C470090404F405C823440F46DFFF7FF484F89CF0609C8
:20341000485F89CF0A09083F160F3C012CC44860370068FC2E53DA003C02DA1237007D0075
:20343000325F0FF010003C0174C0009009421C093C010090404F405C09FF5C086F3F2E002B
:2034500040F440C56DFFD5FF4878370868F02E243B0008903C18370868F06F3F13003B0080
:20347000089040F440C56DFFC4FF4870370068F0AE37370068F0AE248F0950913C013C03BA
:203490003B001090370868F02E47824440F46DFFABFF8F0948913C033B00049002923C01D5
:2034B0000090404F405C820809F05D086F001A003B000280910000F7D9FF3C1091000027AF
:2034D000D9223C105420C21074F0910000F7D9FF3C1054F03B803E103F10038082083C3723
:2034F00091000027D9223C1082007420825440F46DFF7AFF09CF06096CF409CF0A096CF525
:2035100009FF5B08370FE1F28B0F20F23C0154C06E0382013C033B200110486F0F100000A5
:20353000370F1DF06CF609C04408083F370F04F02CF3823440F46D000E00825440F46D0035
:203550000A003B80004040F46D00050002823C010090DA018B0401000F0F00F06C470090A3
:20357000404F405C820809FF5D082E043B0002803C373B90004040F46DFF36FF09CF0609F0
:203590006CF409CF0A096CF53B90004040F46DFFE2FF09F05B083700E1028B0020F23C0193
:2035B00054C06E0382013C033B200110486F0F100000370F1DF06CF609C04408083F370F1B
:2035D00004F02CF3823440F46DFFC5FF825440F46DFFC1FF3B80004040F46DFFBCFF02829E
:2035F0003C010090404C405F0258C82408CF3704685002F46D00030AC82408C402856D0097
:20361000360A0CCC09F05008370F03F02CCC82123C010090405F0258C82408CF09F550088D
:20363000A64502F46D00EB09C82408C402856D001E0A82123C01009002483B000490DA1000
:203650008B8F0000C2103B8000308204821A3B8000B04B056111BBD0CC2C9BC2D4234B21F1
:203670004120821C3C404B0C41114B1851D04B0561114B1D51104B0131E1F6E23C364B0E06
:2036900041114B1D51D04B0561116B0131FD82014B1F01F0AE064B0561F16B0F311D3C07A4
:2036B0004B0561F16B0F31FD67FFBF1F7F3E03003C1C3FE018004B1201F016068B0F20F207
:2036D0006E1102C402EB0212DA143FEF0C00BBD0CCFC9BCFDCF34BF101F0370F61F06E02AC
:2036F0003C04C21C7FC9C17FF6459A197EC3029402EBF6457F3E0400821402EB4B0661F140
:20371000BBA099099B90E1034B0F41503B00018002893C1C9A193B007102E2F04BB00122B2
:203730000B6280000B00C0014B0041114B1501F0370F61F16E0402984B0041517F6206006A
:20375000DA107E923C013C04C2F9FF39E57FDA03C2FF7E94DA107E8282385A8B92F3DA08EB
:203770007F3F04003B800030FF23030082233B0000249BC2612482153C143B007102E250BA
:203790004BB00102A2700B00C0014B0041114B120110370161F16E04025A4B004121C21556
:2037B0007F53ED7FDA00C2F437046800370F06F0C2FA370A6800370F02F3C2F8370868004B
:2037D000370F04F4C2F337036800370F03F68200370F81F76C44009002483B000490DA1082
:2037F0008B8F0000C2103B8000308204821A3B8000B04B056111BBD0CC2C9BC2D4234B2150
:203810004120821C3C404B0C41114B1851D04B0561114B1D51104B0131E1F6E23C364B0E64
:2038300041114B1D51D04B0561116B0131FD82014B1F01F0AE064B0561F16B0F311D3C0702
:203850004B0561F16B0F31FD67FFBF1F7F3E03003C1C3FE018004B1201F016068B0F20F265
:203870006E1102C402EB0212DA143FEF0C00BBD0CCFC9BCFDCF34BF101F0370F61F06E020A
:203890003C04C21C7FC9C17FF6459A197EC3029402EBF6457F3E0400821402EB4B0661F19E
:2038B000BBA099099B90E1034B0F41503B00018002893C1C9A193B007102E2F04BB0012211
:2038D0000B6280000B00C0014B0041114B1501F0370F61F16E0402984B0041517F620600C9
:2038F000DA107E923C013C04C2F9FF39E57FDA03C2FF7E94DA107E8282385A8B92F3DA084A
:203910007F3F04003B800030FF23030082233B0000249BC2612482153C143B007102E25018
:203930004BB00102A2700B00C0014B0041114B120110370161F16E04025A4B004121C215B4
:203950007F53ED7FDA00C2F437046800370F06F0C2FA370A6800370F02F3C2F837086800A9
:20397000370F04F4C2F337036800370F03F66C4E009002483B000490DA408B0F0200C21078
:203990003B8000308204821A3B8000B04B056111BBD0CC2C9BC2D4234B214120821C3C401F
:2039B0004B0C41114B1851D04B0561114B1D51104B0131E1F6E23C364B0E41114B1D51D063
:2039D0004B0561116B0131FD82014B1F01F0AE064B0561F16B0F311D3C074B0561F16B0F20
:2039F00031FD67FFBF1F7F3E03003C1C3FE018004B1201F016068B0F20F26E1102C402EBAE
:203A10000212DA143FEF0C00BBD0CCFC9BCFDCF34BF101F0370F61F06E023C04C21C7FC934
:203A3000C17FF6459A197EC3029402EBF6457F3E0400821402EB4B0661F1BBA099099B903A
:203A5000E1034B0F41503B00048002893C1C9A193B007102E2F04BB001220B6280000B009C
:203A7000C0014B0041114B1501F0370F61F16E0402984B0041517F620600DA407E923C01B8
:203A90003C04C2F9FF39E57FDA03C2FF7E94DA407E8282385A8B92F3DA207F3F04003B009A
:203AB0000230FF23030082233B0000249BC2612482153C143B007102E2504BB00102A270E2
:203AD0000B00C0014B0041114B120110370161F16E04025A4B004121C2157F53ED7FDA000B
:203AF000C2F437046800370F06F0C2FA370A6800370F04F4C2F837087000370F06FBC2F319
:203B100037036800370F05F88200370F81F76C440090534420F060FF9140003F30F3D932EC
:203B300080483C010090370668F037FF08F837056800370F08FC37046800370F08F0894F6E
:203B500004793C01094F45786F0FFEFF00902010F4A4405CD4C2F4424CC1D4A26C2109CF63
:203B7000C808AC24DA00892F0A09D42FD4FDD4AF481F530F22F010DFD9FF00013C010CCDE0
:203B9000BF9F048082183C028208820909CF5C086E0709CF5C081E3409CF5C085E228219B0
:203BB000820A09CF5C081E1709CF5C081E3409CF5C085E2609CF6C0816011E12821A09CFA3
:203BD0006C082E04DA0178033C03DA007803DA007801820B09CF6C0816019E11DA00780100
:203BF00009CFC808BF2F05807693DA017801820B09C0C808BF20048076A2821B820C09C0A8
:203C1000C808BF20058058036E02821C820D4CCDEE044CC1921E3C0309CE340909C0C808B4
:203C30009AF042EF7802825440F46DFFDDFB820440F46DFFD9FB821440F46DFFD5FB82244B
:203C500040F46DFFD1FB823440F46DFFCDFB824440F46DFFC9FB826440F46DFFC5FB3B809F
:203C7000004040F46DFFC0FB8224D4A2D42209250808C215D4A20926040940D46DFF55FFEC
:203C9000768F8224820509C6100940D46DFF4DFF8224820509C6140940D46DFF46FF09CF78
:203CB000C808BF2F1380DA003C0C12E68224D4A2D42209250808C21540D46DFF36FFC21FCC
:203CD00009C0C8083F0FF3FF09CF5C086E0409CF5C085E35827440F46DFF3DFCDF0A1800AE
:203CF00009CF6C0816019E133B90004040F46DFF32FC3BA0004040F46DFF2DFC826440F4C9
:203D10006DFF29FC825440F46DFF25FC09CF5C081E1409CF5C085E3B09CF6C0816011E1790
:203D30003BB0004040F46DFF16FC3C063BB0004040F46DFF59FB09CFC808DF1F2280580392
:203D50006E0FDA0414F037F004F034FF4CCCEE05D4A24C21921D3C0309CD30093C10D4C2D9
:203D70000C296E087687DA0514F037F004F034FF3C06DA0014F037F004F034FF3C17580140
:203D90006E07DA0114F037F004F034FF3C0F76B7DA0214F037F004F034FF3C0876C7DA046C
:203DB00014F037F004F034FF3C01820009CF68086E0376928210020F6E0382103C028200BB
:203DD000082F370F01F02CF2820009CF6A086E0376A28210020F6E0382103C028200082F55
:203DF000370F81F02CF209CF5C08BA3F6E0382103C028200082F370F81F22CF2D4C20C290D
:203E10006E1EDF081D00DA016E03DA013C02DA0014F037F001F334FF09C04D08083F370FC6
:203E300004F02CF309CF580816016E03DA013C02DA0014F037F081F234FF3C0709C04D087A
:203E5000083F370F04F02CF309CFC808DE195803EE170CCC370FE1F06E0382103C02820001
:203E7000082F370F81F32CF20CCC16016E0382103C028200082F370F01F32CF23C13DA00B9
:203E90006E0382103C028200082F370F81F32CF2DA006E0382103C028200082F370F01F332
:203EB0002CF209CFC808DE1EDF0811004CC50840370F68F037F008F02CF44CC40850370F54
:203ED00068F037F008F02CF53C0C58036E08086F370D6800370F08F02CF63C03DA006CF128
:203EF0003C20084F370E6800370F08F02CF4D4A2892E0A0908500CA837F008F02CF5086FF1
:203F1000370E6800370F08F02CF65801EE0276B9580292F0087F37006800370F08F02CF7A9
:203F300009C01E090CCE16016E0382013C033B200110483F0F100000370F1DF06CF30CCEBF
:203F5000370FE10008FF370F81F22CFF09C022090CCE16016E0382013C033B200110486F04
:203F70000F100000370F1DF06CF60CCE160109F05B0837F081F289FF1B0809CF660809F08C
:203F90005B0837F002F389FF1B08DA006CF4DA006CF509C06908088F370F04F02CF809C07A
:203FB0006B08088F370F04F22CF8D4A24C210890370F68F037F008F02CF958016E1D8208BC
:203FD0003C171A8E530F22F010D2D92E00013C01827440E46DFF08FA09C04D080CE3370F60
:203FF00004F02CE3DA006CE4DA006CE5C21809CFC8083FF8E8FFDF0B7F0082083C780B8E79
:204010000090530922F010D2D92E00013C01823014E1370104F034EFD4A24C2109E046085B
:20403000370F68F037F008F02CE609C04D080CE3370F04F02CE3DA006CE4DA006CE509C02D
:204050001E090CCE16016E0382013C033B2001104CE30F100000370F1DF06CE30CCE370F89
:20407000E1000CEF370F81F22CEF09C022090CCE16016E0382013C033B2001104CE60F10AB
:204090000000370F1DF06CE60CCE160109E05B0837F081F289EF1B0809CF660809E05B0867
:2040B00037F002F389EF1B083B90004040E46DFF52FA825440E46DFF4EFA5FE908803BA0F9
:2040D000004040E46DFF47FA3C063BA0004040E46DFF8AF909CF5C081E1409CF5C085E3611
:2040F0003BB0004040E46DFF36FAC21809CFC8083FF887FF09CF5C08EE09826440F46DFFCD
:204110002AFA825440F46DFF26FA09CFC808BF2F248082093C1D0B9E0080530822F010D23F
:20413000D92E00013C01F6B5825440E46DFF13FAF6CE09C0C8089AF07E9302E83C02C21812
:204150000CE437086800370F08F02CE4C21909CFC8083FF9E2FF58036E3009CF6E08160170
:204170006E0382103C028200081F370F01F12CF109CF6E08370FE1F06E0382103C028200C8
:20419000081F370F81F12CF109CF6E08370F61F16E0382103C028200081F370F81F02CF16F
:2041B00009CF6E08370FE1F16E0382103C028200081F370F01F02CF182023C010090F445C1
:2041D000DA006C41DA01AC44DA082C4DDAFC6C44DAFD6C45094F5808B70F01F0894F1808AD
:2041F0000C4EB70F01F02C4E0C4EB70F81F02C4E0C4CB70F01F02C4C0C4CB70F81F02C4C8B
:20421000BBF0FFFF9BFFFFF7894F1E09DA00894F2209DA00894F1C08DA02894F2608DA00E7
:20423000894F2808DA00894F2908DA00894F2A08DA00894F2B08DA006C4D094F6C08B70F95
:2042500001F0894F2C08094F6E089601894F2E08094F6E089602894F2E08094F6E08960402
:20427000894F2E08094F6E089608894F2E08DA006C4C0090094FC808BF2F1680D44FD4FFE2
:20429000094F0A09530F22F010FFD9F400013C016DFFCEF8370268F02E0382123C028202CB
:2042B0003C013C14D44FD4FF4C41530F22F010FFD9F400013C016DFFBBF8370268F02E036F
:2042D00082123C0282023C013C010090094FC808BF2F1680D44FD4FF094F0A09530F22F0ED
:2042F00010FFD9F400013C016DFFA2F8370268F42E0382123C0282023C013C14D44FD4FFEF
:204310004C41530F22F010FFD9F400013C016DFF8FF8370268F42E0382123C0282023C0126
:204330003C010090404C405D09CFC808BF2F058009CF0A093C024CC1D4C2D422530F22F026
:20435000102FD9FF00013C01820440F46DFF4CF840F440D56DFF70F86F820C0009CFC808CC
:20437000BF2F0880084F16FF3C0189CF0A093C013C010090404F405C09FFC808BF2F118017
:2043900009F80A09D4F2D422481F530F22F01022D92400013C0182546DFFDDF83C02481840
:2043B000D4F2D422530822F01022D92400013C0191000027D922D4A0F42409FFC808BF2F52
:2043D000068040C56DFFCEF83C0440C56DFF6BF8DF02118009FFC808BF2F0D80910000277F
:2043F000D922D4A0D4220C2416FF3C0189FF0A093C013C0100902008404C405DD4D209DF42
:2044100004083B001000E20F1022D92F00803C018208D4D2F4C2ECC109DF04082CC8DA00F8
:204430002CC9DA4174FF09DF76086E03DA013C02DA0014F037F081F034FF09DF78086E0377
:20445000DA013C02DA0014F037F001F134FF09DF7A086E03DA013C02DA0014F037F081F19E
:2044700034FF0CD514F08B0F20F237F081F334FF14FFB70F01F034FFDA006CF209D077080D
:20449000089F370F04F02CF909D07908088F370F04F22CF809D07B08088F370F04F02CF864
:2044B00009D07D08089F370F04F22CF909D07F0808AF370F04F02CFA7B0006F06CF509FF35
:2044D0005408B70F08F089FF140809FF5508B70F08F089FF150809DF750809F0560837F063
:2044F00008F089FF16080CD608D08B0F20F237F001F02CFD4CDC6E0F09D5B00909D47408D2
:2045100009D5401840F46DFF87F87623DA003C02DA04A6F84CDA6E0F09D5A80909D42C08C6
:2045300009D5401840F46DFF5FF87623DA003C02DA04A6F8D4C2F4A249A4000A6D001A0166
:20455000022909DF5008EE0C09D5080909D6CC0809D7CE0840F402946DFF70F83C3F8210E3
:2045700014FF960134FF760382103C028200081F370F81F02CF114FFB70F01F034FFDA01B0
:204590002CC909D5140909D6DA0809D7D80840F402946DFFF0F909D51C0909D6E20809D7CF
:2045B000E00840F402946DFF19F909DFE4086E1609DFE40809F07D08370F68F037F004F058
:2045D00089FF3D08DA016E03DA013C02DA0009F07D0837F081F389FF3D08DA0109F05A08A3
:2045F00037F082F189FF1A0809DF7C086E03DA013C02DA0009F05A0837F001F389FF1A0877
:2046100014FFB70F01F334FF02823C010090D45FF44FDA002C44DA002C46DA002C453B9017
:20463000D0F3065F6C423B00F4F1AC463B007DF0AC47DA00894F10083B90D0F3065F6C4579
:204650003B007DF0AC4C3B00F4F1AC4D3B90D0F3066F6C473B007DF0894FA0083B00F4F193
:20467000894FA208DA00894FA408A00FEC4ADA10894F2C08A00FEC4CDA80894F3408DA013F
:20469000894F0018DA00894F3608DA00894F3708DA00894F3808DA00894F3908DA00894FA2
:2046B0003A08DA00894F3B08DA00894F3C08DA00894F3D08DA00894F3E08DA00894F3F08D5
:2046D000DA60894F35080090404C405DD4C2092F4878160F3C012CD4DF1F3C806D009E020B
:2046F0009130002F392F3406160FEE0382003C0A913000FF39FF3406160F4B0F41F14BF21A
:2047100051003C01D4CF08DF370F62F33C01D4CF09F1CC0837016A103C015E1B3B0040F055
:20473000A21F4B0F41F14BF051F089DF06093C105E2C4B0161F14BF041F07B0048044B0F28
:2047500051F089DF06093C04DA0089DF06093C105E266D00C70189D206093C0A5E466D003A
:20477000E80189D206093C04DA0089DF06090090205049A5000A6DFFA9FF09A206093C0142
:204790000090404C405DD4DFF4CF0CD4DF1FD2806D005C0202287B0048F409D006094B08C3
:2047B00051006B0031FF82004B0F01F0AE0A7B0048F409D006094B0851006B0031FF3C025C
:2047D000DA00BB00000C9BF047044B0F01F0370F61F06E187B0048F409D006094B085100A7
:2047F0006B0031FF82004B0F01F0AE0A7B0048F409D006094B0851006B00314F3C02820497
:204810003C05BB00004C9BF447446D00050B02293B0040F0A29F4B0F41F14BF851A009DF2A
:2048300006097B0048044B0F41F04B8F51F0BB00000C9BF047044B0F01F0AE06BB00004C49
:204850009BF447443C0909DF06097B0048044B0F41F04B8F51406D00DF0A4B0261F14BF8FD
:2048700041F07B0048044B0F513009DF06096B0A31FF82004B0F01F0AE0609DF06096B0ACC
:20489000310F3C0709DF06096B0A31FF67FFBF0F09DF06096B0331FF82014B1F01F0AE068E
:2048B00009DF06096B0331FF3C0709DF06096B0331FF67FFBFFF4BF001F016038B0F20F266
:2048D0006E023C0202296E0382183C0282286D005E06022A02A46D00AF0414FFB70F01F06F
:2048F00034FF14FF960834FF3C0114FF370FE1F0BA0F3C016EFBDA0009F0487837F004F00D
:2049100089FF0878DA0109F0487837F004F089FF087809FFCC08379F0AF0ACF608DF370854
:204930006800370F02F32CFD02A46D0050063C01D4C23C01092F45786F0FFEFF82003C08EC
:20495000534020F010F2DA00892F0059C210BF80F9FF09FF4978B70F04F289FF097882FF9F
:2049700089FF007982083C2B40F402846DFFD3F8534820F010D409404C08534820F010D489
:20499000094FCA081421370F68F037F108F0342F0C21370F81F12C210C2396022C235348A4
:2049B00020F010D4094FCA086E050C2196042C213C050C21B70F01F12C21C218DA103FF8D4
:2049D000D5FF82023C010090404CF4C5DA012CC46D003C0189C2060982003C0C534020F021
:2049F00010CFDA00ACF5534020F010CFDA002CFCC210DA103FF0F4FF0090404F0B4510A8C4
:204A100049FC100A82404B0A01828F3A00F1538F20C09140002FD922000E7D2F0800914083
:204A3000002FD922004E7D2F15806D00B005022F02F46D00010409F0201982110FA110105D
:204A500082F2C621261089F0201902F46D00BF05534820F010CFDAFF0FCF00F00FCB10B011
:204A700002F302B249F240080090404F0B4510886D008D05022A02A46D00DE0349FF001A72
:204A9000DA084BF801028F7800F1534F2040534020F010FFDA0F0F4F00F00F49109002F30E
:204AB000029249F2400802A46D009105009002486D000B018200DA003E823C06913000FFB5
:204AD00019F000263C0382023C0176094B0061F17B0028044B0F51F04BF241203C010090CE
:204AF000910000F7D9FF002054FF4B0F61213C010090913000FF39FF3706370F62F2EE0667
:204B1000BB00C22B9BE2CB243C11913000FF39FF3706370F62F25E19910000F7D9FF00205E
:204B300054FF4B0F61213C0282023C010090913000FFD9FF00066DFFDEFF09FF6408160135
:204B50005E1A09FF6E08167FC21F4B0F41F14BF251203C2409FF6408370FE1F15E1EBB007C
:204B7000C20B9BE0CB0409FF6C08167FC21F4B0F41F14BF051203C1209FF6908370FE5F002
:204B9000C21F4B0F41F14BF2410009FF6C08167FC21F4B0F41F14BF051203C010090913062
:204BB00000FFD9FF00066DFFA6FF09FF540816015E1A09FF5E08167FC21F4B0F41F14BF257
:204BD00051203C2909FF5408370FE1F15E1EBB00C20B9BE0CB0409FF5C08167FC21F4B0FE9
:204BF00041F14BF051203C1709FF5908370FE7F0C21F4B0F41F14BF2411009FF5C08167FF2
:204C1000921009FF5B08160FC21FE2F04B0041F14BF151203C010090913000FF39FF330677
:204C3000370F62F282003E0482103E083C0ABB00C22B9BE2CB243C013C066DFFB2FF3C03F9
:204C500082023C013C0100906DFFE8FF913000FF39FF3106370F6402DA003E0CDA01BE0CBF
:204C7000DA02BE0FDA035F0F2200DA045F0F24003C27913000FF39FF3206160FEE03820271
:204C90003C0A913000FF39FF3206160F4B0F41F14BF251203C177B001FF44BF251203C1252
:204CB0007B0027F44BF251203C0D7B002FF44BF251203C087B0037F44BF251203C038202B0
:204CD0003C013C0100906DFFA9FF913000FF39FF3106370F6402DA003E0CDA01BE0CDA0226
:204CF000BE0FDA035F0F2200DA045F0F24003C27913000FF39FF3106160FEE0382023C0A88
:204D1000913000FF39FF3106160F4B0F41F14BF251203C177B001FF44BF251203C127B009D
:204D300027F44BF251203C0D7B002FF44BF251203C087B0037F44BF251203C0382023C016D
:204D50003C010090404F820891000027D922002009FF0019742F6D001A0402296D002B0474
:204D7000022A02946D0068029130002F392F3046370FE1B19130002F392F304696089130B7
:204D9000002FE92F304602946D00210402A46D007B023C019130002F392F3306370FE1F3A6
:204DB000EEFA9130002F392F3306B70F02F29130002FE92F33069130002F392F3306964008
:204DD0009130002FE92F33069130002F392F180696109130002FE92F18063C019130002F13
:204DF000392F3306370FE1F3EEFA9130002F392F3706B71F02F29130002FE92F370691309B
:204E1000002F392F370696409130002FE92F37066D009B01A62802A46D000004DF086981D4
:204E300002A46D0031023C019130002F392F1406370FE1F26EFA9130002F39201C0608AFCA
:204E500037F007F09130002FE92F1C069130002F39201B06088F37F004F09130002FE92FD6
:204E70001B069130002F39201906089F37F087F09130002FE92F19069130002F392F1806B7
:204E900096409130002FE92F18069130002F392F1A06B70F01F09130002FE92F1A069130EE
:204EB000002F392F180696209130002FE92F18069130002F392F1A0696019130002FE92F3A
:204ED0001A069130002F392F1A0696049130002FE92F1A06BB70714B9B1485436D0092010A
:204EF0003C019130002F392F1406370F61F16EFA9130002F392F1806B70F01F09130002FD6
:204F1000E92F18063C019130002F392F3306370FE1F3EEFA9130002F392F3306B71F02F220
:204F30009130002FE92F33063C019130002F392F3306370FE1F3EEFA48346D006301913042
:204F5000002F19203006485F82F1C61F26F0485F4841261FA6F0DA0137F0020EDA0137F06F
:204F7000010F9130002FD922300674203C019130002F392F3706370FE1F3EEFA9130002F98
:204F900019203406487F82F1C61F26F0487F4861261FA6F0DA0137F0020EDA0137F0010FEA
:204FB0009130002FD922340674203C019130002F392F0316370FE1F3EEFA9130002F19204F
:204FD0000016489F82F1C61F26F0489F4881261FA6F0DA0137F0010F9130002FD9220016B8
:204FF00074203C019130002F392F0F16370FE1F3EEFA9130002F19200C1648BF82F1C61FA7
:2050100026F048BF48A1261FA6F0DA0137F0010F9130002FD9220C1674209130002F1920C3
:20503000002648DF82F1C61F26F048DF48C1261FA6F09130002FD9220026742002A46D00E2
:20505000ED029100802F1920140248FF82F1C61F26F048FF82F1C61F26F048FF48E1261FA3
:20507000A60F02946D00E8009100802FD9221402742F02946D00AB02820C3C3702A46D00C8
:2050900003013C019130002F392F1406370FE1F26EFA9130002F39201C0653CC20F0C81258
:2050B0001022142F37F007F09130002FE92F1C0602A46D00B30253CC20F0C81210224C22B2
:2050D0006E0953CC20F0C8121022092288092D02000053CC20F0C8121022092402096D0043
:2050F0009100C21C370C68C014FF3FFCC9FF02A46D00CA00913000FF39FF1806B70F01F303
:20511000913000FFE9FF180602A46D00870202946D009200913000FF39FF2C4696089130BF
:2051300000FFE9FF2C46913000FF39FF304637BF81F1913000FFE9FF304602946D004702C6
:2051500002823C0100903B00288082096D001F02022A913000FF39F01006B70082029130CB
:2051700000FFE9F01006913000FF39F01206910000F7D9FF002054F13B005AF29B6F02F0E8
:205190004BF111229AF2370F68F037F005F0913000FFE9FF1206913000FF39FF10069604E2
:2051B000913000FFE9FF10063C05C2F8F68382193C0D913000FF39FF10066F1FF87F9130F5
:2051D00000FF39FF11066F0FF27F02A46D003400913000FF39FF2C469608913000FFE9FF8B
:2051F0002C46913000FF39FF30469608913000FFE9FF304602A46D00EA0102923C010090A4
:2052100002486DFF0BFD913000FF39FF3506160F4B0F41F14BF251F03C014B8F41F04B0FBC
:2052300071F185F110003C0185F01000A2103FF0FDFF00904DC0E1FF16073C0153CF20F0CE
:2052500060FF9130003F30F3D93F004654FF2E1B8F2420F0960154F0370070088F002100C5
:20527000A60F74FF86248F2440F154F0370070088F002100A60F74FF3C0154FF1601DF1FF8
:20529000FE7F0090913000FF19FF30366F1F12008F2420F09601913000FF19F03036370053
:2052B00070088F002100A60F913000FF59FF303686248F2440F1913000FF19F0303637008F
:2052D00070088F002100A60F913000FF59FF30363C01913000FF19FF30361601DF1FFB7F59
:2052F00000904DC0E1FF16073C01913000FFD9FF004653CF20F010FF54FF2E1B8F2420F049
:20531000960154F0370070088F002100A60F74FF8F2420F0960254F0370070088F0021001D
:20533000A60F74FF3C0154FF1601DF1FFE7F084F96082CF454FF2E1B8F2420F0960154F0C4
:20535000370070088F002100A60F74FF86248F3440F154F0370070088F002100A60F74FF4D
:205370003C0154FF6F0FFF7F0090913000FF19FF30366F1F12008F2420F09601913000FF09
:2053900019F03036370070088F002100A60F913000FF59FF30368F2420F09602913000FFE1
:2053B00019F03036370070088F002100A60F913000FF59FF30363C01913000FF19FF303661
:2053D0001601DF1FFB7F913000FF39FF34369608913000FFE9FF3436913000FF19FF3036DE
:2053F0006F1F12008F2420F09601913000FF19F03036370070088F002100A60F913000FFA0
:2054100059FF303686248F3440F1913000FF19F03036370070088F002100A60F913000FF1D
:2054300059FF30363C01913000FF19FF30366F0FFC7F00904DC0E1FF16073C01913000FF93
:20545000D9FF004653CF20F010FF54FF2E1B8F2420F0960154F0370070088F002100A60F8F
:2054700074FF8F2420F0960254F0370070088F002100A60F74FF3C0154FF1601DF1FFE7F61
:20549000084FB70F81F12CF454FF2E1B8F2420F0960154F0370070088F002100A60F74FF8C
:2054B00086248F3440F154F0370070088F002100A60F74FF3C0154FF6F0FFF7F0090913096
:2054D00000FF19FF30366F1F12008F2420F09601913000FF19F03036370070088F002100B7
:2054F000A60F913000FF59FF30368F2420F09602913000FF19F03036370070088F00210080
:20551000A60F913000FF59FF30363C01913000FF19FF30361601DF1FFB7F913000FF39FF46
:205530003436B70F81F1913000FFE9FF3436913000FF19FF30366F1F12008F2420F096016F
:20555000913000FF19F03036370070088F002100A60F913000FF59FF303686248F3440F1DC
:20557000913000FF19F03036370070088F002100A60F913000FF59FF30363C01913000FF5D
:2055900019FF30366F0FFC7F00904DC0E1FF16073C0153CF20F060FF9130003F30F3D93FE1
:2055B000004654FF370F6EF18FFF83213C013C010090913000FFD9FF303654FF370F6EF16B
:2055D0008FFF83213C013C0100904DC0E1FF16073C0153CF20F060FF9130003F30F3D93F6C
:2055F000004654FF2E1B8F2420F0960154F0370070088F002100A60F74FF86248F3440F1F6
:2056100054F0370070088F002100A60F74FF3C0154FF6F0FFF7F0090913000FF19FF303655
:205630006F1F12008F2420F09601913000FF19F03036370070088F002100A60F913000FF5D
:2056500059FF303686248F3440F1913000FF19F03036370070088F002100A60F913000FFDB
:2056700059FF30363C01913000FF19FF30366F0FFC7F0090F647094F40189601894F0018E4
:205690003C08DF140780094F40189604894F00180090F647094F7C089601894F3C083C0862
:2056B000DF140780094F7C089610894F3C08009082F282003C17911001F8D9FF3C5A53800E
:2056D00020F010FFD4FF7D4F0D80911001F8D9FF3C5A538020F010FF481F370F48203C0420
:2056F000C210BF10EAFF3C010090404C405F09C0380909C13C0914FFEE0C083F37F005007F
:20571000082F37F00504081F37F1011182183C0F14FF5E1C083F37F00508082F37F0050C55
:20573000081F37F1011382183C02820889C13C0989C0380940C46DFFBDFF09FFC8086E26E3
:20575000081FEE099140002FD9225028530226F010223C099140002FD9225028530226F0E8
:205770001022B04208A009FFC8081421370F68F037F108F0342F0C21370F81F12C210C23BE
:2057900096022C230C2196042C2108264CC4820102F009C32C0982020F20A0400F31A05087
:2057B0003C016DFF4DD43C0114FF534F20F010C28922300914F440C46DFF5EFF14F440C476
:2057D0006DFF69FF08264CC4820102F009C32C0982020F20A0400F31A0503C016DFF30D4C1
:2057F0003C0114FF534F20F010C2481F42F28922300902823C010090DA00344FDA002C4250
:20581000DA1F2C43DA002C4182FF6C41DA00AC44DA002C4A0090208049A4000A9100005772
:20583000D955E8A06DFFF5F63B90D0F3065F7802DA012CA4911001F8D9FF005AF80ADA107B
:2058500089AF2C08911001F8D9FF285AF80CDA8089AF3408910000F7D9FFE8A049F4100AC7
:2058700049A5000A6DFFC9F549A4041A910000F7D9FFE8A049F5100A6DFFA3F4DA01781243
:205890003BB02BF089AF2619BBF0FFFF9BFFFFF789AF2219DA0089AF2018DA0889AF111842
:2058B00009AF5218B70F01F089AF121809AF5218960289AF121809AF5C18B70F01F089AF66
:2058D0001C18DA0189AF2C18DA0389AF2D18910000F7D9FFE8A0D9F43C0149A5041A6DFF69
:2058F00038F149A4041A910000F7D9FFE8A049F5100A6DFF66F4DA0078123BA03AF089AFBD
:205910002619BBF0FFFF9BFFFFF789AF2219DA0189AF2018DA0889AF111809AF5218B70F16
:2059300001F089AF121809AF5218960289AF121809AF5C18B70F01F089AF1C18910000F711
:20595000D9FFE8A0D9F40C1149A5041A6DFF01F19140004FD944400B8244DA803B00085048
:20597000A6F56DFF4CF882046DFF36DA0090208049A4000A91000057D955E8A06DFF49F65A
:205990003B90D0F3065F7802DA002CA4911001F8D9FF2C4AF80ADA1089AF2C08911001F806
:2059B000D9FF145AF80CDA8089AF340891000047D944E8A0B04449A5000A6DFF1EF549A4EA
:2059D000041A91000057D955E8A0B0456DFFF9F382083C4353C820F0910000F7D9FF2000FA
:2059F00010FF09FFC008781253C820F0910000F7D9FF200010FF09FFC20889AF2619BBF080
:205A1000FFFF9BFFFFF789AF2219DA0189AF2018DA0889AF111809AF5218B70F01F089AFD6
:205A3000121809AF5218960289AF121809AF5C18B70F01F089AF1C18530821F0910000F7CD
:205A5000D9FFE8A010FF49F43C0A49A5041A6DFF80F0C21837086880911001F8D9FF4CBAE3
:205A700009FFC0083FF8B8FF49A4041A91000057D955E8A0B0456DFFA4F382083C4953C88D
:205A900020F0910000F7D9FF080010FF09FFC008781253C820F0910000F7D9FF080010FF73
:205AB00009FFC20889AF2619BBF0FFFF9BFFFFF789AF2219DA0089AF2018DA0889AF111854
:205AD00009AF5218B70F01F089AF121809AF5218960289AF121809AF5C18B70F01F089AF44
:205AF0001C18DA0189AF2C18DA0189AF2D18530821F0910000F7D9FFE8A010FFD9F4BC00C7
:205B100049A5041A6DFF25F0C21837086880911001F8D9FF4CBA09FFC0083FF8B2FF9140E6
:205B3000004FD944008A8234DA803B000850A6F56DFF65F79140004FD944008A8224DA8092
:205B50003B000850A6F56DFF5AF79140004FD944008A82443B0001506DFF51F782046DFF8B
:205B700057D90090205049A4000A9120005FD95500086DFF2BF7DA28ACA7DA0089AF10089B
:205B9000DA29ACA9DA0089AF1408DA2AACABDA0089AF1808DA2BACADDA0089AF1C089100BD
:205BB0000047D944E8A049A5000A6DFFECF56DFF34FE6DFFDEFE91000047D94474B06D0038
:205BD000F00391000047D9446CC06D00EA03009091000047D94404206DFFB6F8910000F7FC
:205BF000D9FFC4C26DFFDDF74B0271F16CF34DC0E1FF8F7F00413C01910000F7D9FFC4C28A
:205C10006DFF57F74B0271F16CF4910000F7D9FFC4C26DFF1BF84B0271F16CF16DFFFEF7D9
:205C3000913000FF39FF3506370F64F24B0F41F14BF251F03C01910000F7D9FFC4C24B0FFE
:205C500071F16CF2910000F7D9FFC4C26DFF3DF84B0271F16CF66DFFE1F7913000FF39FFA0
:205C70003506160F4B0F41F14BF251F03C01910000F7D9FFC4C24B0F71F16CF700904DC0CB
:205C9000E2FF370FE1F78B0F20823C010D00400300003C016DFF7FD6910000F7D9FFE4C228
:205CB0009100002FF4F291000047D944E4C2B0446DFFA4FD910000F7D9FFE4C291000027D4
:205CD000D9225CA0092068096820910000F7D9FFE4C2DA64ACF6910000F7D9FFE4C2DA00D5
:205CF0002CFE910000F7D9FFE4C2D4F491000057D955E4C2B0456DFFFAFC76830D00000380
:205D10000090404C0B451068821809C44009911001F8D9FFCCF909F040090B0410F10B1536
:205D300080F2EE03DA003C294DC0E2FF370FE1F78B0F20F23C010D00400300003C013C01F2
:205D500085F010008203020285F12C008200A620A6313C01911001F8D9FFCCF909F24009AC
:205D7000262026316E030D0000033C010B4050F10B5100F20B1590F23C016E4A820502645A
:205D9000538720F0910000F7D9FF5CA010FF09F640096DFF2FD1911001F8D9FFCCF909F0BA
:205DB00040090B0210F10B1380F2EE08911001F8D9FFCCF909F040093C274DC0E2FF370FE6
:205DD000E1F78B0F20F23C010D00400300003C013C0185F010008205020485F12C008200F2
:205DF000A640A6513C01911001F8D9FFCCF909F44009264026516E030D0000033C010B2036
:205E100040000B3150103C0189C04009820802823C010090B70408FC3704E80BB71F811B8D
:205E3000DA7F3FF00580DA967F0F0480820200908B6009F1325F0FF10010370170200090D1
:205E500091100148D944E05A1D0002008208404F8209820A820BC81CC82D483C09FF10019F
:205E7000DF1F238080CF160180D08F100001FE046E04C2FC04DF24CF76CF8F3C00018FEC87
:205E90001FF06E0902F140D2C2F16014442164C1FC4E90DD020CDF0CE07FC2FC60C204DFE4
:205EB00024CFFC2E3CD9DE2580CF2E03C2FC24C9DF0CD37F8F3C00F106EC76C5C2FC60C26C
:205ED00064CAFC2F6EC9C2FF60F224CBFC2F3CC48F0F1F00DF002E008F3F0001DF102B80C2
:205EF00080CF8F3F00D180DF1603FEDB76DB02D440C440D56D00530001CD00C601DD00D60B
:205F1000A2DC76CF8F3C00018FEC1FF06E0902F140D2C2F16014442164C1FC4E90DD020C66
:205F3000DF0C9B7F02C440C440D56D0038003C9400901603DF2F91FF80CF16036E0702F4DE
:205F500040C46D00150010CCA2FCDF0C867F8F3C004106EC76C5C2FC60C264C8FC2FDF04EE
:205F70007C7F40C46D0004001DFF77FF3BF00F00804F1603063F0FF0100082FFC6F0C2F4AC
:205F9000604F804FB70F02F060F2B014542F260F742F77000004FCF60090804F16033BF03A
:205FB0000F008F3F00100F10100082F1C610C2F4604F8041B7010220095101008F3F003013
:205FD000B0140F3110106022C21F542216032602A612742277000004FDF0ED7F00904DC0B4
:205FF000E2FFB70F8107CDC0E20F0D00C00485F2100085F32C00CDCFE20F0D00C0040090FA
:206010006DFFC9D40090910000F7D9FF5CA009F06809820702460B0110486DFFEBCF0B2388
:2060300010486DFF4DD50090911001F8D9FF286A54FF744F911001F8D9FF286A481F745F82
:2060500082123C0100902008DA0074AFDA00780149A4000A49A5040A6DFFE8FFDF120A8096
:2060700054AF60F48204580154A052056D00851B0090910000F7D9FFE0D209F264383C010C
:206090000090910000F7D9FFE0D2DA0034FF910000F7D9FFE0D2081F5E196DFFD6FF9100BF
:2060B00000F7D9FFE0D2DA002CF182046D006C008204A0043BF00F50A0056D006C00910036
:2060D00000F7D9FFE0D291000027D922FCC289F2B039910000F7D9FFE0D249F4343A820417
:2060F0003B4001506D00491B91000047D944FCC23BF00F403B4002506D003F1B0090024F51
:20611000404F02586DFFB7FFDF120200A0027DF2028002F440F402856DFF47E53702688074
:20613000DF1810808224A0043BF00F50A0056D003200910000F7D9FFE0D2DA012CF23C0762
:20615000910000F7D9FFE0D2DA002CF202823C010090910000F7D9FFE0D289F40C3991006F
:2061700000F7D9FFE0D289F51039910000F7D9FFE0D289F41439910000F7D9FFE0D289F55B
:2061900018390090910000F7D9FFE0D289F424380090910000F7D9FFE0D289F42538910016
:2061B00000F7D9FFE0D22835910000F7D9FFE0D289F5AC39910000F7D9FFE0D289F4A8390C
:2061D0000090911001F8D9FF141A54FF3FF40C80911001F8D9FF141A09FF14397FF4048081
:2061F00082123C0382023C01009082123C0100903C09144F1450C2F43E0352020090B0145F
:20621000B015DF04F8FF82020090DF043000404FBF842780804F8F3F000180518F310011EF
:206230005F101F802E06C2F4045F344F494F010A80FF2E16045F24FFC2E4045F24FF8F7455
:2062500000018FD41FF06E0B02F14052C2F160160922480189F24801FC6CD055020476460D
:20627000C2F46042045F24FFFC2E40420090404FBF852380804F2E05C2F53444494F010AAA
:2062900080FF2E1424F4C2E524F48F7500F106D5DF051200D200764A370468008F8020101C
:2062B000A6108F002110A6100201C2F5605289F04801FC2E02F57655C2F5605224F4FC2FDC
:2062D000404200903BD0E604910000F79B601C0419FF14303B900313030F0AF159FF14301E
:2062F000370F6F280090910000F759F414300090404F6DFF76FE0B23104891000027192F83
:2063100010301EF661FF41CF6DFFC0CE422FBCF274FF02F20090014530F4EE06015400F6F0
:20633000014F30F4EE0B3C06095F0008344FB015B014024FC2F4EEF93C0D3C0A014400F66A
:2063500001540026092F3FF889FF3FF8C2F4FF14F77F00903C033444B014025FC2F5EEFC38
:206370000090404F405C481FC21F82404B0F010254FF7E1440F46D001400481F53CF20F0B8
:2063900010F24924080A3BC0004040C56DFFC5FF481FC21F82404B0F010268110090DA00B2
:2063B0006C41DA00744F0090404F481F54F07E0382023C1554FF53CF20F010F24922080A5F
:2063D0003BC00040405440256DFFA7FF54FFC21F82404B0F010274F182123C0100900252FA
:2063F0003C010090DA003C1A104F14F0861037006800104F14F1911001F8D9FF54BA10FF05
:2064100014F2C621911001F8D9FF54BA10FF14F2C620105F420134F1C21FBF4FE7FF0090C8
:206430002008DA003C0D10AF1042142091100128D92258BA10221421C61034F0C21FBF4F95
:20645000F4FF0CA28FFF00010CA216F0A6F0345014AF160F8F4F20000CA116F086CFA6F0AA
:20647000895001080CA18F0F0F010CA316F086CFA6F08950020814AF160F8F4F20000CA3B7
:20649000160FA6F08950030800900249404F6D00650D02284DC0E1FF8F7F00413C016DFFF5
:2064B00008F34B0271F1C6F89130002F192F1016C6F891000027D9222813542F8F8F00F0C9
:2064D000C6F8DA003C1210F2538F20005708680034203BD0E6049B601C043B9003130308AB
:2064F0000A8182F02608C21F3F9FEFFF82123C01009082186DFFDECFDF120480DA0B3C0208
:20651000DA0A8F882020A6F23C0100900C5509504608DF30090014443B10035040546D00B4
:206530002C073C3D14408B000400895004082C5582208950820882003E0882103E0D82200A
:20655000BE028230BE073C1D910000F7D9FF3C30DA0034FF3C1D910000F7D9FF3C30DA01C2
:2065700034FF3C16910000F7D9FF3C30DA0234FF3C0F910000F7D9FF3C30DA0334FF3C0840
:2065900014443B20015040546D00F7063C01910000F7D9FF3C3014F46DFF4CD30090144F5A
:2065B0008B0F04F02C540C550950C208FF20098014443B30015040546D00DF063C1F5E1CC2
:2065D000DA012C55DA02AC51910000F7D9FF3440DA0134FF3C135E2CDA022C55DA02AC5185
:2065F000910000F7D9FF3440DA0234FF3C0714443B20025040546D00C0060090404C405FDE
:206610000858DA01BE8082205F80250082305F804B00DA81BE86DA825F8F4000DA835F8FFB
:206630004E003C5214C08B0004F02CF42858DA02ACF182146D009B0682146D00A7063C4B27
:2066500082146D00940682146D00A006DA00ACF13C4282346D00D000DF12090014C43B30BF
:20667000035040F46D0089063C3614CF8B0F04F02CF42858DA02ACF182246D007806BB50EF
:206690004AFA91300027F92FFCFD91000128D92246D689F29C293C1F82246D006806DA00D6
:2066B000ACF13C1914CF8B0F04F02CF42858DA02ACF182446D005B063C0E82446D005706E0
:2066D000DA00ACF13C0814C43B20015040F46D0054063C010090F6436D00980B0090F6468E
:2066F0006DFFE1CE02246DFFF2CE00900C5514408B000400895004082C5582003E0682108B
:206710003E0582303E0A3C103C16910001F8D9FF66B6895F9C293C0F910001F8D9FF46D69A
:20673000895F9C293C0814443B20015040546D0024063C010090F6436DFF2CCE00908F841A
:206750002080A658DA1B3FF805003BE00F203C1EFF8805803BC00F203C1902846D009B009D
:20677000F6243BD00F203C12538820F0911001F8D9FF141A10FF54F46DFF13E0370268F095
:206790006E0382023C0382123C010090DA0D344F91100128D922109A3C010090910000F726
:2067B000D9FF284009F2C4083C010090910000F7D9FF284009F2C6083C010090910000F70F
:2067D000D9FF284014FF5E1382123C0282023C010090910000F7D9FF2840081F26F4910028
:2067F00000F7D9FF2840081F7E4382123C0282023C010090910000F7D9FF2840082F264FD3
:206810007E4382123C0282023C010090910000F7D9FF284014FF26F4910000F7D9FF2840C7
:2068300014FF7E4382123C0282023C0100902008404C911001F8D9FF5CBA49FF000A49A2D8
:20685000000AA03404FF242FFC4EDF14098049AF000A405440F56DFFC7FD3C0CDF2409805F
:2068700049AF000A405440F56DFFDCFD3C0382023C10DA003C0A10CF14F010AF14F15F10B3
:20689000040082023C06C21FBF4FF7FF82123C01009002486DFF0ECEDF120B808202DA1755
:2068B0003FF80680DA1A3F8F038082123C098202BF880680DA163F8F038082123C010090FA
:2068D000404C405F8208820909FFC208FF2F098014C43B30015040F46D004F053C5D085F56
:2068F0008FFF0021085F16F08FCF3F307626FF5205807633BF53098014C43B10035040F43F
:206910006D003B053C4909F0C2089A2212317F10098014C43B30015040F46D002E053C3C7B
:2069300082003C0A8F88008001F000260C26A6F8C210370068003F20F7FF82003C0C8F8959
:2069500000909A20122101F100260C24A6F9C210370068003F30F5FF0B8910486DFF43DC78
:20697000762814C43B10035040F46D0006053C1414CF8B0F04F02CF4608282003C079A1015
:2069900010F4142F2C44B012C2103F90FAFF370970F0C21FACF100908200144F8B0F04F0B3
:2069B0002C540C558F8F20100C56A6F1095FC208FF3F098014443B30015040546D00DD04B0
:2069D0003C5E82023C4C53C220F0910000F7D9FF004010FF09FFC0085F1F3E8053C220F0FC
:2069F000910000F7D9FF004010FF08A053C220F0910000F7D9FF004010FF08BF7F0F0A807D
:206A100053C220F0910000F7D9FF004010FF08B0BB00F0FF261F868F2C558FF10FF12C5653
:206A3000DA003C14105F53C2201091000027D9220040012100260921060960F2012100265A
:206A500014212871C21F370F68F03F0FEDFF9A30AC513C15C21037006800C212BF22B5FFAD
:206A7000760814443B10035040546D0086043C0714443B20025040546D007F040090404C1F
:206A9000405D82180CD68FFF009116F08FCF1FA009D1C2089A3912A07F010980820814C4F7
:206AB0003B30015040D46D006804DF18868091000027D9221C408200742082003C1E91008E
:206AD0000027D9221C40910000F7D9FF1C4054FF8F8F00F0742F91000027D9221C409100C8
:206AF00000F7D9FF1C4054F101D000F6087FA6F17421C210370068003F90E3FF910000F7F2
:206B1000D9FF1C4091000027D9221C40542FB70F08FC7B00000AA60F74FF910000F7D9FFC8
:206B30001C4054FF7B000002A20F7B0001083F0F0A807B0002087F0F068082146DFF87CE1C
:206B50003C0482046DFF83CE6DFFB4CC022F6DFFAACC7E2814C43B20025040D46D000D04E6
:206B70008208910000F7D9FF1C40DA006CF282003C2191000027D9221C40910000F7D9FF39
:206B90001C40482F8F8F00F06C2291000027D9221C40910000F7D9FF1C4048229A301291D4
:206BB00001D100F6084FA6F289220809C210370068003FA0E0FF910000F7D9FF1C4054F41F
:206BD0006DFF01FBDF120B80910000F7D9FF1C4048246DFF0CFBDF120B00DF18098014C4D2
:206BF0003B10035040D46D00C8038208DF18228082146DFFC9FA910000F7D9FF1C4054F4AF
:206C1000910000F7D9FF1C4048256DFFA4FA14CF8B0F04F02CD4DA102CD5DA802CD6DA039C
:206C3000ACD1910000F7D9FF1840DA0174FF3C066DFF29FA82046DFFA7FA0090404C405FA2
:206C5000DA016DFF18FADF220900DA0014C43B40025040F46D0091035E1B82346DFF94FAE4
:206C700014CF8B0F04F02CF4DA01ACF13C036DFF0AFA0090910000F7D9FF2840911001282A
:206C9000D9224EBA092FC40891100128D9224EBA14204B0F0102A8200090404D405F085F94
:206CB00009F0C208FF200A8014D43B30015040F46D0063031D00F00182103E0982205F0FB6
:206CD000570182305F0FA8011D00DF016DFFF5DBF62914D43B20025040F46D004E031D0087
:206CF000DB0109FFC208FF4F0A8014D43B30015040F46D0042031D00CF01086F8F8F2000D2
:206D1000087FA6F0BBF0FFFD5F0FC700BB00F0FF5F0F4700BB10F0FF5F0FB800BBD0FFFFA2
:206D30003E031D001C0182346DFF66FDDF120A0014D43B30035040F46D001F031D001601AB
:206D500009FFC208FF4F0A8014D43B30015040F46D0013031D000A01910000C7D9CC2430A5
:206D70006DFFC9FBB4C2DA712CF4DA012CF5DAFF2CF6DAFD2CF791000027D9222430092FC2
:206D9000C008868F2CF891000027D9222430092FC00816FF2CF9DA06ACF11D00E70082742A
:206DB0006DFF2AFDDF120A0014D43B30035040F46D00E3021D00DA0009FFC208FF6F0A8048
:206DD00014D43B30015040F46D00D7021D00CE00910000C7D9CC2430088408956DFFB1FC07
:206DF000B4C291000027D92224300920C008DAFE7E0914D43B10035040F46D00BE021D00B2
:206E1000B50091000027D92224300920C008DAFC7E0914D43B30035040F46D00AE021D0044
:206E3000A50091000027D92224300920C008DAFD7E0914D43B40025040F46D009E021D0034
:206E5000950091000027D9222430092FC008EE0914D43B20075040F46D008F021D00860020
:206E7000DA712CF4DA012CF5088F8F8F2000089FA6F0288091000027D9222430092FC008DA
:206E90002CF9DA06ACF13C7114D43B20015040F46D0073023C6A82746DFFAEFCDF1209003D
:206EB00014D43B30035040F46D0067023C5E09FFC208FF8F098014D43B30015040F46D004A
:206ED0005C023C536DFFF6CA0228088F8F8F0100089F8F0F0110A61008AF8F8F0010A61002
:206EF00008BFA60FF6867B2000487BE000503C057B0001487B0001506DFFBECABE249100C4
:206F10000027D9222430DA00B42FDA712CF4DA012CF5DADF2CF6DAFF2CF7DA002CF8DA0513
:206F3000ACF13C237B10005002846DFFE2CB02846DFF74CC91000027D9222430DA01B42FD4
:206F5000DA712CF4DA012CF5DADF2CF6DAFF2CF7DA012CF8DA05ACF13C0814D43B20015090
:206F700040F46D000A023C011D00960091000027D9222030086F342F086FEE0914D43B20D6
:206F9000025040F46D00F9011D00860009FFC208FF3F098014D43B30015040F46D00ED0185
:206FB0003C7A0860DA90BE0FDAA03E023C3382746DFF22FCDF12090014D43B30035040F4EF
:206FD0006D00DB013C27DA712CF4DA022CF5DAA02CF6DA03ACF191000128D9226EB689F223
:206FF0009C293C18BB504AFA91300027F92FFCFD91300027D922FCFDDA712CF4DA022CF5CC
:20701000DA902CF60C212CF70C222CF8DA05ACF13C013C4191000027D9222030142FEE08C0
:2070300014D43B20025040F46D00A7013C34DA712CF4DA032CF591000027D9222430092F4A
:20705000C0088F8F3EF016FF2CF691000027D9222430092FC0088F0F3FF016FF2CF7910038
:207070000027D9222430092FC008868F16FF2CF891000027D9222430092FC00816FF2CF9FB
:20709000DA06ACF13C0814D43B20015040F46D0074013C010090024F6D004E127E28910053
:2070B00000F7D9FF2840DA012CF13C116D003C127E28910000F7D9FF2840DA022CF13C07DF
:2070D000910000F7D9FF2840DA002CF10090404C405F085F6DFF6CFB762914C43B70035077
:2070F00040F46D004A011D00120182103E0C82205F0F2B0082305F0F860082405F0FA300D4
:207110001D00FE0014CF8B0F04F02CF4824491000047D94418306DFFBAF9DF120E8049F4D5
:20713000060A91000057D955183082446D000313DA06ACF13C0714C43B50035040F46D0071
:207150001C011D00E40049F4060A91000057D955183082146DFF6DFBDF121A8014CF8B0FE4
:2071700004F02CF4DA02ACF191000047D9441830821482456D000113910000F7D9FF1C30AB
:20719000DA0034FF82346D0001013C3A91000027D9221C3091000047D9441C30144FC21FB3
:2071B000342F91000027D9221C30142F91100128D92268BA14203F0F1E8091000027D92260
:2071D00028403B0071F291100148D9444EBA14404B0F11028920860891000027D9221C3093
:2071F000DA00342F14C43B60035040F46D00C5003C0714C43B50035040F46D00BE001D00A1
:20721000860014CF8B0F04F02CF4824491000047D94418306DFF3BF9DF120E8049F4060AD8
:2072300091000057D955183082446D008412DA06ACF13C0714C43B50035040F46D009D0063
:207250003C6549F4060A91000057D955183082246DFFEFFADF121A8014CF8B0F04F02CF4BB
:20727000DA02ACF191000047D9441830821482456D008312910000F7D9FF1C30DA0034FF30
:2072900082746D0083003C3A91000027D9221C3091000047D9441C30144FC21F342F91000A
:2072B0000027D9221C30142F91100128D92268BA14203F0F1E8091000027D92228403B00B0
:2072D00071F291100148D9444EBA14404B0F11028920860891000027D9221C30DA00342FF8
:2072F00014C43B60035040F46D0047003C0714C43B50035040F46D0040003C0814C43B207F
:20731000015040F46D0039003C0100902018911001F8D9FF60BA49FF000A49A2000AA07446
:2073300004FF242FFC4EDA00ACA4DA00ACA53B80004049A4000A49A5080A49A60A0A6D00E6
:20735000E210DF12138009AFC808ACA649A40E0A49A5000A3B8000406DFFDFF749A40C0A90
:207370006DFFD3CC6D00E50D0090910000F7D9FF284034F40090DA7F2C4489440508894512
:207390000608DA03AC410090910000F7D9FF284028240090910000F7D9FF28409100002751
:2073B000D9222840092FC408A24FACF20090910000F7D9FF284091000027D9222840092F1C
:2073D000C608A24FACF30090095FC2081E2814443B30015040546DFFD0FF3C1F0C55820016
:2073F0003E053B0008003E0D3C1114408B000400895004082C55DA02AC516DFF3DFC3C0D4F
:20741000DA00AC516DFF38FC3C0814443B20015040546DFFB2FF3C010090404C405D82185C
:207430006DFF29F6DF120B00DF180980820814C43B40025040D46DFFA0FF0CD5910000274E
:20745000D92218405420BE04820814C43B40025040D46DFF92FF6DFF16F682046DFF94F65F
:2074700091000027D9221840820074203C1A910000F7D9FF184091000027D922184054204E
:20749000C21074F0910000F7D9FF184054F0DAFF7F0F0880910000F7D9FF1840DA0074FFB6
:2074B00009DFC208C2EF370F6890910000F7D9FF1C4054F449D4060A02956DFF22F6DF12DE
:2074D0000C00DF180A80820814C43B20025040D46DFF53FF3C17910000F7D9FF1C4091008E
:2074F0000027D9221C405420429074F091000027D9221C40910000F7D9FF1C40482FA29FD1
:207510006C22910000F7D9FF1C40482FEE0CDF180B80910000F7D9FF1840DA0074FF822473
:207530006DFF32F6DF18098014CF8B0F04F02CD4DA04ACD13C0C6DFFA6F582046DFF24F600
:20755000910000F7D9FF1840DA0074FF009020A88208911001F8D9FF306A49FF000A49A2EB
:20757000000AC504270044FF642FFC4E8209820089A0202849A4000A49A5020A49A6040A75
:207590006D00EA0FDF120D806DFF1AF9DF1204006DFF72FB09A4C0086DFF7FFD3C031D00F1
:2075B000850049A4202A6DFFF3F8402C09A044083C5B538820F010CF14F15F105380821904
:2075D000538820F010CF08246DFF05F9DF120B0009A444083B10015049A4000A6DFFCDFE7C
:2075F0003C4A538820F010CF08146DFF11F9DF120B0009A444083BF0075049A4000A6DFFBF
:20761000BCFE3C39538820F010CF08346DFFF4F8DF120B0009A444083B30035049A4000A23
:207630006DFFABFE3C28A00FF827A002538820F010CFC81F7DF20E00538820F010CFC81F72
:20765000538820F010C449A5000A2D0F00003C0809A44408824549A4000A6DFF8EFE3C0BED
:20767000C2183708688009AF60287FF80580A00F7DCFA1FFDF190A0009A444083B1001508B
:2076900049A4000A6DFF79FE09AFC2086E0E6D005B0FB4A209A4C00809A49C2909A5C20876
:2076B00049A5040A6D00031000906DFF79F8762482146DFF71FE6DFF7BF8762482146DFF4B
:2076D00078FE6DFF6DF8DF0211806DFF79F8DF120D0082146DFF4BFE82146DFF57FE6DFFF8
:2076F000D2F482046DFF50F50090404C405D820014CF8B0F04F02CD40CD58F8F20800CD650
:20771000A6F809DFC208FF4F0A8014C43B30015040D46DFF32FE1D00FC0082091D00E90043
:2077300053C920F091000027D92200401022092FC0085F8FDA8009D0C208C2D053C920F03F
:20775000910000F7D9FF004010FF08BF7F0F0A0014C43B30015040D46DFF0FFE1D00D900F4
:2077700053C920F0910000F7D9FF004010FF082FEE0914C43B20025040D46DFFFEFD1D00D3
:20779000C80053C920F0910000F7D9FF004010FF083FDF1F3B8053C920F0910000F7D9FFAA
:2077B000004010FF09F4060949D4070A09DFC208C2DF370F68506D00AD00F62914C43B2073
:2077D000075040D46DFFD9FD1D00A30053C920F0910000F7D9FF004010FF082F5E2A53C976
:2077F00020F0910000F7D9FF004010FFDA002CF253C920F0910000F7D9FF004010FF09DFFF
:20781000C208C2DF2CFA3C6553C920F0910000F7D9FF004010FF083FDF2F3A8053C920F010
:20783000910000F7D9FF004010FF09F4060949D4070A09DFC208C2DF370F68506D006A0027
:20785000F62814C43B20075040D46DFF96FD3C6053C920F0910000F7D9FF004010FF082FAF
:207870005E2A53C920F0910000F7D9FF004010FFDA002CF253C920F0910000F7D9FF0040D1
:2078900010FF09DFC208C2DF2CFA3C2382003C1153C920F0910000F7D9FF004010FF09FF3F
:2078B0000609600F10F201D000F6087F342FC21009DFC208C2DF3FF0ED7F53C920F091000A
:2078D00000F7D9FF004010FF09DFC208C2DF2CFABB00F0FF268F868F2CD58FF80FF12CD603
:2078F000DA03ACD13C15C21037006800C219BF2919FF760814C43B10035040D46DFF3DFDD3
:207910003C0714C43B20025040D46DFF36FD0090404F025840F402856DFF63F5F629DA00EB
:207930003C0510F282003420C21F3F8FFC7F3C010090A00F7D6F03803C23A00F7D5F05001A
:20795000A00F7D4F0580DA04346F3C1AA00FD4527D2F0680F454DA00346F3C12D45F3C07B0
:207970007DF40580DA05346F3C0BC84FA002C8457D52F8FFE844A00FEC44DA00346F009094
:2079900020080B451088404CA00FF4AFA00F7DCF04801D00A5003B004A00910000F7D9FFC3
:2079B0005C7009F1C008A210910000F7D9FF3C4001F000F680FF16038B48010042F0910085
:2079D00000F7D9FF5C7009F1C0087F010680DA0334CF1D00850049A4000A029440C56D00B3
:2079F0009B0014C0F604DA0534CF3C796E0D910000F7D9FF5C7091000027D9225C70092028
:207A1000C008A2F0B4F03B004AF0910000F7D9FF5C7009F0C008A20F910000F7D9FF3C4069
:207A300010FFF4AFD4AFB4F9D4AFA002E842D4AFA818D4AFDA00ACF2D4AFDA00ACF3D4A255
:207A50003B004AF0910000F7D9FF5C7009F0C008A20F910000F7D9FF3C4010FF49FF140AB2
:207A7000EC23D4AFDA002CF83B004AF0910000F7D9FF5C7009F0C008A20F910000F7D9FFF3
:207A90003C4010FF49FF140A3B004AF091000027D9225C700920C008A20F91000027D9229C
:207AB0003C401022012F20F080FF370F70F042F837087000910000F7D9FF5C7091000027D6
:207AD000D9225C70092FC008A20FB4FFD4A491000057D955384040C66DFF2DFF009020080F
:207AF000404CA00FF4AFA00F7DCF03803C1349A4000A40C56D00100014CF6E023C0BD4AF35
:207B1000DA002CF8D4AFD4A2092FC608ACF2DA0034CF0090A00F7D5F03803C1AA00F7D4F6E
:207B30000580DA04345F3C14910000F7D9FF3840D4FF3C0909FFC0087E45DA00345FF44FBC
:207B50003C07C84FA0027DF2F7FFDA02345F00902008404C405DA00FF4AFA00F7DDF038084
:207B70003C3BA00F7DCF0580DA0434DF3C3549A4000A40D56DFFD0FF14DF6E023C2DD4AF06
:207B9000088FDE1ED4AF09FFC408D4AF09F0C6087FF00E80D4AF09FFC208D4AF09F0C40807
:207BB000A20FD4AF09F0C608420F3C08D4AF09FFC608D4AF09F0C408A20FB4CF3C0BD4AF86
:207BD000088F5E26D4AF09FFC208B4CF3C03DA00B4CFDA0034DF00902008404C405DA00F89
:207BF000F4AFA00F7DDF03803C3BA00F7DCF0580DA0434DF3C3549A4000A40D56DFF8CFFE8
:207C100014DF6E023C2DD4AF088FDE1ED4AF09FFC408D4AF09F0C6087FF00A80D4AF09FF4D
:207C3000C408D4AF09F0C608A20F3C0CD4AF09FFC208D4AF09F0C408420FD4AF09F0C608ED
:207C5000A20FB4CF3C0BD4AF088FEE06D4AF09FFC208B4CF3C03DA00B4CFDA0034DF00909A
:207C700020080B451088404C405D406EA00FF4AFDA00ACA2A00F7DEF03803C61A00F7DCF5D
:207C90000600A00F7DDF0300F694DA0434EF3C5749A4040A028440E56DFF5CFF14EF6E02C2
:207CB0003C4E49A4000A028440E56DFF35FF14EF6E023C4509AFC4087FF903803C0309A984
:207CD000C40889A98408B4D982003C2501C00026D4AFC83FD4A4094FC40810FF14FF342F08
:207CF000D4AFD4A2092FC408C21FACF2D4AF09FFC408D4AF09F1C2083F1F0B80D4AFD4A278
:207D1000092FC408D4A20921C208A21FACF2C2103700700009AFC4083FF0DAFFD4AF09FFF6
:207D3000C608D4AF09F0C4087E05D4AFDA002CF83C04D4AFDA012CF8DA0034EF00902008A2
:207D50000248404C0259405DA00FF4AFDA00ACA2A00F7DDF03803C58A00F7DCF0580DA044B
:207D700034DF3C5249A4040A028440D56DFF36FF14DF6E023C4909AFC4087F9F0580DA032F
:207D900034DF3C4249A4000A028440D56DFFC4FE14DF6E023C3982003C25D4AFC83FD4A2C7
:207DB000092FC60810FF01C00026142F34FFD4AFD4A2092FC608C21FACF3D4AF09FFC60869
:207DD000D4AF09F1C2083F1F0B80D4AFD4A2092FC608D4A20921C208A21FACF3C210370091
:207DF00070003F90DCFFD4AF09FFC608D4AF09F0C4087E05D4AFDA022CF83C04D4AFDA0114
:207E10002CF8DA0034DF0090913000FF39FF20169602913000FFE9FF20163C013C003C0157
:207E30003C000090024F0B56108891000148D944F0976DFFF9C60BF8104802966D003809D2
:207E500000906D009D00DF1206806D00D20B6DFF2EFC6D0080096DFF7CFB6DFF59FA0090F9
:207E70000944C0083B800050B0246D00EB0800900D0000026D002D00910000F7D9FFE4C25F
:207E9000D4F4910000F7D9FFE4C208446DFFF4EB910000F7D9FFE4C2D4FD910000F7D9FF36
:207EB000E4C20848910000F7D9FFE4C24829534820F010DC534820F010DF48CF534820F052
:207ED00010DF48CF429F6CCC0D0040020080910000F7D9FF647054FFC21F370F70F06E1A0E
:207EF000910000F7D9FF647091000027D9226470542FC21F74FF910000F7D9FF647054FF59
:207F100082E03F0F0880910000F7D9FF6470DA0174FF910000F7D9FF607054FFC21F370FED
:207F300070F06E1A910000F7D9FF607091000027D9226070542FC21F74FF910000F7D9FF5F
:207F5000607054FF82E03F0F0880910000F7D9FF6470DA6474FF009085FF100085F02C000C
:207F70008200A60F3C01911001F8D9FFCCF909F040090F0F80203C013C0100908202910027
:207F900000F7D9FF647054FF6E0D8212910000F7D9FF647091000027D9226470542FC2FFCD
:207FB00074FF3C010090A00F91000027D9226C90D4227D2F0F00910000F7D9FF6C90D4FF33
:207FD0002D0F0000910000F7D9FF7490A002F4F26D000500DF120200009020088208DA00E8
:207FF00034AF3B40074049A4000A6DFF7AFD14AFEE02821802823C01009020100B4510883C
:20801000404CDA00ACA1F69382023C353B20054049A4020A49A5000A6DFFE0FD14AFEE078D
:2080300009AFC2088B8900007F0F048082023C2389A8840889A98608A00FF8023B200540DF
:2080500049A4040A3B80005049A5000A6DFF79FE14AF6E0382023C0F3B20054049A5000A94
:2080700040C402956DFF6DFE14AF6E0382023C0382123C0100902010404F405C406DDA0044
:20809000ACA13B40054049A4020A49A5000A6DFF61FD14AFEE0809AFC2086E0509AFC208D8
:2080B000FF8F048082023C353B4005403B80005049A4040A49A5020A49A6000A6DFFD2FDB5
:2080D00014AFEE0509A0C208DA083E0382023C213B40054009A5C60849A5020A49A6000A34
:2080F00040D46DFFBFFD14AFEE0609AFC60809A0C2083E0382023C0D09AFC408B4FF09AF87
:20811000C60834CF09A488096D006D0A82123C0100902008404F405C91000027D9221043A2
:20813000092FCC0834AF91000047D9442C1382043B400A506DFF10F191000047D9441043FC
:2081500082043B400A506DFF07F191000027D9225080DA00742FA0046D00450A14FFEE16D9
:20817000085F86CFEE03DA013C02DA005E14DA0134CF3C0B085F86CF5E13DA013C02DA0098
:208190005E14DA0234CF3C013C25910000F7D9FF104349F4080A49A5000A910000F7D9FF86
:2081B000104349F60E0A6DFF68FFDF121480910000F7D9FF104314AFACF614AFBF8F048000
:2081D000DA013C02DA005E14DA0634CF3C03DA0534CF82023C010090404C405D91000027F4
:2081F000D9222C13092FC408EE03DA013C02DA005E16DA0034DF82321D0021010CC46E03B8
:2082100014CF5E1482021D001A010CC586CFEE03DA013C02DA001E180CC586CF5E13DA018B
:208230003C02DA005E16DA0034DF82621D00070191000027D9222C13092FC80809C0C2081F
:208250003E053B9000201D00FA000CC586CF5E23DA013C02DA001E153B9000201D00EF0005
:20827000910000F7D9FF2C1314F00CC5160F7E03DA013C02DA001E1482421D00E00091005D
:2082900000F7D9FF2C1309F0CA080CC4C2FF42F0910000F7D9FF2C1309FFCC083FF0040084
:2082B000DA013C02DA00DF1F3880910000F7D9FF2C1309FFCA08910000F7D9FF2C1310FFDE
:2082D00049F40E0A49C5060A910000F7D9FF2C1309F4CC08910000F7D9FF2C1309FFCA0832
:2082F000A2F46D00280A910000F7D9FF2C1309F4C808910000F7D9FF2C1309F5CC089100CB
:2083100000F7D9FF2C1349F40E0A6DFF78FEDA0034DF1D009200910000F7D9FF687009FF2C
:20833000C8086E10910000F7D9FF2C13081F910000F7D9FF687009F0C8083F0F0480DA016B
:208350003C02DA00DF1F2280910000F7D9FF2C1391000027D9226870092FD2089100002761
:20837000D922687014204B0F0102A820910000F7D9FF508091000027D9222C13092FC4089B
:2083900074FFDA0734DF3C37910000F7D9FF2C1391000027D9222C13142FC21F34FF91007A
:2083B00000F7D9FF2C1314F0DA0F7F0F0880910000F7D9FF2C13DA0034FF910000F7D9FF90
:2083D0002C1391000027D9226870092FD60891000027D922687014204B0F0102A820910038
:2083F00000F7D9FF508091000027D9222C13092FC40874FF910000F7D9FF2C1309FFCA08EC
:20841000910000F7D9FF2C1310FF49F40E0A49C5060A0CC492F46D008E09910000F7D9FF71
:208430002C1391000027D9222C130920CA080CC4C2FF42F0A85082023C010090910000F76C
:20845000D9FF104309FFC408EE03DA013C02DA005E15DA00345F82323C6D0C446E03144FC8
:208470005E1382023C670C4586CF5E33DA013C02DA001E143B9000203C5D0C45160F5E267A
:20849000DA00345F3B8000203C55DF1F2180910000F7D9FF104391000027D9226870092FDE
:2084B000D00891000027D922687014204B0F0102A820910000F7D9FF508091000027D9220D
:2084D0001043092FC40874FF82023C34EE2B910000F7D9FF10430C462CF1910000F7D9FF33
:2084F0007C900C47B4FF910000F7D9FF104391000027D9226870092FD40891000027D92255
:20851000687014204B0F0102A820910000F7D9FF508091000027D9221043092FC40874FF6D
:208530003C05DA00345F82523C05DA08345F82023C0100902008404F405CDA0074AF084FFB
:208550006E0314FF5E143B9000203C67085F86CF5E13DA013C02DA001E143B9000203C5DB1
:20857000084440F4B05449A5000A6D005B07DF1205003B9000203C5191000027D9222C1340
:2085900009FFC208AC2491000027D9222C1354AFAC2691000027D9222C1391000047D9447B
:2085B0006870094FD20891000047D944687014404B0F01028920840891000027D92250806B
:2085D00091000047D9442C13094FC408742F91000027D9222C1349240E0A49F5070A084F73
:2085F00092E46D00A80891000027D9222C1391000047D9442C130940CA08084FC2EF42F05D
:2086100089208A08DA0734CFDA0134FFDA002CF4DA00ACF182023C0100902008404F405C08
:20863000DA00B4AF084F6E0314FF5E143B9000203C27085F86CFEE03DA013C02DA001E1480
:208650003B9000203C1D084440F4B05449A5000A6D000F07DF1205003B9000203C1109F49C
:20867000C20809A5C00849F4060A6DFFC8FCF6243B9000203C05DA0034CF82023C010090B9
:20869000910000F7D9FF649014FFDE17A00F91000027D9227090D4227D2F0F00910000F7D3
:2086B000D9FF7090D4FF2D0F0000910000F7D9FF7090A002F4F23C0F5E2E910000F7D9FFA4
:2086D0006490DA0034FF910000F7D9FF7090A002F4F23C0100902008405C911001F8D9FF9E
:2086F00069BA49FF000A49A2000AA07404FF242FFC4E910000F7D9FF104309FFC208EE03D6
:20871000DA013C02DA00EE0482021D00E600910000F7D9FF104309FFC408EE03DA013C024C
:20873000DA005E16DA0034CF82221D00D600822449A4000A6D00F805910000F7D9FF1043AD
:2087500014F014AF16F0A6F034A0910000F7D9FF104309FFCC08910000F7D9FF104309F097
:20877000CA08A20F370F68F082346D00F00591100148D944A8386D005A05BF7F488049A40A
:20879000010A910000F7D9FF104309FFCA08910000F7D9FF104310FF49F50E0A82746D00B6
:2087B000CA07910000F7D9FF6870C872910000F7D9FF104309F4C8083B80005049A4000AE4
:2087D00091100158D9556209910000F7D9FF687048662D020000DF120D0082246D00B70514
:2087F000A0046D002405DA0034CF3B9000203C74910000F7D9FF104391000027D9221043FE
:20881000092FCA08C27FACF53C4649A4010A910000F7D9FF104309F0CA08910000F7D9FF04
:20883000104301F000F649F50E0A02F46D0083079215910000F7D9FF6870C872910000F70A
:20885000D9FF104309F4C80849A4000A91100158D9556209910000F7D9FF687048662D0271
:208870000000DF120D0082246D007105A0046D00DE04DA0034CF3B9000203C2E910000F7B4
:20889000D9FF104391000027D92210430920CA0842F0A850910000F7D9FF10439100002707
:2088B000D9226870092FCC0891000027D922687014204B0F0102A820910000F7D9FF5080B5
:2088D00091000027D9221043092FC40874FFDA0934CF82023C010090910000F7D9FF104321
:2088F00009FFCA08910000F7D9FF104309F0CC083F0F0480DA013C02DA005E1C82046D00DC
:20891000EC05910000F7D9FF6890DA0034FF1D008E00910000F7D9FF104391000027D922E0
:208930007C90092FC00891000027D922687014204B0F0102A810910000F7D9FF1043081F6D
:208950006E36910000F7D9FF104391000027D92210430C21C2FF2CF1910000F7D9FF1043EC
:20897000081FEE25910000F7D9FF6890DA0334FF910000F7D9FF104391000027D922687007
:20899000092FD00891000027D922687014204B0F0102A820910000F7D9FF508091000027EB
:2089B000D9221043092FC40874FF3C40910000F7D9FF104391000027D9221043142FC21F89
:2089D00034FF910000F7D9FF104314F0DA0F7F0F0880910000F7D9FF1043DA0034FF91004D
:2089F00000F7D9FF104391000027D9226870092FD40891000027D922687014204B0F01028A
:208A1000A820910000F7D9FF508091000027D9221043092FC40874FF82146DFFF6EA91005E
:208A300000F7D9FF6890DA0834FF00902008405C911001F8D9FF69BA49FF000A49A2000A1A
:208A5000A07404FF242FFC4E910000F7D9FF2C1309FFC408EE03DA013C02DA001E14820245
:208A70001D00A200823449A4000A6D005D04910000F7D9FF2C1309F0CC08DA967F0F0780BB
:208A90000CA116F096022CA13C040CA116F02CA1910000F7D9FF687009FFC8082CA1910080
:208AB00000F7D9FF687009FFC8086E0C910000F7D9FF2C1391000027D9222C130C21C21F0E
:208AD0002CF1910000F7D9FF2C1391000027D9222C13142FC21F34FF910000F7D9FF2C13E2
:208AF00014F0DA0F7F0F0880910000F7D9FF2C13DA0034FF910000F7D9FF687009FFCA08A5
:208B10002CA2910000F7D9FF2C1391000027D9226870092FCE0891000027D9226870142080
:208B30004B0F0102A820910000F7D9FF508091000027D9222C13092FC40874FF82346D0044
:208B5000060491100148D944B6E86D007003910000F7D9FF6870C872910000F7D9FF6870CC
:208B700009F4C6083B80005049A4000A91100158D9556209910000F7D9FF687048662D0270
:208B90000000DF120680DA0934CF82023C0C82246D00DD03A0046D004A03DA0034CF3B90A3
:208BB00000203C010090910000F7D9FF2C1309F0CC08DA967F0F0980910000F7D9FF68906D
:208BD000DA0034FF3C24910000F7D9FF2C1391000027D9226870092FD60891000027D92225
:208BF000687014204B0F0102A820910000F7D9FF508091000027D9222C13092FC40874FF9B
:208C1000910000F7D9FF6890DA0434FF00902008405C911001F8D9FF69BA49FF000A49A2B5
:208C3000000AA07404FF242FFC4E910000F7D9FF104309FFCC08BF8F0480DA013C02DA0012
:208C50001E16DA0534CF3B8000203C78821449A4000A6D00690314AF16F034AF14AF9100F9
:208C700000F7D9FF104309F0CC088680A60F34AF0CA1910000F7D9FF104309F0CC08A60F75
:208C90002CA182346D00630391100148D944CC586D00CD0249A4020A910000F7D9FF10435B
:208CB00049F50E0A82646D004605910000F7D9FF6870C872910000F7D9FF104309F4C808BE
:208CD0003B80005049A4000A91100158D9556209910000F7D9FF687048662D020000DF12E9
:208CF0000D0082246D003303A0046D00A002DA0034CF3B9000203C22910000F7D9FF104382
:208D100091000027D9226870092FCC0891000027D922687014204B0F0102A820910000F740
:208D3000D9FF508091000027D9221043092FC40874FFDA0934CF82023C010090910000F73F
:208D5000D9FF104391000027D9221043092FCA08C26FACF5910000F7D9FF1043910000278B
:208D7000D9226870092FD00891000027D922687014204B0F0102A820910000F7D9FF5080EC
:208D900091000027D9221043092FC40874FF910000F7D9FF104391000027D9221043142F4A
:208DB000C21F34FF910000F7D9FF104314F0DA0F7F0F0880910000F7D9FF1043DA0034FF19
:208DD000910000F7D9FF6890DA0334FF00902008405C911001F8D9FF69BA49FF000A49A2F5
:208DF000000AA07404FF242FFC4E910000F7D9FF104309FFCC08BF8F0480DA013C02DA0051
:208E10005E17DA0634CF3B9000201D008700910000F7D9FF104309FFCC08EE03DA013C02C2
:208E3000DA005E16DA0034CF3B9000203C76820449A4000A6D00780214AF16F034AF14AF87
:208E5000910000F7D9FF104309F0CC08A60F34AF14AFC21F370F68F049A4010A910000F728
:208E7000D9FF104349F50E0A910000F7D9FF104309F4CC086D005F0482346D0068029110DF
:208E90000148D944EAC86D00D201910000F7D9FF6870C872910000F7D9FF104309F4C80878
:208EB00049A4000A91100158D9556209910000F7D9FF6870486602F52D020000DF120D000E
:208ED00082246D004402A0046D00B101DA0034CF3B9000203C22910000F7D9FF10439100FC
:208EF0000027D9226870092FCC0891000027D922687014204B0F0102A820910000F7D9FF18
:208F1000508091000027D9221043092FC40874FFDA0934CF82023C01009082046D00DD02EB
:208F3000910000F7D9FF6890DA0034FF0090A00F91000027D9227490D4227D2F0F00910084
:208F500000F7D9FF7490D4FF2D0F0000910000F7D9FF7490A002F4F20090405C910000F77F
:208F7000D9FF508054FFEE03DA013C02DA00DE1BA002910000F7D9FF6870C89F7DF2090050
:208F9000910000F7D9FF6870C89F2D0F000082246D00A30282246D00DA01A0046D004701E7
:208FB000DA0034CF82023C01009020100248404F405C82098200B4A03B40074049A4000AB4
:208FD00049A5020A6DFFC6F50CA2EE3809A0C008BF9035803B4007403B80005049A4040A4F
:208FF00049A5000A49A6020A6DFF3CF60CA2EE0609A0C008DA087E028219DF1920803B40AD
:20901000074049A5000A49A6020A028540F46DFF29F60CA2EE1309AFC008FE8009AFC6088D
:209030003FF80D80821909A2C40989C2C009910000F7D9FF7490580274FF02923C010090A3
:2090500020180B451088404FDA00B4AF824ABF9903803C2C3B20074049A4000A49A5020A72
:209070006DFFBCF50CA2EE229A4909A0C0083FF01E0089A8860889A984083B20074049A458
:20909000040A49A5020A02A56DFF5BF60CA26E023C0D3B20074009A5C40849A5020A40F4A3
:2090B0006DFF4FF60CA26E023C0100902008910000F7D9FF6870A814910000F7D9FF6870B0
:2090D000A825910000F7D9FF6870A8363B6009403B20055049A4000A6DFF54F414AF6E032A
:2090F0003C013C003B6009403B40055049A4000A6DFF48F414AF6E033C013C003BC012409A
:209110003B20075049A4000A6DFF3CF414AF6E033C013C003BC012403B40075049A4000A37
:209130006DFF30F414AF6E033C013C0000908202910000F7D9FF687009FFC2083E489100AD
:2091500000F7D9FF687009FFC4087E4282123C01009020108208911001F8D9FF38AA49FF0D
:20917000000A49A2000AA03444FF642FFC4E8209910000F7D9FF689014F0DA09BE089100CB
:2091900000F7D9FF6870C88F49A4020A49A5040A49A6050A2D0F0000DF120A8009A4C208A0
:2091B0006DFFC7FFDF120480820034A03C3A910000F7D9FF689014F0538820F0910000F75D
:2091D000D9FF548010FF14F15F101E80A002538820F0910000F7D9FF548010FFC81F7DF28C
:2091F0001300538820F0910000F7D9FF548010FFC81F49A4000A91000057D95568902D0FF6
:2092100000000229DF690D007697910000F7D9FF6890DA0034FFC218370868803C02820883
:20923000BFA8C7FF6DFF2EFA0090910000F7D9FF7090F4F400902008404C405D406EDA001C
:20925000B4AFDA00ACA182483B20074049A4000A49A5040A6DFF7EF40CA4EE5D09AFC008BC
:209270003F8F5A803B20074091000047D94440A049A5020A49A6040A02856DFFF3F40CA43E
:20929000EE4909AFC0083F8F46803B200740910000F7D9FF40A009F5C00891000047D944D6
:2092B00040A0B04449A5000A49A6040A6DFFDAF4910000F7D9FF40A009F4C2086DFF39FFF0
:2092D000DF12040082023C2E910000F7D9FF40A009FFC208B4CF910000F7D9FF40A009FFBE
:2092F000C00834DFDA003C0C10E2910000F7D9FF40A010FF08403420C21F370F68F0910074
:2093100000F7D9FF40A009F0C0083F0FEFFF82123C093C0609AFC008EE030CA46E01820262
:209330003C0100907647DF140600DF340400DF240B80144F160F344F144F8644A64F344F45
:2093500082123C0382023C010090910000F7D9FF649034F4009020180248025A404C405DC6
:20937000DA00B4AF911001F8D9FF69BA49FF000A49A2030AA07404FF242FFC4E3B00019041
:20939000BF9A048082023C453B40074049A4000A49A5020A6DFF22F40CA2EE3909AFC00851
:2093B0003F9F368089A88C08DA08ACA780DF780449A4030A40C502A46D00BD013B400740A2
:2093D00049A40C0A3B80005049A5020A6DFFB9F40CA26E093B40074049A4020A6DFF81F39C
:2093F00082023C173B40074049A4030A3B80005049A5020A6DFFA5F40CA26E093B400740D9
:2094100049A4020A6DFF6DF382023C0382123C010090910000F7D9FF6490DA0134FF009061
:20943000BF840980144F86CF5E13DA013C02DA001E1382023C1C144F160F8F8F20000C4114
:20945000A6F0F60C82013C088F800000014100F6082FA6F0C211BF41F9FFFF800480820237
:209470003C028212DF12038074503C0100908202BF240980144F86CFEE03DA013C02DA0079
:209490001E1382023C28FF941180144F160FFF8F0C806E0A82107605C2F40BF450213C04F2
:2094B000C2E40BF450213C13144F160FEE100C413BE003003FF00C806E0A82107605C2F450
:2094D0000BF450213C04C2E40BF45021DF120380B45F3C010090A00F91000027D9227890F8
:2094F000D4227D2F0F00910000F7D9FF7890D4FF2D0F0000910000F7D9FF7890A002F4F244
:2095100000902008405F406C49A5000A6DFF4FFDDF12088009AFC008B4FF09AFC208B4CFD7
:209530003C010090910000F7D9FF687009F2C2083C010090910000F7D9FF687009F2C40885
:209550003C010090910000F7D9FF687009F2C6083C0100902010404F405C406DDA00ACA131
:209570003B20054049A4020A49A5000A6DFFF2F214AFEE0509AFC208FF8F048082023C31BF
:209590003B2005403B80005049A4040A49A5020A49A6000A6DFF66F314AFEE0509A0C20834
:2095B000DA083E0382023C1D3B20054009A5C60849A5020A49A6000A40D46DFF53F314AF03
:2095D000EE0609AFC60809A0C2083E0382023C0909AFC408B4FF09AFC608B4CF82123C0173
:2095F0000090910000F7D9FF7890F4F40090910000F7D9FF2C1309FFC2086E0D910000F777
:20961000D9FF2C1391000027D9222C13092FC208C2FFACF1910000F7D9FF2C1309FFC4085E
:209630006E0D910000F7D9FF2C1391000027D9222C13092FC408C2FFACF2910000F7D9FF4B
:20965000104309FFC2086E0D910000F7D9FF104391000027D9221043092FC208C2FFACF141
:20967000910000F7D9FF104309FFC4086E0D910000F7D9FF104391000027D9221043092FE7
:20969000C408C2FFACF2910000F7D9FF508054FF6E0C910000F7D9FF508091000027D922AF
:2096B0005080542FC2FF74FF009020100B451088405FDA00ACA18B8900A089A8840889A902
:2096D000860889A488096DFF3FFF5F28040082023C30F69382023C2D3B40054049A4020ADA
:2096F00049A5000A6DFF7AF214AFEE0509AFC2087FAF048082023C1D3B40054049A4040A08
:209710003B80005049A5000A6DFF1BF314AF6E0382023C0F3B40054049A5000A40F4029536
:209730006DFF0FF314AF6E0382023C0382123C010090404F014530F4EE06015400260142A8
:2097500030F4EE0B3C06095F000834FFB015B01F024FC2F4EEF93C0D3C0A014400F6015456
:209770000026092F3FF889FF3FF8C2F4FF14F7FF40423C010090404F3C0334F4B01F025F51
:0A979000C2F5EEFC40423C010090DF
:20979C000000000000000000000000000000000000000000000000000000000000000000AD
:2097BC0000000000000000000000000000000000000000000000000000000000000000008D
:2097DC0000000000000000000000000000000000000000000000000000000000000000006D
:2097FC0000000000000000000000000000000000000000000000000000000000000000004D
:20981C0000000000000000000000000000000000000000000000000000000000000000002C
:20983C0000000000000000000000000000000000000000000000000000000000000000000C
:20985C000000000000000000000000000000000000000000000000000000000000000000EC
:20987C000000000000000000000000000000000000000000000000000000000000000000CC
:20989C000000000000000000000000000000000000000000000000000000000000000000AC
:2098BC0000000000000000000000000000000000000000000000000000000000000000008C
:2098DC0000000000000000000000000000000000000000000000000000000000000000006C
:2098FC0000000000000000000000000000000000000000000000000000000000000000004C
:20991C0000000000000000000000000000000000000000000000000000000000000000002B
:20993C0000000000000000000000000000000000000000000000000000000000000000000B
:20995C000000000000000000000000000000000000000000000000000000000000000000EB
:20997C000000000000000000000000000000000000000000000000000000000000000000CB
:20999C000000000000000000000000000000000000000000000000000000000000000000AB
:2099BC0000000000000000000000000000000000000000000000000000000000000000008B
:2099DC0000000000000000000000000000000000000000000000000000000000000000006B
:2099FC0000000000000000000000000000000000000000000000000000000000000000004B
:209A1C0000000000000000000000000000000000000000000000000000000000000000002A
:209A3C0000000000000000000000000000000000000000000000000000000000000000000A
:209A5C000000000000000000000000000000000000000000000000000000000000000000EA
:209A7C000000000000000000000000000000000000000000000000000000000000000000CA
:209A9C000000000000000000000000000000000000000000000000000000000000000000AA
:209ABC0000000000000000000000000000000000000000000000000000000000000000008A
:209ADC0000000000000000000000000000000000000000000000000000000000000000006A
:209AFC0000000000000000000000000000000000000000000000000000000000000000004A
:209B1C00000000000000000000000000000000000000000000000000000000000000000029
:209B3C00000000000000000000000000000000000000000000000000000000000000000009
:209B5C000000000000000000000000000000000000000000000000000000000000000000E9
:209B7C000000000000000000000000000000000000000000000000000000000000000000C9
:209B9C000000000000000000000000000000000000000000000000000000000000000000A9
:209BBC00000000000000000000000000000000000000000000000000000000000000000089
:209BDC00000000000000000000000000000000000000000000000000000000000000000069
:209BFC00000000000000000000000000000000000000000000000000000000000000000049
:209C1C00000000000000000000000000000000000000000000000000000000000000000028
:209C3C00000000000000000000000000000000000000000000000000000000000000000008
:209C5C000000000000000000000000000000000000000000000000000000000000000000E8
:209C7C000000000000000000000000000000000000000000000000000000000000000000C8
:209C9C000000000000000000000000000000000000000000000000000000000000000000A8
:209CBC00000000000000000000000000000000000000000000000000000000000000000088
:209CDC00000000000000000000000000000000000000000000000000000000000000000068
:209CFC00000000000000000000000000000000000000000000000000000000000000000048
:209D1C00000000000000000000000000000000000000000000000000000000000000000027
:209D3C00000000000000000000000000000000000000000000000000000000000000000007
:209D5C000000000000000000000000000000000000000000000000000000000000000000E7
:209D7C000000000000000000000000000000000000000000000000000000000000000000C7
:209D9C000000000000000000000000000000000000000000000000000000000000000000A7
:209DBC00000000000000000000000000000000000000000000000000000000000000000087
:209DDC00000000000000000000000000000000000000000000000000000000000000000067
:209DFC00000000000000000000000000000000000000000000000000000000000000000047
:209E1C00000000000000000000000000000000000000000000000000000000000000000026
:209E3C00000000000000000000000000000000000000000000000000000000000000000006
:209E5C000000000000000000000000000000000000000000000000000000000000000000E6
:209E7C000000000000000000000000000000000000000000000000000000000000000000C6
:209E9C000000000000000000000000000000000000000000000000000000000000000000A6
:209EBC00000000000000000000000000000000000000000000000000000000000000000086
:209EDC00000000000000000000000000000000000000000000000000000000000000000066
:209EFC00000000000000000000000000000000000000000000000000000000000000000046
:209F1C00000000000000000000000000000000000000000000000000000000000000000025
:209F3C00000000000000000000000000000000000000000000000000000000000000000005
:209F5C00000000000000000000000000000000000000028000040000008002800004000059
:209F7C000000038000040000008003800004000000000480000400000080048000040000A7
:209F9C000000058000040000008005800004000000000680000800000000078000080000F6
:209FBC0000000880000800000000098000080000FFFFFFFFFFFFFF7F000000AFFF1F00AF70
:209FDC00002000AFFF3F00AF004000AFFF5F00AF006000AFFF7F00AF008000AFFF9F00AFF5
:209FFC0000A000AFFFBF00AF00C000AFFFDF00AF00E000AFFFFF00AF000001AFFF1F01AFD3
:20A01C00002001AFFF3F01AF004001AFFF5F01AF006001AFFF7F01AF008001AFFF9F01AFAC
:20A03C0000A001AFFFBF01AF00C001AFFFDF01AF00E001AFFFFF01AF000000A0FF3F00A08C
:20A05C00004000A0FF7F00A0008000A0FFBF00A000C000A0FFFF00A0000001A0FF3F01A0EA
:20A07C00004001A0FF7F01A0008001A0FFBF01A000C001A0FFFF01A0000002A0FF7F02A082
:20A09C00008002A0FFFF02A0000003A0FF7F03A0008003A0FFFF03A0000004A0FF7F04A094
:20A0BC00008004A0FFFF04A0000005A0FF7F05A0008005A0FFFF05A0000006A0FFFF06A0E4
:20A0DC00000007A0FFFF07A0000008A0FFFF08A0000009A0FFFF09A000000AA0FFFF0BA027
:20A0FC0000000CA0FFFF0DA000000EA0FFFF0FA0000010A0FFFF13A0000014A0FFFF17A0C8
:20A11C00000018A0FFFF1BA000001CA0FFFF1FA0008001F00000000000A203F00100000032
:20A13C0000000000008001F00100000000B403F00100000001000000008001F00000000077
:20A15C0000A203F000000000A8000000008001F00100000000B403F000000000A8000000E5
:20A17C00000000F000000000040017B7D138000000000000030017B7D1380000000000001E
:20A19C00020017B7D1380000000000001080FF1F1088FF1F00000000000000000000000066
:20A1BC00000000000000000000000000000000000000000000000000000000000000000083
:20A1DC00000000000000000000000000000000000000000000000000000000000000000063
:20A1FC00000000000000000000000000000000000000000000000000000000000000000043
:20A21C00000000000000000000000000000000000000000000000000000000000000000022
:20A23C000000000000000000000000000000000000000000100703010C66108011050301CB
:20A25C00FC66108027050101DE701080280703031C65108022070301A869108023050301A4
:20A27C00D06810802E060103FA76108031070103AA6C1080340203078E6A108036020307D6
:20A29C002A741080370203074C6C108085070303AE6510803E070301D8731080010000008F
:20A2BC000000000000000000000000000C00000000000000963007772C610EEEBA510999FC
:20A2DC0019C46D078FF46A7035A563E9A395649E3288DB0EA4B8DC791EE9D5E088D9D2977A
:20A2FC002B4CB609BD7CB17E072DB8E7911DBF906410B71DF220B06A4871B9F3DE41BE849A
:20A31C007DD4DA1AEBE4DD6D51B5D4F4C785D38356986C13C0A86B647AF962FDECC9658A39
:20A33C004F5C0114D96C0663633D0FFAF50D088DC8206E3B5E10694CE44160D5727167A259
:20A35C00D1E4033C47D4044BFD850DD26BB50AA5FAA8B5356C98B242D6C9BBDB40F9BCACF9
:20A37C00E36CD832755CDF45CF0DD6DC593DD1ABAC30D9263A00DE518051D7C81661D0BF19
:20A39C00B5F4B42123C4B3569995BACF0FA5BDB89EB802280888055FB2D90CC624E90BB1B9
:20A3BC00877C6F2F114C6858AB1D61C13D2D66B69041DC760671DB01BC20D2982A10D5EF99
:20A3DC008985B1711FB5B606A5E4BF9F33D4B8E8A2C9077834F9000F8EA8099618980EE179
:20A3FC00BB0D6A7F2D3D6D08976C6491015C63E6F4516B6B62616C1CD83065854E0062F219
:20A41C00ED95066C7BA5011BC1F4088257C40FF5C6D9B06550E9B712EAB8BE8B7C88B9FC38
:20A43C00DF1DDD62492DDA15F37CD38C654CD4FB5861B24DCE51B53A7400BCA3E230BBD4D8
:20A45C0041A5DF4AD795D83D6DC4D1A4FBF4D6D36AE96943FCD96E34468867ADD0B860DAF8
:20A47C00732D0444E51D03335F4C0AAAC97C0DDD3C710550AA41022710100BBE86200CC998
:20A49C0025B56857B3856F2009D466B99FE461CE0EF9DE5E98C9D9292298D0B0B4A8D7C7B8
:20A4BC00173DB359810DB42E3B5CBDB7AD6CBAC02083B8EDB6B3BF9A0CE2B6039AD2B174D0
:20A4DC003947D5EAAF77D29D1526DB048316DC73120B63E3843B64943E6A6D0DA85A6A7A68
:20A4FC000BCF0EE49DFF099327AE000AB19E077D44930FF0D2A3088768F2011EFEC2066908
:20A51C005D5762F7CB67658071366C19E7066B6E761BD4FEE02BD3895A7ADA10CC4ADD6727
:20A53C006FDFB9F9F9EFBE8E43BEB717D58EB060E8A3D6D67E93D1A1C4C2D83852F2DF4FC7
:20A55C00F167BBD16757BCA6DD06B53F4B36B248DA2B0DD84C1B0AAFF64A0336607A0441E7
:20A57C00C3EF60DF55DF67A8EF8E6E3179BE69468CB361CB1A8366BCA0D26F2536E2685287
:20A59C0095770CCC03470BBBB91602222F260555BE3BBAC5280BBDB2925AB42B046AB35CA7
:20A5BC00A7FFD7C231CFD0B58B9ED92C1DAEDE5BB0C2649B26F263EC9CA36A750A936D0287
:20A5DC00A906099C3F360EEB8567077213570005824ABF95147AB8E2AE2BB17B381BB60C67
:20A5FC009B8ED2920DBED5E5B7EFDC7C21DFDB0BD4D2D38642E2D4F1F8B3DD686E83DA1F87
:20A61C00CD16BE815B26B9F6E177B06F7747B718E65A0888706A0FFFCA3B06665C0B011126
:20A63C00FF9E658F69AE62F8D3FF6B6145CF6C1678E20AA0EED20DD75483044EC2B3033946
:20A65C00612667A7F71660D04D476949DB776E3E4A6AD1AEDC5AD6D9660BDF40F03BD837E6
:20A67C0053AEBCA9C59EBBDE7FCFB247E9FFB5301CF2BDBD8AC2BACA3093B353A6A3B42406
:20A69C000536D0BA9306D7CD2957DE54BF67D9232E7A66B3B84A61C4021B685D942B6F2AA6
:20A6BC0037BE0BB4A18E0CC31BDF055A8DEF022D0200010310278813A9C6139199CD43959F
:15A6DC0000000000AA00000000000000030000000000000000BC
:20A6F4001400DF07000000000000000015004C0700000000000000000A005C070000000077
:20A71400000000000B002301000000000000000000000000000000000300000084A110803E
:20A73400013B050017B7513910011202F00F3F0312221402FFFFFF0F020000000F0000009F
:20A75400010000000F000000000000003F000000D5140000FF7F0000002D310100E1F505F5
:20A77400000000005AF10100000030010070040490F101000100E8000070101000000000D5
:20A794000000000000000000010001000000000000000000010000000000000000000100A1
:20A7B400190019004B00000019009600320000006693108046921080B67F10800000000071
:20A7D40022811080010000002A8610800200000044851080070000003C8A10800400000035
:20A7F400E881108005000000DE8D1080060000001E8C1080030000004C84108008000000A1
:20A81400E6861080090000006A8F1080000000000000000000000000000000000000000096
:20A83400000000000000000000000000000000000000000000000000000000000000000004
:20A8540000000000002D3101FFFFFFFF0100000000000000000000000000A00400000000E4
:20A874000000000000000000000000000000010000000000000000000000000000000000C3
:20A8940000000000000000000000000000000000000000000057304C30303034334D423516
:20A8B400343133323600000100000000000000000000000000000000000000000000000083
:20A8D400000000000000000000000000000000000000000000000000000000000000000064
:20A8F400000000000000000000000000000000000000000000000000000000000000000044
:20A91400000000000000000000000000000000000000000000000000000000000000000023
:20A93400000000000000000000000000000000000000000000000000000000000000000003
:20A954000000000000000000000000000000000000000000000000000000000000000000E3
:20A974000000000000000000000000000000000000000000000000000000000000000000C3
:20A994000000000000000000000000000000000000000000000000000000000000000000A3
:20A9B400000000000000000000000000000000000000000000000000000000000000000083
:20A9D400000000000000000000000000000000000000000000000000000000000000000063
:20A9F400000000000000000000000000000000000000000000000000000000000000000043
:20AA1400000000000000000000000000000000000000000000000000000000000000000022
:20AA3400000000000000000000000000000000000000000000000000000000000000000002
:20AA54000000000000000000000000000000000000000000000000000000000000000000E2
:20AA74000000000000000000000000000000000000000000000000000000000000000000C2
:20AA94000000000000000000000000000000000000000000000000000000000000000000A2
:20AAB400000000000000000000000000000000000000000000000000000000000000000082
:20AAD400000000000000000000000000000000000000000000000000000000000000000062
:20AAF400000000000000000000000000000000000000000000000000000000000000000042
:20AB1400000000000000000000000000000000000000000000000000000000000000000021
:20AB3400000000000000000000000000000000000000000000000000000000000000000001
:20AB54000000000000000000000000000000000000000000000000000000000000000000E1
:20AB74000000000000000000000000000000000000000000000000000000000000000000C1
:20AB94000000000000000000000000000000000000000000000000000000000000000000A1
:20ABB400000000000000000000000000000000000000000000000000000000000000000081
:20ABD400000000000000000000000000000000000000000000000000000000000000000061
:20ABF400000000000000000000000000000000000000000000000000000000000000000041
:20AC1400000000000000000000000000000000000000000000000000000000000000000020
:20AC3400000000000000000000000000000000000000000000000000000000000000000000
:20AC54000000000000000000000000000000000000000000000000000000000000000000E0
:20AC74000000000000000000000000000000000000000000000000000000000000000000C0
:20AC94000000000000000000000000000000000000000000000000000000000000000000A0
:20ACB400000000000000000000000000000000000000000000000000000000000000000080
:20ACD400000000000000000000000000000000000000000000000000000000000000000060
:20ACF400000000000000000000000000000000000000000000000000000000000000000040
:20AD140000000000000000000000000000000000000000000000000000000000000000001F
:20AD34000000000000000000000000000000000000000000000000000000000000000000FF
:0AAD540000000000000000000000F5
:20AD600001000000000000707EA8108001000000010000000400007044A8108004000000B6
:20AD80000100000008000070F4A610803800000001000000400000707FA81080010000006F
:20ADA000010000004400007080A8108001000000010000004800007081A8108001000000B2
:20ADC000010000004C00007082A8108001000000010000005000007048A8108008000000B2
:20ADE000010000005800007083A8108020000000010000007800007050A810800C00000032
:20AE000001000000840000702CA710804C00000001000000D00000705CA8108008000000B1
:20AE200001000000D8000070A3A810800500000001000000E0000070A8A8108001000000B7
:20AE400001000000E400007064A810800200000001000000E8000070A9A8108011000000B4
:20AE600001000000FC000070BAA8108001000000010000000001007078A710801800000039
:20AE8000010000001801007066A8108004000000010000001C01007090A71080140000001D
:20AEA00001000000300100706AA81080040000000100000034010070BBA8108001000000B0
:20AEC0000100000038010070A4A7108004000000010000003C010070BCA81080A0040000A3
:20AEE00001000000DC0500706EA810800200000001000000E005007070A810800800000052
:20AF000001000000E8050070A8A7108028000000010000001006007078A810800400000091
:20AF20000100000014060070D0A710805000000001000000640600705CAD108001000000BA
:20AF400001000000680600705DAD108001000000010000006C06007020A81080100000002C
:20AF6000010000007C0600707CA8108002000000010000008006007030A8108014000000B5
:20AF800002000000940600700000000006000000020000009C06007000000000CA000000C1
:20AFA000020000006807007000000000FD06000002000000680E0070000000004C23000056
:10AFC0000000000000000000000000000000000081
:02000004801763
:0A050000910001E8D9EEF6B0DC0E20
:0A054000910001E8D9EEECE0DC0EBA
:0A0C8000910001E8D9EEC0A7DC0ED8
:20800000910001F8D9FF14930D00000202F4DC0F0000000000000000000000000000000067
:20802000910001F8D9FF10830D00000202F4DC0F000000000000000000000000000000005B
:20804000910001F8D9FF0C730D00000202F4DC0F000000000000000000000000000000004F
:20806000910001F8D9FF08630D00000202F4DC0F0000000000000000000000000000000043
:20808000910001F8D9FF04530D00000202F4DC0F0000000000000000000000000000000037
:2080A000910001F8D9FF00430D00000202F4DC0F000000000000000000000000000000002B
:2080C000910001F8D9FF1AB30D00000202F4DC0F0000000000000000000000000000000081
:1280E000910001F8D9FF18A30D00000202F4DC0F0090F1
:040000058010002047
:00000001FF
